location,size,total_sqft,bath,price
Electronic City Phase II,2 BHK,1056.0,2.0,39.07
Chikka Tirupathi,4 Bedroom,2600.0,5.0,120.0
Uttarahalli,3 BHK,1440.0,2.0,62.0
Lingadheeranahalli,3 BHK,1521.0,3.0,95.0
Kothanur,2 BHK,1200.0,2.0,51.0
Whitefield,2 BHK,1170.0,2.0,38.0
Old Airport Road,4 BHK,2732.0,4.0,204.0
Rajaji Nagar,4 BHK,3300.0,4.0,600.0
Marathahalli,3 BHK,1310.0,3.0,63.25
Gandhi Bazar,6 Bedroom,1020.0,6.0,370.0
Whitefield,3 BHK,1800.0,2.0,70.0
Whitefield,4 Bedroom,2785.0,5.0,295.0
7th Phase JP Nagar,2 BHK,1000.0,2.0,38.0
Gottigere,2 BHK,1100.0,2.0,40.0
Sarjapur,3 Bedroom,2250.0,3.0,148.0
Mysore Road,2 BHK,1175.0,2.0,73.5
Bisuvanahalli,3 BHK,1180.0,3.0,48.0
Raja Rajeshwari Nagar,3 BHK,1540.0,3.0,60.0
Ramakrishnappa Layout,3 BHK,2770.0,4.0,290.0
Manayata Tech Park,2 BHK,1100.0,2.0,48.0
Kengeri,1 BHK,600.0,1.0,15.0
Binny Pete,3 BHK,1755.0,3.0,122.0
Thanisandra,4 Bedroom,2800.0,5.0,380.0
Bellandur,3 BHK,1767.0,3.0,103.0
 Thanisandra,1 RK,510.0,1.0,25.25
Mangammanapalya,3 BHK,1250.0,3.0,56.0
Electronic City,2 BHK,660.0,1.0,23.1
Whitefield,3 BHK,1610.0,3.0,81.0
Ramagondanahalli,2 BHK,1151.0,2.0,48.77
Electronic City,3 BHK,1025.0,2.0,47.0
Bisuvanahalli,3 BHK,1075.0,2.0,35.0
Hebbal,3 BHK,1760.0,2.0,123.0
Raja Rajeshwari Nagar,3 BHK,1693.0,3.0,57.39
Kasturi Nagar,3 BHK,1925.0,3.0,125.0
Kanakpura Road,2 BHK,700.0,2.0,36.0
Electronics City Phase 1,2 BHK,1070.0,2.0,45.5
Kundalahalli,3 BHK,1724.0,3.0,125.0
Chikkalasandra,3 BHK,1290.0,2.0,56.12
Uttarahalli,2 BHK,1143.0,2.0,45.0
Murugeshpalya,2 BHK,1296.0,2.0,81.0
Sarjapur  Road,3 BHK,1254.0,3.0,38.0
Ganga Nagar,1 BHK,600.0,1.0,38.0
Yelahanka,1 Bedroom,660.0,1.0,48.0
Kanakpura Road,2 BHK,1330.74,2.0,91.79
HSR Layout,8 Bedroom,600.0,9.0,200.0
Doddathoguru,2 BHK,970.0,2.0,33.0
Whitefield,2 BHK,1459.0,2.0,94.82
KR Puram,2 Bedroom,800.0,1.0,130.0
Himagiri Meadows,2 BHK,869.0,2.0,36.0
Adarsh Nagar,2 BHK,1270.0,2.0,50.0
Bhoganhalli,3 BHK,1670.0,3.0,99.0
Whitefield,3 BHK,2010.0,3.0,91.0
Lakshminarayana Pura,2 BHK,1185.0,2.0,75.0
Yelahanka,3 BHK,1600.0,2.0,75.0
Begur Road,2 BHK,1200.0,2.0,44.0
Ramakrishnappa Layout,2 BHK,1500.0,2.0,185.0
Murugeshpalya,6 Bedroom,1407.0,4.0,150.0
Govindaraja Nagar Ward,2 BHK,840.0,2.0,45.0
Tharabanahalli,3 Bedroom,4395.0,3.0,240.0
Ganga Nagar,2 BHK,845.0,2.0,55.0
Whitefield,4 Bedroom,5700.0,5.0,650.0
Varthur,2 BHK,1160.0,2.0,44.0
Bommanahalli,8 Bedroom,3000.0,8.0,140.0
Doddathoguru,2 BHK,1100.0,2.0,62.0
Gunjur,2 BHK,1140.0,2.0,43.0
Marathahalli,2 BHK,1220.0,2.0,57.0
Devarachikkanahalli,8 Bedroom,1350.0,7.0,85.0
Kanakpura Road,2 BHK,1005.0,2.0,36.68
Double Road,3 Bedroom,500.0,3.0,100.0
Begur Road,2 BHK,1358.0,2.0,80.58
Hegde Nagar,3 BHK,1569.0,3.0,101.0
Haralur Road,2 BHK,1240.0,2.0,70.0
Hennur Road,3 BHK,2089.0,3.0,140.0
Kothannur,2 BHK,1206.0,2.0,48.23
Kalena Agrahara,2 BHK,1150.0,2.0,40.0
Cholanayakanahalli,3 BHK,2511.0,3.0,205.0
Kaval Byrasandra,2 BHK,460.0,1.0,22.0
ISRO Layout,6 Bedroom,4400.0,6.0,250.0
Kodanda Reddy Layout,3 BHK,1660.0,2.0,105.0
Yelahanka,2 BHK,1326.0,2.0,78.0
Garudachar Palya,3 BHK,1325.0,2.0,60.8
EPIP Zone,3 BHK,1499.0,5.0,102.0
Hegde Nagar,6 Bedroom,3000.0,7.0,210.0
Kanakpura Road,3 BHK,1665.0,3.0,88.0
Dasanapura,2 BHK,708.0,2.0,37.0
Kasavanhalli,2 BHK,1060.0,2.0,58.06
Rajaji Nagar,6 Bedroom,710.0,6.0,160.0
Sanjay nagar,2 BHK,1000.0,2.0,70.0
Electronic City,2 BHK,1000.0,2.0,28.88
 Mysore Highway,3 BHK,1450.0,2.0,70.0
ISRO Layout,4 Bedroom,1200.0,4.0,155.0
Thanisandra,2 BHK,1296.0,2.0,80.0
Domlur,3 BHK,1540.0,3.0,90.0
Kengeri,4 Bedroom,2894.0,4.0,245.0
Sarjapura - Attibele Road,3 BHK,1330.0,2.0,48.0
Devasthanagalu,2 BHK,1200.0,2.0,65.0
T Dasarahalli,3 Bedroom,1200.0,3.0,90.0
Yeshwanthpur,3 BHK,2502.0,3.0,138.0
Chandapura,2 BHK,650.0,1.0,17.0
Kothanur,3 Bedroom,2400.0,2.0,150.0
Green View Layout,2 BHK,1007.0,2.0,43.0
Shantiniketan Layout,2 BHK,1200.0,2.0,50.0
Peenya,2 BHK,966.0,2.0,49.9
Nagarbhavi,3 BHK,1630.0,2.0,98.0
Rajaji Nagar,3 BHK,1640.0,3.0,229.0
Jalahalli West,2 BHK,782.0,2.0,55.68
Devanahalli,2 BHK,1260.0,2.0,66.78
Lakshmiamma Garden,3 BHK,1800.0,3.0,120.0
Byatarayanapura,3 BHK,1413.0,2.0,75.0
Whitefield,2 BHK,1116.0,2.0,51.91
Electronic City,3 BHK,1530.0,2.0,45.9
Ramamurthy Nagar,4 Bedroom,3700.0,4.0,225.0
Sarjapur  Road,3 Bedroom,2497.0,3.0,140.0
Kengeri,3 BHK,1540.0,2.0,64.0
Thanisandra,3 BHK,1436.0,3.0,74.75
Malleshwaram,2 BHK,1100.0,2.0,75.0
Hennur Road,2 Bedroom,276.0,3.0,23.0
Thanisandra,3 BHK,1427.0,3.0,120.0
Akshaya Nagar,3 BHK,2061.0,3.0,200.0
Shampura,4 BHK,2650.0,4.0,150.0
Devanahalli,3 BHK,1282.0,2.0,68.52
Kadugodi,2 BHK,1050.0,2.0,34.0
LB Shastri Nagar,3 BHK,1600.0,3.0,65.0
Vajarahalli,2 BHK,945.0,2.0,54.0
Hormavu,2 BHK,1500.0,2.0,78.0
Vishwapriya Layout,7 Bedroom,950.0,7.0,115.0
Peenya,3 BHK,1870.0,3.0,110.0
Sarjapur,3 Bedroom,1600.0,3.0,75.0
Electronic City,2 BHK,880.0,1.0,16.5
Ramaswamy Palya - Kammanahalli Main Road,4 Bedroom,1200.0,4.0,210.0
Kudlu Gate,3 BHK,1535.0,3.0,83.0
Kanakpura Road,2 BHK,950.0,2.0,57.0
Devanahalli,2 BHK,1360.0,2.0,65.0
Bommasandra Industrial Area,3 BHK,1280.0,3.0,50.4
Chandra Layout,3 BHK,1260.0,2.0,85.05
Hennur Road,8 Bedroom,5000.0,8.0,250.0
Yelahanka,5 BHK,3050.0,5.0,213.0
Kasavanhalli,3 BHK,1563.05,3.0,105.0
ISRO Layout,2 BHK,1000.0,2.0,60.0
Anandapura,2 BHK,1167.0,2.0,43.76
Vishveshwarya Layout,7 BHK,4000.0,7.0,225.0
Kothanur,3 BHK,1828.0,3.0,110.0
Kengeri Satellite Town,2 BHK,890.0,2.0,35.0
Basavanapura,3 BHK,1612.0,3.0,46.74
Dinnur,6 Bedroom,1034.0,5.0,185.0
Mysore Road,3 BHK,1710.0,4.0,91.31
Kannamangala,2 BHK,957.0,2.0,58.0
 Devarachikkanahalli,3 BHK,1250.0,2.0,44.0
Sanjeevini Nagar,3 BHK,2795.0,4.0,235.0
Hulimavu,2 BHK,1125.0,2.0,50.0
Electronic City Phase II,2 BHK,1020.0,2.0,30.6
Kalena Agrahara,2 BHK,1200.0,2.0,50.0
Thanisandra,3 BHK,1735.0,3.0,135.0
Thanisandra,3 BHK,2050.0,3.0,145.0
Mahalakshmi Layout,4 Bedroom,3750.0,4.0,760.0
Yarandahalli,3 BHK,1350.0,2.0,48.0
Hosa Road,2 BHK,1063.0,2.0,32.0
Keshava Nagar,3 BHK,1904.0,3.0,150.0
Whitefield,4 Bedroom,4200.0,4.0,420.0
RMV Extension,3 BHK,2000.0,3.0,175.0
Tejaswini Nagar,3 BHK,1425.0,2.0,75.0
Electronic City,3 BHK,1500.0,2.0,64.5
Electronic City,2 BHK,1060.0,2.0,60.0
Jai Bheema Nagar,3 BHK,1470.0,2.0,70.0
Kothnur Narayanapura,6 BHK,1300.0,6.0,99.0
Attibele,1 BHK,450.0,1.0,11.0
Electronic City,2 BHK,1152.0,2.0,64.5
Electronic City,3 BHK,1350.0,2.0,56.0
CV Raman Nagar,3 BHK,1550.0,3.0,65.0
CHIKKATIRUPATHI,3 Bedroom,1500.0,3.0,100.0
Kumaraswami Layout,5 Bedroom,600.0,3.0,85.0
Nagavara,1 Bedroom,400.0,1.0,14.0
Malleshwaram,1 BHK,705.0,1.0,67.0
Electronic City,2 BHK,770.0,1.0,36.0
Hulimavu,2 BHK,1242.0,2.0,51.0
Hebbal Kempapura,3 BHK,1700.0,3.0,155.0
Thanisandra,3 BHK,2144.0,3.0,145.0
Vijayanagar,3 BHK,1704.0,3.0,110.0
Electronic City,2 BHK,1070.0,2.0,52.0
8th block Koramangala,3 Bedroom,1846.0,3.0,300.0
Jakkuru Layout,2 BHK,1340.0,2.0,55.7
Electronic City,2 BHK,1025.0,2.0,46.0
Marathahalli,2 BHK,1200.0,2.0,52.0
Kanakpura Road,4 Bedroom,2250.0,4.0,110.0
Pattandur Agrahara,3 BHK,1550.0,2.0,80.0
Bellandur,4 Bedroom,1200.0,5.0,325.0
Ejipura,7 Bedroom,1800.0,7.0,250.0
Marathahalli,2 BHK,1200.0,2.0,60.0
Yelahanka,2 BHK,1327.0,2.0,98.0
Kothanur,2 BHK,1186.0,2.0,58.0
MS Pallya,3 Bedroom,1783.0,3.0,115.0
HSR Layout,3 BHK,1400.0,3.0,56.0
Nagasandra,2 BHK,980.0,2.0,48.0
EPIP Zone,2 BHK,1285.0,2.0,82.0
Langford Town,3 BHK,912.0,2.0,70.0
Whitefield,2 BHK,1225.0,2.0,47.6
Whitefield,2 BHK,1075.0,2.0,53.0
Kadugodi,3 BHK,1260.0,2.0,54.0
Yelahanka,3 BHK,1282.0,2.0,48.7
Kogilu,3 BHK,1909.0,3.0,88.0
Panathur,2 BHK,1359.0,2.0,87.0
Nagondanahalli,2 BHK,1207.0,2.0,43.5
Padmanabhanagar,4 Bedroom,1736.0,6.0,190.0
1st Block Jayanagar,4 BHK,2850.0,4.0,428.0
Kammasandra,3 BHK,1595.0,3.0,65.0
"Off Sarjapur Road, ",3 BHK,1798.0,3.0,89.0
Electronics City Phase 1,3 BHK,1475.0,3.0,78.29
Tala Cauvery Layout,3 BHK,1580.0,3.0,100.0
Dasarahalli,2 BHK,1295.0,2.0,65.0
Magadi Road,6 Bedroom,3600.0,6.0,141.0
Electronic City,1 BHK,589.0,1.0,27.0
Ngef Layout,3 BHK,1415.0,3.0,78.0
Sarjapur  Road,3 BHK,1787.0,3.0,98.29
Sarjapur  Road,3 BHK,1787.0,3.0,125.0
Koramangala,3 BHK,1475.0,2.0,90.0
"Lakshminarayanapura, Electronic City Phase 2",4 BHK,2000.0,4.0,75.5
Sarjapur  Road,2 BHK,984.0,2.0,44.28
Muthurayya Swamy Layout,3 BHK,2405.0,4.0,260.0
7th Phase JP Nagar,2 BHK,1080.0,2.0,72.0
Shantiniketan Layout,2 Bedroom,1500.0,2.0,115.0
Hebbal,3 BHK,1900.0,3.0,119.0
Dommasandra,2 BHK,805.0,2.0,22.14
Budigere,2 BHK,1153.0,2.0,56.4
Dodda Nekkundi Extension,2 BHK,1148.0,2.0,60.0
Mylasandra,2 BHK,1110.0,2.0,55.0
Electronic City,2 BHK,1100.0,2.0,42.0
Kalyan nagar,2 BHK,1290.0,2.0,110.0
Dr Shivarama Karantha Nagar,3 BHK,1500.0,2.0,65.0
Bank Of Baroda Colony,2 BHK,1080.0,2.0,39.0
Vijayanagar,3 BHK,1933.0,3.0,129.0
Ramamurthy Nagar,5 Bedroom,3500.0,5.0,150.0
Kullappa Colony,2 BHK,1060.0,2.0,60.0
Chandapura,1 BHK,645.0,1.0,16.45
Mukkutam Nagar,8 Bedroom,2600.0,8.0,180.0
Chandapura,1 BHK,645.0,1.0,16.45
Ashwath Nagar,3 BHK,1644.0,3.0,84.0
Ncpr Industrial Layout,2 BHK,1285.0,2.0,72.5
Electronic City,3 Bedroom,1200.0,3.0,90.0
Electronic City,2 BHK,910.0,2.0,40.0
Kothanur,3 BHK,1577.0,3.0,70.0
Meenakunte,3 Bedroom,4050.0,3.0,280.0
OMBR Layout,3 BHK,2420.0,3.0,185.0
Chandapura,2 BHK,800.0,1.0,20.0
Anand Nagar,2 BHK,1060.0,2.0,55.0
7th Phase JP Nagar,2 BHK,1270.0,2.0,93.0
Shree Ananth Nagar Layout,2 BHK,900.0,2.0,22.5
Kundalahalli Colony,2 Bedroom,1280.0,2.0,69.0
Horamavu Agara,4 Bedroom,1200.0,2.0,95.0
Sarjapur  Road,2 BHK,1025.0,2.0,36.0
Electronic City,2 BHK,1108.0,2.0,63.0
MCECHS  layout,5 Bedroom,1200.0,5.0,170.0
Coffee Board Layout,3 BHK,3045.0,3.0,170.0
Ambedkar Nagar,4 Bedroom,2900.0,3.0,300.0
Vijayanagar,3 BHK,1500.0,3.0,75.5
Raja Rajeshwari Nagar,2 BHK,1295.0,2.0,43.9
Budigere,2 BHK,1162.0,2.0,59.9
Sarjapur  Road,2 BHK,1035.0,2.0,49.2
Attibele,4 Bedroom,1600.0,4.0,52.8
KUDLU MAIN ROAD,3 BHK,1464.0,3.0,46.0
Hennur Road,3 BHK,1866.0,2.0,61.58
Geleyara Balaga Layout,2 BHK,700.0,1.0,26.0
Kalena Agrahara,3 BHK,1804.0,3.0,120.0
Sarjapur,2 BHK,913.0,2.0,32.0
Talaghattapura,3 BHK,1868.0,3.0,131.0
Kengeri Satellite Town,2 BHK,883.0,2.0,45.0
Sundara Nagar,2 Bedroom,900.0,2.0,110.0
Kogilu,3 BHK,1664.0,2.0,73.95
Hegde Nagar,3 BHK,2026.0,3.0,132.0
Balagere,2 BHK,1210.0,2.0,80.9
Meenakunte,4 Bedroom,4111.0,4.0,250.0
Kadugodi,3 BHK,1762.0,3.0,91.45
Jigani,3 BHK,1252.0,3.0,55.0
Gollarapalya Hosahalli,2 BHK,861.0,2.0,34.5
7th Phase JP Nagar,3 BHK,1420.0,2.0,100.0
Srirampura,6 Bedroom,1450.0,6.0,250.0
Electronics City Phase 1,3 BHK,1490.0,3.0,78.8
Bisuvanahalli,3 BHK,1075.0,2.0,46.0
Old Madras Road,3 BHK,1425.0,2.0,94.0
Kalena Agrahara,2 BHK,1200.0,2.0,40.0
Kaggadasapura,3 BHK,1280.0,2.0,56.0
Silver Springs Layout,2 BHK,1084.0,2.0,50.0
Chandapura,2 BHK,1015.0,2.0,25.88
Kanakpura Road,2 BHK,1017.0,2.0,51.25
Haralur Road,2 BHK,1027.0,2.0,44.0
Electronic City Phase II,2 BHK,1069.0,2.0,45.0
Hebbal,2 BHK,1349.0,2.0,98.2
9th Phase JP Nagar,2 BHK,1005.0,2.0,50.0
Jakkur,2 BHK,1417.0,2.0,75.0
TC Palaya,3 Bedroom,1475.0,3.0,98.0
Maruthi Sevanagar,2 BHK,950.0,2.0,47.0
RMV 2nd Stage,4 BHK,2000.0,4.0,120.0
Giri Nagar,3 Bedroom,880.0,3.0,140.0
Sarjapur  Road,4 BHK,1863.0,3.0,104.0
Singasandra,2 BHK,1010.0,2.0,29.5
Kalena Agrahara,3 BHK,1425.0,2.0,70.0
Vijayanagar,3 BHK,1450.0,3.0,100.0
Kothanur,3 BHK,1847.0,3.0,105.0
AECS Layout,2 BHK,1100.0,2.0,45.0
Kanakpura Road,1 BHK,525.0,1.0,26.0
Mallasandra,3 BHK,1665.0,3.0,95.0
Begur,4 BHK,1664.0,4.0,65.0
JP Nagar,3 BHK,1850.0,3.0,150.0
Panathur,2 BHK,1438.0,2.0,100.0
Sunder Ram Shetty Nagar,3 BHK,1560.0,3.0,115.0
Yelahanka,2 BHK,1350.0,2.0,55.55
Kanakpura Road,3 BHK,1550.0,3.0,67.0
Malleshpalya,2 BHK,1140.0,2.0,46.5
Srirampura,5 Bedroom,1200.0,5.0,180.0
Kodathi,2 BHK,850.0,2.0,27.0
Whitefield,2 BHK,1280.0,2.0,75.0
Munnekollal,2 BHK,1170.0,2.0,52.0
Motappa Layout,2 BHK,1113.0,2.0,51.0
Hennur Road,2 BHK,1385.0,2.0,83.09
Electronic City,2 BHK,1128.0,2.0,65.0
Marathahalli,2 Bedroom,1200.0,2.0,128.0
Akshaya Vana,4 Bedroom,1200.0,4.0,165.0
Rajaji Nagar,3 BHK,2390.0,3.0,415.0
Giri Nagar,4 Bedroom,2400.0,4.0,400.0
Haralur Road,3 BHK,1464.0,3.0,56.0
Manayata Tech Park,2 BHK,1200.0,2.0,55.0
Kaval Byrasandra,2 BHK,1200.0,2.0,52.0
Kaggalipura,3 BHK,1150.0,2.0,55.0
Basavanna Nagar,3 BHK,1645.0,3.0,95.0
Sarjapur  Road,2 BHK,1000.0,2.0,67.0
Haralur Road,4 Bedroom,2650.0,4.0,198.0
6th Phase JP Nagar,2 BHK,1192.0,2.0,74.0
Ulsoor,3 BHK,2135.0,3.0,215.0
Whitefield,2 BHK,1173.0,2.0,58.0
Uttarahalli,2 BHK,1020.0,2.0,45.0
Thigalarapalya,4 BHK,3122.0,6.0,230.0
Somasundara Palya,3 BHK,1600.0,3.0,64.0
T.C PALYA,2 Bedroom,1200.0,2.0,79.0
Muneshwara Nagar,2 BHK,1230.0,2.0,48.0
 Devarachikkanahalli,2 BHK,1250.0,2.0,40.0
Kalena Agrahara,2 BHK,1325.0,2.0,76.0
7th Phase JP Nagar,3 BHK,1850.0,3.0,150.0
Kanakpura Road,1 BHK,525.0,,21.53
Basaveshwara Nagar,2 BHK,1200.0,2.0,65.0
Bull Temple Road,3 Bedroom,1350.0,2.0,140.0
Bommasandra,3 BHK,1260.0,3.0,49.36
Prashanth Nagar,3 BHK,1800.0,3.0,150.0
Suragajakkanahalli,3 Bedroom,11.0,3.0,74.0
Ardendale,2 BHK,1100.0,2.0,43.25
Harlur,2 BHK,1508.0,2.0,77.0
Sampigehalli,3 BHK,1592.0,3.0,75.0
Akshaya Nagar,2 BHK,1388.0,2.0,57.0
Electronic City Phase II,1 BHK,630.0,1.0,28.35
RMV,3 Bedroom,2000.0,3.0,365.0
Banashankari3rd stage bigbazar,3 BHK,1762.0,3.0,125.0
Bagalur Main Road,2 BHK,950.0,2.0,50.0
Kodihalli,4 BHK,3252.0,5.0,335.0
Magadi Road,2 BHK,1116.0,2.0,50.0
Narayanapura,2 BHK,1308.0,2.0,89.04
MS Pallya,3 BHK,1200.0,3.0,90.0
Binny Mills Employees Colony,4 Bedroom,1500.0,4.0,230.0
Bannerghatta Road,1 BHK,500.0,1.0,18.5
Hennur,2 BHK,1075.0,2.0,52.0
Chandapura,1 BHK,530.0,1.0,11.66
Bellandur,2 BHK,1205.0,2.0,66.0
5th Phase JP Nagar,2 BHK,1075.0,2.0,60.0
KR Puram,2 BHK,930.0,2.0,39.0
Balagere,2 BHK,1380.0,2.0,60.0
Hebbal,4 BHK,2483.0,5.0,212.0
Kodigehaali,2 BHK,1166.0,2.0,55.0
Bannerghatta Road,2 BHK,1050.0,2.0,65.0
Gopalapura,3 BHK,2023.71,3.0,275.0
Begur Road,2 BHK,1200.0,2.0,46.8
Lakshminarayana Pura,3 BHK,1600.0,2.0,108.0
Billekahalli,3 BHK,1935.0,3.0,110.0
8th Phase JP Nagar,1 BHK,451.0,1.0,29.9
Electronic City,3 BHK,1800.0,3.0,95.0
Jalahalli,3 BHK,1400.0,3.0,77.0
Hegde Nagar,3 BHK,1801.0,3.0,115.0
Mahadevpura,2 BHK,1451.0,2.0,90.0
Anekal,2 Bedroom,1200.0,1.0,36.0
Begur Road,2 BHK,1160.0,2.0,44.0
Kengeri,2 BHK,1000.0,2.0,25.0
Kanakpura Road,2 BHK,950.0,2.0,40.0
"Hoodi Circle, ",3 BHK,1629.0,3.0,79.0
Vijayanagar,3 BHK,1580.0,2.0,134.0
Vijayanagar,3 BHK,1826.0,3.0,121.0
7th Phase JP Nagar,2 BHK,1245.0,2.0,94.0
Raja Rajeshwari Nagar,2 BHK,1145.0,2.0,45.79
Sompura,2 BHK,825.0,2.0,33.0
Yeshwanthpur,3 BHK,1693.0,3.0,108.0
Electronics City Phase 1,2 BHK,1113.27,2.0,53.0
Ashirvad Colony,2 BHK,1460.0,2.0,58.0
Doddathoguru,2 BHK,1050.0,2.0,32.0
Dodda Nekkundi,2 BHK,1260.0,2.0,55.0
K N Extension,6 BHK,700.0,3.0,120.0
Hosur Road,2 BHK,1656.0,2.0,120.0
Chandapura,3 BHK,1208.0,3.0,45.0
Whitefield,3 BHK,1910.0,3.0,161.0
Whitefield,4 BHK,3252.0,4.0,230.0
Battarahalli,2 Bedroom,1200.0,2.0,65.0
Gokula Extension,4 BHK,1200.0,4.0,175.0
7th Phase JP Nagar,2 BHK,1175.0,2.0,82.0
Kamakshipalya,2 Bedroom,1000.0,2.0,165.0
Bannerghatta Road,4 Bedroom,1200.0,2.0,125.0
Rajaji Nagar,3 BHK,2390.0,3.0,410.0
Rajaji Nagar,7 BHK,12000.0,6.0,2200.0
Sultan Palaya,2 Bedroom,550.0,1.0,62.0
Sanne Amanikere,2 BHK,1185.0,2.0,38.0
Kengeri,2 BHK,750.0,2.0,38.0
Mahalakshmi Layout,6 Bedroom,1200.0,7.0,250.0
Kanakpura Road,3 BHK,1550.0,3.0,64.5
Amco Colony,3 BHK,1760.0,3.0,88.0
Billekahalli,2 BHK,1125.0,2.0,62.0
Nagarbhavi,3 Bedroom,1350.0,3.0,150.0
Anandapura,2 Bedroom,1000.0,2.0,55.0
Bommasandra Industrial Area,2 BHK,1090.0,2.0,31.48
TC Palaya,2 Bedroom,1200.0,2.0,60.0
Budigere,3 BHK,1991.0,4.0,103.0
Bommasandra,2 BHK,1060.0,2.0,26.5
Ambalipura,2 BHK,1105.0,2.0,75.0
Hoodi,2 BHK,985.0,2.0,67.0
Chandapura,6 Bedroom,1533.0,5.0,85.0
Balagere,3 BHK,1590.0,3.0,79.0
CV Raman Nagar,2 BHK,1120.0,2.0,55.0
Samethanahalli,2 BHK,1069.0,2.0,55.0
Marathahalli,3 BHK,1933.0,3.0,140.0
Hosur Road,2 BHK,1194.0,2.0,69.0
Brookefield,2 BHK,1150.0,2.0,69.0
Yelenahalli,2 BHK,1240.0,2.0,47.12
Raja Rajeshwari Nagar,2 BHK,1419.0,2.0,48.1
7th Phase JP Nagar,8 Bedroom,1200.0,8.0,250.0
Richmond Town,3 BHK,2150.0,4.0,240.0
Suddaguntepalya,3 BHK,1450.0,3.0,55.0
Udayapur Village,3 BHK,1630.0,3.0,68.29
Dasanapura,2 BHK,708.0,1.0,40.0
Kasavanhalli,3 Bedroom,1000.0,4.0,110.0
Whitefield,4 Bedroom,11890.0,4.0,700.0
Bellandur,2 BHK,1250.0,2.0,76.0
7th Phase JP Nagar,3 BHK,1400.0,2.0,95.0
Sarjapur  Road,3 BHK,1670.0,2.0,57.0
Ardendale,3 BHK,1750.0,3.0,100.0
Vittasandra,2 BHK,1404.0,2.0,71.0
Hoodi,3 BHK,1715.0,2.0,95.0
Electronic City,1 BHK,630.0,1.0,34.65
Harlur,3 BHK,1752.12,3.0,135.0
Hulimavu,3 BHK,1650.0,3.0,78.0
Raja Rajeshwari Nagar,2 BHK,1295.0,2.0,55.47
Giri Nagar,3 Bedroom,1800.0,3.0,252.0
Sarjapur  Road,2 BHK,1346.0,2.0,74.03
Thippasandra,4 Bedroom,1200.0,4.0,200.0
Hormavu,2 BHK,1150.0,2.0,55.0
Chikkabidarakallu,4 Bedroom,3309.0,4.0,325.0
Chandapura,3 BHK,1190.0,2.0,30.35
AECS Layout,3 BHK,1620.0,3.0,98.0
Marathahalli,2 BHK,950.0,2.0,46.96
1 Giri Nagar,11 BHK,5000.0,9.0,360.0
Harlur,3 BHK,2450.0,3.0,120.0
Electronic City Phase II,3 BHK,1220.0,2.0,35.23
Hoysalanagar,2 BHK,850.0,2.0,30.0
Padmanabhanagar,2 BHK,1020.0,2.0,63.0
Chikkalasandra,2 BHK,1100.0,2.0,50.0
Defence Colony,2 BHK,1150.0,2.0,126.0
Hebbal,3 BHK,1760.0,2.0,130.0
Ambalipura,3 BHK,1800.0,3.0,110.0
Akshaya Nagar,2 BHK,1070.0,2.0,54.0
2nd Stage Nagarbhavi,4 Bedroom,1500.0,4.0,220.0
Vidyaranyapura,2 Bedroom,1440.0,2.0,95.0
Amruthahalli,2 BHK,900.0,2.0,40.0
ITI Employees Layout,4 BHK,1200.0,4.0,230.0
Whitefield,2 BHK,1130.0,2.0,42.16
Koramangala,2 BHK,1320.0,2.0,165.0
Kodigehalli,2 BHK,1270.0,2.0,98.0
Patelappa Layout,2 BHK,1200.0,2.0,62.0
Ring Road Nagarbhavi,4 BHK,4800.0,4.0,235.0
NS Palya,2 BHK,1200.0,2.0,74.0
Subramanyapura,2 BHK,929.0,2.0,50.17
RMV 2nd Stage,4 BHK,1150.0,4.0,260.0
Basavangudi,4 Bedroom,1125.0,4.0,180.0
Kenchenahalli,5 Bedroom,500.0,3.0,65.0
3rd Block Hrbr Layout,5 Bedroom,1200.0,5.0,190.0
KUDLU MAIN ROAD,3 BHK,1464.0,3.0,56.0
7th Phase JP Nagar,4 BHK,3600.0,4.0,400.0
Bank Avenue,4 Bedroom,2000.0,4.0,99.0
Chikkalasandra,2 BHK,1208.0,2.0,49.0
Hebbal Kempapura,2 BHK,1130.0,2.0,60.0
Surabhi Layout,3 BHK,1753.0,3.0,120.0
Old Madras Road,5 BHK,4500.0,7.0,337.0
Banjara Layout,3 Bedroom,600.0,3.0,58.0
Hoodi,2 BHK,1196.0,2.0,94.42
5th Phase JP Nagar,2 BHK,1150.0,3.0,52.5
Electronic City,2 BHK,1128.0,2.0,63.0
Omkar Nagar,2 BHK,1000.0,2.0,53.0
Yelahanka,2 BHK,1035.0,2.0,45.0
Kereguddadahalli,2 BHK,950.0,2.0,32.0
Bisuvanahalli,3 BHK,1075.0,2.0,36.0
Whitefield,2 BHK,1040.0,2.0,48.5
Maragondanahalli,2 Bedroom,720.0,2.0,45.0
Lingadheeranahalli,3 BHK,1511.0,3.0,95.0
Silk Board,3 BHK,1300.0,3.0,58.0
Hoodi,3 BHK,1545.0,3.0,68.75
Shampura,1 BHK,375.0,2.0,26.0
Vidyaranyapura,2 BHK,1062.0,2.0,38.0
Kada Agrahara,2 BHK,1115.0,2.0,40.0
JP Nagar,2 BHK,1000.0,2.0,35.0
Kambipura,2 BHK,883.0,2.0,45.0
Sarjapur  Road,2 BHK,1195.0,2.0,70.0
BHEL Layout,4 Bedroom,1200.0,3.0,165.0
Medahalli,1 Bedroom,700.0,1.0,41.0
Vittasandra,2 BHK,1246.0,2.0,67.0
8th Phase JP Nagar,4 Bedroom,660.0,4.0,90.0
Banashankari Stage III,4 Bedroom,8500.0,4.0,145.0
Kashi Nagar,4 BHK,1600.0,4.0,80.0
Haralur Road,4 BHK,2805.0,5.0,154.0
Begur Road,3 BHK,1584.0,3.0,65.0
Sector 7 HSR Layout,4 Bedroom,3000.0,5.0,275.0
Hosur Road,3 BHK,1175.0,2.0,48.0
"Yemlur, Old Airport Road, ",3 BHK,1595.0,3.0,115.0
VHBCS Layout,2 BHK,1353.0,2.0,110.0
Electronic City,3 BHK,1599.0,3.0,125.0
Whitefield,2 BHK,1150.0,2.0,70.0
Jakkur,4 BHK,5230.0,6.0,465.0
KR Puram,2 BHK,1155.0,2.0,42.74
Ittamadu,1 BHK,1200.0,2.0,85.0
Electronic City Phase II,2 BHK,1000.0,2.0,25.0
Thanisandra,4 BHK,3000.0,4.0,120.0
Rajiv Nagar,3 BHK,1867.0,3.0,160.0
Ramagondanahalli,2 BHK,1251.0,2.0,47.0
Gattahalli,2 BHK,1028.0,2.0,45.5
Arekere,2 BHK,1222.0,2.0,45.0
Bannerghatta Road,3 BHK,1170.0,2.0,66.0
Hebbal,3 BHK,2400.0,4.0,245.0
Ramanjaneyanagar,3 BHK,1385.0,2.0,48.48
HSR Layout,2 BHK,1372.0,2.0,68.0
Magadi Road,3 BHK,1282.0,2.0,49.0
Mico Layout,9 BHK,5000.0,9.0,210.0
7th Block Jayanagar,5 Bedroom,3000.0,3.0,528.0
Kanakpura Road,2 BHK,1135.0,2.0,39.73
Whitefield,3 BHK,1768.0,3.0,101.0
Byatarayanapura,3 BHK,1325.0,2.0,90.0
Electronic City,3 BHK,1599.0,3.0,99.0
Whitefield,3 Bedroom,1500.0,3.0,61.95
2nd Phase JP Nagar,3 Bedroom,2610.0,3.0,499.0
Uttarahalli,2 BHK,1286.0,2.0,63.0
Kammanahalli,5 BHK,2845.0,5.0,140.0
K G Colony,3 BHK,1600.0,2.0,50.0
Hebbal,3 BHK,3450.0,5.0,260.0
Munnekollal,2 BHK,1102.0,2.0,53.67
Yelahanka,2 BHK,1350.0,2.0,54.0
Banashankari,3 BHK,1200.0,2.0,42.0
Hosa Road,6 Bedroom,1300.0,6.0,145.0
Herohalli,2 Bedroom,1800.0,1.0,80.0
Chikkabanavar,2 BHK,950.0,2.0,40.0
Kanakpura Road,1 BHK,525.0,1.0,27.25
Attibele,2 BHK,656.0,2.0,25.0
Marathahalli,4 Bedroom,1780.0,4.0,175.0
3rd Block Hrbr Layout,2 BHK,1056.0,2.0,80.0
Bannerghatta Road,1 BHK,595.0,1.0,33.32
Ittamadu,2 BHK,1080.0,2.0,50.0
7th Phase JP Nagar,3 BHK,2225.0,3.0,160.0
Bommasandra,2 BHK,1126.0,2.0,28.15
Electronics City Phase 1,3 BHK,1490.0,3.0,84.0
HRBR Layout,4 Bedroom,2000.0,4.0,300.0
Sarjapur  Road,3 BHK,1550.0,3.0,100.0
,3 BHK,1600.0,3.0,86.0
Ashwini layout,2 BHK,1160.0,2.0,55.0
Whitefield,4 Bedroom,4144.0,4.0,315.0
Sarjapur  Road,3 BHK,2100.0,3.0,125.0
Vittasandra,2 BHK,1404.0,2.0,69.3
Sarjapur  Road,4 Bedroom,2230.0,4.0,225.0
Marathalli bridge,3 BHK,1544.0,3.0,120.0
Banashankari Stage III,3 BHK,1305.0,2.0,58.7
Marathahalli,2 BHK,1230.0,2.0,80.0
T.C PALYA,2 Bedroom,1200.0,2.0,65.0
Harlur,3 BHK,1460.0,3.0,73.0
Gottigere,2 BHK,967.0,2.0,45.0
Byatarayanapura,1 Bedroom,540.0,1.0,36.0
Hormavu,1 BHK,715.0,1.0,46.0
Whitefield,3 BHK,2500.0,3.0,313.0
Dooravani Nagar,3 BHK,1578.0,3.0,180.0
Mysore Road,2 BHK,1020.0,2.0,48.95
Jigani,2 BHK,1020.0,2.0,40.0
Koramangala,2 BHK,1253.0,2.0,102.0
JCR Layout,2 BHK,1180.0,2.0,42.0
Nehru Nagar,2 BHK,961.0,2.0,38.0
Kanakapura,3 BHK,1419.0,3.0,75.0
Harlur,3 BHK,1709.0,3.0,150.0
Papareddipalya,2 Bedroom,1600.0,2.0,115.0
Venkatapura,1 BHK,416.0,1.0,18.5
Sanjay nagar,2 BHK,1100.0,2.0,98.0
HSR Layout,3 BHK,1430.0,2.0,65.0
Sneha Colony,2 BHK,1260.0,2.0,45.0
RMV Extension,3 BHK,1630.0,3.0,85.0
Sarjapur  Road,3 BHK,1249.0,3.0,44.71
Kalena Agrahara,3 BHK,1450.0,2.0,85.0
Konanakunte,3 BHK,2791.0,3.0,223.0
Hosapalya,1 BHK,600.0,1.0,90.0
Ashwini layout,1 BHK,834.0,1.0,60.0
Doddagubbi,3 Bedroom,1125.0,4.0,70.0
Arekere,3 BHK,2060.0,3.0,140.0
Malleshwaram,7 BHK,12000.0,7.0,2200.0
Gottigere,2 BHK,891.0,2.0,25.0
Raja Rajeshwari Nagar,2 BHK,1133.0,2.0,49.07
Bisuvanahalli,3 BHK,1075.0,2.0,37.0
Sector 6 HSR Layout,4 BHK,3000.0,5.0,260.0
Brookefield,4 Bedroom,2440.0,5.0,425.0
Vidyaranyapura,2 BHK,1200.0,2.0,55.0
Thanisandra,2 BHK,1075.0,2.0,45.8
Kaggadasapura,2 BHK,1140.0,2.0,40.0
Margondanahalli,5 Bedroom,940.0,4.0,150.0
ITI Layout,6 Bedroom,2160.0,5.0,250.0
Raja Rajeshwari Nagar,2 BHK,1090.0,2.0,42.0
R.T. Nagar,4 Bedroom,1500.0,4.0,70.0
Whitefield,4 BHK,4104.0,4.0,360.0
Whitefield,3 BHK,1790.0,3.0,100.0
Hebbal,3 BHK,1920.0,3.0,134.0
HRBR Layout,2 BHK,1374.0,2.0,95.0
Bannerghatta Road,3 BHK,1445.0,3.0,95.0
Kanakapura,1 BHK,711.0,1.0,36.0
Tumkur Road,3 BHK,1500.0,3.0,95.0
Whitefield,3 BHK,1720.0,3.0,100.0
Vasanthapura,3 BHK,1400.0,3.0,60.0
Kundalahalli,2 BHK,1030.0,2.0,49.0
Mysore Road,2 BHK,1200.0,2.0,85.0
Hosahalli,3 BHK,1375.0,3.0,70.0
Hegde Nagar,2 Bedroom,1050.0,1.0,56.0
Jalahalli,3 BHK,2250.0,3.0,160.0
Bellandur,2 BHK,1000.0,2.0,50.0
Jalahalli West,1 BHK,469.0,1.0,25.0
Marathahalli,4 BHK,3800.0,4.0,250.0
Kambipura,2 BHK,883.0,2.0,29.0
GM Palaya,3 BHK,1820.0,2.0,86.0
Singasandra,3 BHK,1440.0,2.0,65.0
near Ramanashree California resort,6 BHK,3600.0,4.0,160.0
Malleshwaram,4 BHK,2500.0,5.0,325.0
Mahadevpura,2 BHK,1225.0,2.0,48.0
"6th block banashankari 3rd stage, 100 feet ORR",3 Bedroom,4000.0,3.0,660.0
Chikkalasandra,2 BHK,875.0,2.0,52.8
Jalahalli East,1 BHK,750.0,1.0,40.0
6th Phase JP Nagar,2 BHK,1180.0,2.0,80.0
Haralur Road,2 BHK,1194.0,2.0,47.0
Hennur Road,3 BHK,1500.0,2.0,62.0
Poornapragna Housing Society Layout,2 BHK,1160.0,2.0,52.2
Hosakerehalli,3 BHK,2378.0,3.0,262.0
Sarjapur,2 BHK,1128.0,2.0,60.0
Hebbal,3 BHK,1500.0,3.0,150.0
Huskur,3 BHK,1220.0,2.0,35.23
Sarjapur  Road,2 BHK,1210.0,2.0,58.0
Kanakpura Road,3 BHK,1100.0,2.0,58.0
Bommasandra,3 BHK,1200.0,3.0,46.0
Haralur Road,4 BHK,3385.0,5.0,260.0
Nagondanahalli,3 BHK,1641.0,3.0,66.0
Horamavu Agara,2 BHK,1200.0,2.0,45.0
Raja Rajeshwari Nagar,2 BHK,1260.0,2.0,67.39
Mahadevpura,3 BHK,1720.0,3.0,78.0
Yelahanka,2 BHK,1210.0,2.0,45.98
Indira Nagar,4 Bedroom,2200.0,4.0,200.0
Bisuvanahalli,3 BHK,1075.0,2.0,45.0
Thanisandra,3 BHK,1702.0,3.0,130.0
Shanthala Nagar,2 BHK,1630.0,2.0,200.0
Raja Rajeshwari Nagar,2 BHK,1141.0,2.0,38.55
Shantiniketan Layout,3 BHK,2072.0,3.0,108.0
Herohalli,3 Bedroom,1200.0,2.0,70.0
Teachers Colony,3 BHK,1350.0,3.0,77.0
Srinivasa Nagar,3 BHK,1180.0,2.0,78.34
Yelahanka,3 BHK,35000.0,3.0,130.0
Langford Town,2 BHK,1355.0,2.0,115.0
Sulthangunta,1 Bedroom,600.0,1.0,50.0
Hormavu,7 Bedroom,1200.0,7.0,150.0
Bannerghatta Road,3 BHK,1640.0,2.0,120.0
Byrathi Village,5 Bedroom,1200.0,5.0,100.0
Kodichikkanahalli,3 BHK,1190.0,2.0,57.0
OMBR Layout,4 Bedroom,2400.0,4.0,375.0
Marathahalli,2 BHK,1019.0,2.0,49.85
Ambedkar Colony,3 BHK,1875.0,3.0,165.0
Akshaya Nagar,3 BHK,1250.0,3.0,40.0
Brookefield,3 Bedroom,1200.0,3.0,140.0
Whitefield,2 BHK,1140.0,2.0,56.0
Lingadheeranahalli,3 BHK,1683.0,3.0,109.0
Kaggadasapura,3 BHK,1515.0,3.0,83.3
Hoodi,4 BHK,2118.0,4.0,111.0
Bannerghatta Road,4 Bedroom,1380.0,3.0,58.0
Varthur Road,2 BHK,1083.0,2.0,61.75
Anjappa Layout,2 Bedroom,600.0,2.0,55.0
Avalahalli,3 BHK,2300.0,3.0,120.0
Prakruthi Nagar,2 BHK,1240.0,2.0,60.0
Surabhi Layout,3 BHK,1750.0,3.0,120.0
Sadaramangala,2 BHK,1230.0,2.0,43.48
Anjanapura,3 Bedroom,1500.0,3.0,139.0
Abbigere,2 BHK,985.0,2.0,40.39
Tindlu,3 Bedroom,1500.0,2.0,87.0
Electronic City,2 BHK,1125.0,2.0,32.49
Maruthi Sevanagar,2 BHK,950.0,2.0,44.0
Kothanur,3 BHK,1580.0,3.0,76.0
B Narayanapura,3 Bedroom,1092.0,2.0,98.5
Electronic City Phase II,2 BHK,1090.0,2.0,28.34
Hennur Road,3 Bedroom,2264.0,3.0,159.0
Dommasandra,3 BHK,1033.0,2.0,25.53
Kammasandra,2 BHK,810.0,2.0,24.5
Green Garden Layout,2 BHK,1045.0,2.0,45.0
Hebbal,2 BHK,1337.0,2.0,82.0
Chandapura,2 BHK,1200.0,2.0,32.0
Koramangala,3 BHK,1580.0,3.0,160.0
Begur Road,3 BHK,1500.0,2.0,54.0
Whitefield,3 BHK,1640.0,4.0,91.0
Silver Springs Layout,3 BHK,1570.0,3.0,62.0
Gubbalala,3 BHK,1470.0,2.0,82.0
Kengeri,2 BHK,1160.0,2.0,40.61
7th Phase JP Nagar,2 BHK,1050.0,2.0,71.0
Dairy Circle,3 BHK,1855.0,3.0,225.0
Bannerghatta Road,3 BHK,1460.0,2.0,90.0
Hulimavu,3 BHK,1823.0,3.0,100.0
Electronic City,2 BHK,1094.0,2.0,42.0
Budigere,2 BHK,1153.0,2.0,57.0
Hoysalanagar,3 BHK,1325.0,3.0,57.0
Parappana Agrahara,4 Bedroom,1200.0,3.0,85.0
Jakkur,3 BHK,1590.0,2.0,125.0
Jeevan bima nagar,5 Bedroom,1210.0,4.0,160.0
Raja Rajeshwari Nagar,4 Bedroom,1200.0,4.0,220.0
Narayana Nagar 1st Block,2 BHK,1202.0,2.0,48.0
Haralur Road,2 BHK,1202.0,2.0,53.0
KSRTC Layout,2 BHK,1200.0,2.0,62.5
Panathur,3 BHK,1688.0,3.0,118.0
Kaval Byrasandra,2 BHK,1020.0,2.0,52.0
Sarjapur,2 BHK,1185.0,2.0,47.0
Ramagondanahalli,2 BHK,1235.0,2.0,52.04
Hosakerehalli,4 BHK,3205.0,5.0,500.0
Banashankari,2 BHK,1077.0,2.0,37.64
Kengeri Satellite Town,3 BHK,1415.0,2.0,66.0
EPIP Zone,3 BHK,2330.0,3.0,162.0
Whitefield,2 BHK,805.0,2.0,35.0
P&T Colony,1 BHK,425.0,1.0,20.03
Whitefield,2 BHK,1155.0,2.0,59.95
Cunningham Road,4 BHK,5270.0,4.0,1250.0
Anekal,2 BHK,656.0,2.0,22.0
New Gurappana Palya,2 BHK,1100.0,2.0,48.0
Mahadevpura,2 BHK,1150.0,2.0,52.0
Chelekare,1 Bedroom,600.0,1.0,60.0
Ambedkar Colony,2 BHK,1468.0,2.0,140.0
Palanahalli,4 Bedroom,4300.0,5.0,550.0
Whitefield,3 BHK,2280.0,4.0,126.0
Hegde Nagar,2 BHK,1341.0,2.0,97.0
Jakkur,2 BHK,1279.0,2.0,77.0
Electronic City Phase II,4 BHK,2225.0,4.0,98.88
Thanisandra,2 BHK,1185.0,2.0,43.51
Vadarpalya,3 BHK,1750.0,3.0,85.0
Kudlu,2 BHK,1152.0,2.0,53.5
Shivanagar,5 Bedroom,1000.0,4.0,160.0
Hulimavu,2 BHK,1300.0,2.0,36.0
Varthur Road,4 Bedroom,2760.0,4.0,155.0
5th Phase JP Nagar,2 BHK,1070.0,2.0,39.0
Uttarahalli,2 BHK,1101.0,2.0,45.0
V.V Puram,2 BHK,775.0,2.0,55.0
Yeshwanthpur,1 BHK,667.0,1.0,36.85
Electronic City,2 BHK,1070.0,2.0,55.0
Old Airport Road,3 BHK,1875.0,2.0,110.0
Kundalahalli,2 BHK,735.0,2.0,57.99
Sarjapur,5 Bedroom,4360.0,4.0,90.0
Koramangala,3 BHK,1750.0,3.0,130.0
Marathahalli,2 BHK,1215.0,2.0,67.0
Sector 3 HSR Layout,9 Bedroom,600.0,9.0,190.0
Vishwapriya Layout,2 BHK,820.0,2.0,30.0
Battarahalli,3 BHK,1779.0,3.0,89.61
HMT Layout,2 BHK,1105.0,2.0,58.0
Whitefield,3 BHK,1650.0,3.0,60.0
Jalahalli,2 BHK,1694.0,2.0,150.0
Hosakerehalli,3 BHK,2376.0,3.0,203.0
Cox Town,3 BHK,1975.0,3.0,150.0
Kammasandra,2 BHK,674.0,2.0,33.0
Kaggadasapura,2 BHK,1185.0,2.0,41.0
 Thanisandra,1 RK,445.0,1.0,28.0
Mylasandra,6 Bedroom,900.0,7.0,76.0
HSR Layout,3 BHK,1475.0,3.0,75.0
Gottigere,3 BHK,1618.0,3.0,82.5
Koramangala,2 BHK,1120.0,2.0,65.0
Marathahalli,4 BHK,2181.0,3.0,152.0
Vidyaranyapura,4 Bedroom,1200.0,4.0,90.0
Nagondanahalli,6 Bedroom,600.0,4.0,65.0
Bannerghatta Road,3 BHK,1556.0,2.0,59.13
Bannerghatta Road,2 BHK,1179.0,2.0,66.02
Thanisandra,2 BHK,1296.0,2.0,83.0
Kaggadasapura,2 BHK,1275.0,2.0,52.0
Kalasipalya,7 Bedroom,1875.0,2.0,300.0
Kathriguppe,3 BHK,1400.0,2.0,77.0
Gottigere,2 BHK,1222.0,2.0,63.0
Electronic City,2 BHK,940.0,2.0,41.0
Thanisandra,2 BHK,1185.0,2.0,42.6
Tumkur Road,3 BHK,1779.0,3.0,112.0
Begur Road,3 BHK,1615.0,3.0,59.76
Haralur Road,2 BHK,1056.0,2.0,61.0
7th Phase JP Nagar,2 BHK,1100.0,2.0,46.0
Arekere,2 BHK,920.0,2.0,40.0
ITI Layout,3 BHK,1602.0,2.0,75.0
Padmanabhanagar,2 BHK,1176.0,2.0,62.0
HBR Layout,4 Bedroom,675.0,3.0,59.0
Richmond Town,3 BHK,1352.0,3.0,135.0
Kasavanhalli,3 BHK,1717.0,3.0,99.0
4 Bedroom Farm House in Bagalur,4 Bedroom,10961.0,4.0,80.0
Bhoganhalli,4 BHK,2119.0,4.0,111.0
Vittasandra,2 BHK,1246.0,2.0,67.3
Anandapura,2 BHK,1141.0,2.0,42.79
Hennur Road,2 BHK,1157.0,2.0,84.0
Chandapura,2 BHK,1025.0,2.0,27.68
Yelahanka New Town,1 BHK,650.0,1.0,33.0
Hebbal,2 BHK,1349.0,2.0,98.0
Narayanapura,3 BHK,1566.0,3.0,83.3
Sahakara Nagar,4 BHK,2830.0,3.0,195.0
Electronic City,3 BHK,1320.0,2.0,38.13
manyata park,3 BHK,1780.0,3.0,84.83
Varthur,2 BHK,1091.0,2.0,34.9
Rachenahalli,4 BHK,3670.0,4.0,300.0
7th Phase JP Nagar,2 BHK,918.0,2.0,50.49
Yeshwanthpur,4 BHK,1950.0,4.0,130.0
Panathur,3 BHK,1695.0,3.0,90.0
Yelahanka,3 BHK,1705.0,3.0,95.0
Kalyan nagar,3 BHK,1375.0,3.0,75.0
Kanakpura Road,1 BHK,525.0,1.0,30.0
Whitefield,2 BHK,1447.0,2.0,83.0
Thanisandra,2 BHK,1114.0,2.0,39.0
7th Phase JP Nagar,3 BHK,1450.0,2.0,100.0
Belathur,2 BHK,460.0,1.0,15.0
Vasanthapura,2 BHK,1022.0,2.0,40.0
Hebbal,2 BHK,1000.0,2.0,45.0
Electronic City,2 BHK,1128.0,2.0,68.75
Kanakpura Road,2 BHK,1180.0,2.0,57.0
TC Palaya,6 Bedroom,1000.0,6.0,69.0
Nagarbhavi,2 Bedroom,1200.0,2.0,150.0
Sadashiva Nagar,3 BHK,3761.0,3.0,660.0
Kanakpura Road,2 BHK,1339.0,2.0,75.0
Yelachenahalli,3 BHK,1400.0,2.0,55.0
7th Phase JP Nagar,2 BHK,1040.0,2.0,39.52
Kadugodi,2 BHK,1198.0,2.0,58.0
Shirdi Sai Layout,4 Bedroom,1200.0,3.0,95.0
Sarjapur  Road,3 BHK,1691.0,3.0,113.0
Bisuvanahalli,3 BHK,1075.0,3.0,36.0
1st Block Jayanagar,3 BHK,1630.0,3.0,194.0
8th Phase JP Nagar,3 BHK,1240.0,3.0,43.5
Mallasandra,3 BHK,1665.0,3.0,86.58
Marathahalli,3 BHK,2489.0,3.0,94.0
Brookefield,2 BHK,1142.0,2.0,70.0
Kodbisanhalli,3 BHK,1976.0,3.0,184.0
Sathya Sai Layout,4 Bedroom,5500.0,4.0,600.0
Kothannur,3 BHK,1853.0,3.0,82.0
Vijayanagar,8 Bedroom,600.0,4.0,72.0
Kasturi Nagar,2 BHK,1567.0,2.0,92.0
Talaghattapura,2 BHK,1090.0,2.0,27.24
Raja Rajeshwari Nagar,6 Bedroom,1200.0,4.0,125.0
Indiranagar HAL 2nd Stage,4 Bedroom,2400.0,4.0,640.0
Electronics City Phase 1,2 BHK,1175.0,2.0,51.47
Subramanyapura,2 BHK,1200.0,2.0,52.0
Kodichikkanahalli,2 BHK,995.0,2.0,41.0
Magadi Road,2 BHK,884.0,2.0,41.1
Vishwanatha Nagenahalli,5 Bedroom,900.0,3.0,80.0
Yeshwanthpur,2 BHK,1170.0,2.0,57.0
KR Puram,2 BHK,1225.0,2.0,46.55
Electronic City,2 BHK,1342.0,2.0,73.3
Uttarahalli,2 BHK,1345.0,2.0,67.0
Kodigehaali,3 BHK,1320.0,3.0,65.0
Raja Rajeshwari Nagar,2 BHK,1140.0,2.0,49.39
Battarahalli,2 BHK,1300.0,2.0,50.0
Hosa Road,3 BHK,1652.0,3.0,85.0
Thigalarapalya,3 BHK,2072.0,4.0,142.0
Arekere,3 BHK,1740.0,2.0,95.0
Electronic City,3 BHK,1360.0,2.0,71.0
Hosur Road,3 BHK,1145.0,2.0,60.0
Uttarahalli,3 BHK,1540.0,2.0,40.0
Sarjapur  Road,2 BHK,1278.0,2.0,95.0
Electronic City Phase II,1 BHK,630.0,1.0,40.0
Kanakpura Road,3 BHK,1100.0,3.0,58.0
Bendiganahalli,3 Bedroom,1200.0,3.0,95.0
Hosakerehalli Layout,7 Bedroom,2500.0,6.0,115.0
Chandapura,2 BHK,1015.0,2.0,25.88
Hosur Road,5 Bedroom,3300.0,5.0,240.0
Basaveshwara Nagar,5 Bedroom,4500.0,5.0,415.0
Gunjur,3 BHK,1356.0,2.0,66.0
Hennagara,2 BHK,823.0,2.0,28.0
TC Palaya,3 Bedroom,1200.0,2.0,66.0
Ramamurthy Nagar,2 BHK,1050.0,2.0,37.0
Ferrar Nagar,2 BHK,1180.0,2.0,69.0
Whitefield,2 BHK,1116.0,2.0,51.91
7th Phase JP Nagar,2 BHK,1070.0,2.0,42.79
Varthur,2 BHK,1385.0,2.0,80.0
Varthur,1 Bedroom,1000.0,1.0,70.0
Whitefield,3 BHK,1897.0,3.0,130.0
Magadi Road,2 BHK,1005.0,2.0,55.78
Green Glen Layout,3 BHK,1575.0,3.0,125.0
Subramanyapura,2 BHK,975.0,2.0,65.0
Hennur Road,3 BHK,1904.0,3.0,120.0
Kengeri Satellite Town,1 BHK,930.0,1.0,30.0
Kanakpura Road,1 BHK,525.0,1.0,26.0
BAGUR,1 BHK,686.0,1.0,17.0
Electronic City Phase II,2 Bedroom,2400.0,3.0,150.0
8th block Koramangala,2 Bedroom,1410.0,1.0,233.0
Sarjapur  Road,3 Bedroom,2238.0,3.0,140.0
Harlur,2 BHK,1174.0,2.0,69.0
Thubarahalli,4 Bedroom,3800.0,4.0,239.0
Whitefield,3 BHK,2225.0,2.0,125.0
M.G Road,2 BHK,1250.0,2.0,200.0
Jigani,2 BHK,918.0,2.0,52.0
Mahadevpura,2 BHK,1250.0,2.0,52.0
Sarjapur  Road,3 BHK,1800.0,3.0,110.0
Marathahalli,2 BHK,1170.0,2.0,53.0
Byatarayanapura,1 BHK,1300.0,1.0,200.0
Bannerghatta Road,2 BHK,793.0,2.0,45.0
Jakkur,3 BHK,1710.0,3.0,107.0
Kambipura,3 BHK,1082.0,2.0,57.5
Naganathapura,2 BHK,1001.0,2.0,33.03
Srinivasa Nagar,4 Bedroom,1500.0,4.0,180.0
Yelahanka,3 BHK,1590.0,2.0,54.0
Basavanagara,3 BHK,2400.0,2.0,80.0
Horamavu Banaswadi,3 BHK,1554.0,3.0,55.0
Bellandur,5 BHK,4239.0,5.0,423.0
Konanakunte,2 Bedroom,884.0,1.0,58.0
Hosa Road,2 BHK,1045.0,2.0,98.89
Marathahalli,2 BHK,1019.0,2.0,49.86
Ambedkar Nagar,3 BHK,1935.0,4.0,130.0
Uttarahalli,3 BHK,1135.0,2.0,39.73
Lakshminarayana Pura,3 BHK,1680.0,3.0,150.0
Hebbal,4 BHK,2470.0,5.0,247.0
1st Phase JP Nagar,4 BHK,2825.0,4.0,250.0
Hosakerehalli,3 BHK,2480.0,3.0,330.0
5th Phase JP Nagar,9 Bedroom,1260.0,11.0,290.0
Ramamurthy Nagar,5 Bedroom,1800.0,4.0,187.0
Kasavanhalli,3 BHK,1799.0,3.0,90.0
Attibele,1 BHK,400.0,1.0,11.0
Kundalahalli,2 BHK,1047.0,2.0,82.0
Kaverappa Layout,2 BHK,1282.0,2.0,87.0
NGR Layout,2 BHK,1020.0,2.0,45.9
Kammanahalli,4 Bedroom,1080.0,3.0,155.0
Whitefield,2 BHK,1495.0,2.0,79.5
Kasavanhalli,4 Bedroom,3260.0,4.0,240.0
Divya Unnathi Layout,3 BHK,1611.0,2.0,64.44
Koramangala,4 BHK,3500.0,5.0,425.0
Vasantha Vallabha Nagar,3 Bedroom,1500.0,2.0,95.0
Sahakara Nagar,3 BHK,1500.0,2.0,95.0
Yelahanka,4 Bedroom,3206.0,5.0,270.0
Uttarahalli,3 BHK,1540.0,3.0,50.0
Hosa Road,3 BHK,1639.0,3.0,80.0
Marathahalli,4 Bedroom,700.0,4.0,72.0
Raja Rajeshwari Nagar,2 BHK,1303.0,2.0,55.79
Koramangala,2 BHK,1005.0,1.0,110.0
Chandapura,3 BHK,1305.0,3.0,33.28
Kothannur,3 Bedroom,600.0,4.0,95.0
sapthagiri Layout,2 BHK,1300.0,1.0,115.0
Brookefield,3 BHK,1440.0,2.0,68.0
Seegehalli,2 BHK,901.0,2.0,35.14
Rajaji Nagar,3 BHK,1725.0,3.0,200.0
Sarjapur,3 BHK,900.0,2.0,42.0
BEML Layout,2 BHK,1060.0,2.0,55.0
NGR Layout,2 BHK,1020.0,2.0,48.45
Varthur,3 BHK,1535.0,3.0,65.99
Alur,1 BHK,530.0,1.0,20.0
Haralur Road,3 BHK,1464.0,3.0,56.0
Devarabisanahalli,2 BHK,1350.0,2.0,80.0
Sarjapur  Road,2 BHK,1115.0,2.0,50.0
Uttarahalli,2 BHK,1175.0,2.0,47.0
Whitefield,2 BHK,1113.0,2.0,62.0
Uttarahalli,6 Bedroom,1200.0,4.0,225.0
Ramamurthy Nagar,5 Bedroom,1640.0,4.0,240.0
Giri Nagar,2 BHK,650.0,2.0,42.0
Marathahalli,2 BHK,1325.0,2.0,71.55
Electronics City Phase 1,2 BHK,950.0,2.0,31.0
Jakkur,3 BHK,1396.0,2.0,86.51
Rachenahalli,2 BHK,1050.0,2.0,52.07
Thanisandra,3 BHK,1825.0,3.0,100.0
7th Phase JP Nagar,2 BHK,1190.0,2.0,49.98
Marathahalli,2 BHK,1220.0,2.0,56.5
NRI Layout,3 BHK,1565.0,2.0,75.0
Hennur Road,3 BHK,1891.0,3.0,109.0
Sidedahalli,2 BHK,900.0,2.0,27.0
Hosa Road,2 BHK,1161.0,2.0,55.15
Dwarka Nagar,8 Bedroom,2400.0,6.0,125.0
Rajaji Nagar,4 Bedroom,315.0,4.0,90.0
Yeshwanthpur,1 BHK,665.0,1.0,36.85
Mysore Road,2 BHK,1175.0,2.0,73.5
Hoodi,2 BHK,1425.0,2.0,80.0
Chikkabanavar,1 Bedroom,1200.0,1.0,20.0
ITPL,3 Bedroom,1200.0,3.0,56.12
Somasundara Palya,2 BHK,1255.0,2.0,67.0
Hegde Nagar,3 BHK,2112.95,4.0,145.0
Raja Rajeshwari Nagar,1 BHK,600.0,1.0,22.0
Haralur Road,3 BHK,1810.0,3.0,100.0
Indira Nagar,2 BHK,1200.0,2.0,93.0
Harlur,2 BHK,1033.0,2.0,49.0
ITPL,3 BHK,1548.0,3.0,89.5
Horamavu Banaswadi,3 BHK,1611.0,3.0,66.0
Electronic City Phase II,3 BHK,1400.0,2.0,40.43
Vidyaranyapura,3 BHK,1485.0,2.0,67.0
Margondanahalli,2 Bedroom,2400.0,2.0,82.0
Pattandur Agrahara,2 BHK,1025.0,2.0,44.5
Thurahalli,4 Bedroom,600.0,3.0,65.0
Hallehalli,2 BHK,1225.0,2.0,53.0
5th Phase JP Nagar,2 BHK,1256.0,2.0,62.8
Whitefield,4 BHK,2268.0,3.0,163.0
Kanakpura Road,3 BHK,1100.0,3.0,53.0
Vadarpalya,2 BHK,1141.0,2.0,62.0
Attibele,1 BHK,400.0,1.0,12.0
Chandapura,2 Bedroom,1400.0,2.0,60.0
Kattigenahalli,7 BHK,4100.0,7.0,140.0
Weavers Colony,1 BHK,15.0,1.0,30.0
Raghavendra Nagar,2 BHK,1175.0,2.0,48.27
Sahakara Nagar,2 BHK,1100.0,2.0,56.0
Kanakpura Road,3 BHK,1843.0,3.0,95.84
1st Phase JP Nagar,8 Bedroom,1200.0,7.0,240.0
Horamavu Banaswadi,2 BHK,1460.0,2.0,80.5
Rachenahalli,3 BHK,1530.0,2.0,74.5
HSR Layout,2 BHK,1467.0,2.0,55.0
KR Layout,1 BHK,950.0,1.0,40.0
Vittasandra,2 BHK,1246.0,2.0,64.5
Kanakapura,1 BHK,711.0,1.0,38.0
Haralur Road,2 BHK,1194.0,2.0,46.0
Babusapalaya,3 BHK,1358.0,2.0,43.4
Nagasandra,6 Bedroom,1500.0,5.0,130.0
Hoodi,2 BHK,1420.0,2.0,75.0
Kathriguppe,3 BHK,1250.0,2.0,68.75
Akshaya Nagar,2 BHK,1280.0,2.0,58.0
Nagappa Reddy Layout,2 BHK,1209.0,2.0,50.0
Kempapura,5 Bedroom,4200.0,5.0,225.0
BTM 1st Stage,4 Bedroom,1215.0,4.0,205.0
Panathur,3 BHK,1315.0,2.0,54.8
Kariyammana Agrahara,3 BHK,1800.0,3.0,90.0
Hessarghatta,5 Bedroom,1600.0,4.0,125.0
TC Palaya,3 BHK,1600.0,2.0,65.0
Binnamangala,6 Bedroom,3968.0,5.0,900.0
Suraksha Nagar,3 BHK,1563.0,3.0,52.0
Whitefield,3 BHK,1560.0,2.0,72.0
Brookefield,3 BHK,2169.0,4.0,115.0
Lakshmi Layout,9 Bedroom,900.0,10.0,170.0
Rachenahalli,2 BHK,1050.0,2.0,55.5
Iblur Village,3 BHK,3235.0,3.0,235.0
TC Palaya,3 Bedroom,1200.0,3.0,66.0
HSR Layout,2 BHK,1140.0,2.0,46.0
7th Phase JP Nagar,3 Bedroom,1500.0,3.0,170.0
Horamavu Agara,3 BHK,1560.0,3.0,75.0
JP Nagar,2 BHK,1100.0,2.0,70.0
Kasavanhalli,3 BHK,1260.0,2.0,40.32
Hebbal,2 BHK,1036.0,2.0,50.0
Akshaya Nagar,3 BHK,1662.0,3.0,85.1
Yelachenahalli,3 BHK,1464.0,2.0,105.0
Yelahanka,2 BHK,1234.0,2.0,80.0
Sarjapur  Road,3 BHK,1403.0,3.0,55.0
Kadugondanahalli,4 Bedroom,915.0,4.0,54.9
2nd Stage Nagarbhavi,6 Bedroom,3000.0,8.0,451.0
Seegehalli,3 BHK,1150.0,2.0,42.9
Hebbal,4 BHK,3900.0,4.0,410.0
Yeshwanthpur,5 Bedroom,850.0,4.0,90.0
Kanakapura,2 BHK,929.0,2.0,46.0
2nd Stage Nagarbhavi,6 Bedroom,2400.0,8.0,450.0
TC Palaya,3 Bedroom,1350.0,2.0,75.0
Vasanthapura,2 BHK,1135.0,2.0,39.73
Basava Nagar,2 BHK,1405.0,2.0,70.0
Whitefield,2 Bedroom,1200.0,2.0,45.84
Haralur Road,4 BHK,2805.0,4.0,154.0
Yeshwanthpur,2 BHK,1161.0,2.0,64.08
Kanakpura Road,2 BHK,1290.0,2.0,74.0
Yeshwanthpur,3 BHK,2557.0,3.0,141.0
2nd Block Hrbr Layout,3 BHK,1480.0,3.0,90.0
BTM 1st Stage,9 Bedroom,3300.0,14.0,500.0
Old Madras Road,3 BHK,1350.0,3.0,54.54
Kadugodi,3 BHK,1580.0,2.0,65.0
Banashankari,3 BHK,1470.0,2.0,88.64
Ananth Nagar,1 BHK,500.0,1.0,14.0
Sarjapur  Road,2 BHK,1346.0,2.0,61.92
Canara Bank Layout,3 BHK,1600.0,3.0,90.0
Naganathapura,2 BHK,720.0,2.0,120.0
Manjunath Nagar,4 Bedroom,1200.0,4.0,135.0
Basapura,2 BHK,1200.0,2.0,35.0
Channasandra,3 BHK,1340.0,2.0,48.33
Devanahalli,4 Bedroom,6136.0,4.0,560.0
Jigani,2 BHK,918.0,2.0,48.0
Singena Agrahara,3 Bedroom,1500.0,3.0,115.0
Yelahanka,2 BHK,1315.0,2.0,85.0
Sector 1 HSR Layout,4 Bedroom,2400.0,5.0,775.0
Uttarahalli,3 BHK,1390.0,2.0,62.55
Uttarahalli,3 BHK,1330.0,2.0,56.0
Jalahalli,5 BHK,3100.0,4.0,265.0
Mango Garden Layout,3 BHK,1824.0,3.0,125.0
7th Phase JP Nagar,3 BHK,1420.0,2.0,96.0
Kacharakanahalli,1 Bedroom,750.0,1.0,56.25
Jalahalli East,3 BHK,1260.0,2.0,60.0
Hennur Road,3 BHK,1561.0,3.0,95.0
5th Phase JP Nagar,9 Bedroom,812.0,6.0,165.0
"Bidere Agarahara, Behind Safal market",2 BHK,1060.0,2.0,42.0
Hoodi,8 Bedroom,1120.0,8.0,145.0
Haralur Road,2 BHK,1225.0,2.0,67.38
Thanisandra,3 BHK,2144.0,3.0,135.0
Kengeri,7 Bedroom,1200.0,6.0,140.0
Electronic City,2 BHK,880.0,2.0,29.0
Hoodi,3 BHK,1639.0,3.0,110.0
Thanisandra,3 BHK,1240.0,2.0,62.0
Kanakpura Road,2 BHK,1500.0,2.0,69.0
Haralur Road,2 BHK,1243.0,2.0,46.0
Marathahalli,3 BHK,1575.0,3.0,78.0
Haralur Road,2 BHK,1027.0,2.0,44.0
Kambipura,3 BHK,1082.0,2.0,56.0
Konanakunte,3 BHK,1637.0,3.0,73.0
Kanakpura Road,3 BHK,1665.0,3.0,86.58
Electronic City,2 BHK,1265.0,2.0,56.93
Electronic City,3 BHK,1691.0,2.0,102.0
Thanisandra,2 BHK,1100.0,2.0,38.0
Grihalakshmi Layout,5 Bedroom,24.0,2.0,150.0
Gopalkrishna Nagar,3 Bedroom,1500.0,3.0,62.0
Hosakerehalli,4 BHK,3205.0,5.0,380.0
Kammanahalli,5 Bedroom,1666.0,4.0,150.0
Choodasandra,2 BHK,1115.0,2.0,50.0
Mysore Road,2 BHK,1070.0,2.0,45.0
Indira Nagar,2 BHK,1128.0,2.0,105.0
Budigere,2 BHK,1162.0,2.0,57.0
Sai Gardens,2 BHK,1339.0,2.0,55.0
Mahadevpura,2 BHK,1192.0,2.0,75.0
Haralur Road,3 BHK,1920.0,3.0,115.0
Hennur,2 BHK,1255.0,2.0,52.32
Rajaji Nagar,2 BHK,1357.0,2.0,115.0
Dodda Kempaiah Layout,3 BHK,1600.0,3.0,75.0
Hanumanth Nagar,2 BHK,1225.0,2.0,55.11
Whitefield,4 Bedroom,2400.0,4.0,200.0
Kasturi Nagar,3 BHK,1570.0,3.0,80.0
Thanisandra,2 BHK,1093.0,2.0,70.0
Basaveshwara Nagar,3 BHK,1865.0,3.0,145.0
R.T. Nagar,6 Bedroom,1200.0,7.0,165.0
Kaikondrahalli,2 BHK,1039.0,2.0,80.0
Vittasandra,2 BHK,1246.0,2.0,64.5
Whitefield,3 BHK,1985.0,3.0,75.0
Hosakerehalli,3 BHK,1590.0,3.0,49.0
Hunasamaranahalli,4 Bedroom,4000.0,4.0,675.0
Electronic City Phase II,2 BHK,775.0,2.0,38.0
RWF West Colony,2 BHK,1000.0,2.0,50.0
Hebbal Kempapura,3 BHK,1800.0,3.0,175.0
Bommasandra,2 BHK,1035.0,2.0,41.0
Dasarahalli,3 BHK,1520.0,2.0,75.0
Whitefield,2 BHK,1360.0,2.0,95.0
Bileshivale,4 Bedroom,6000.0,5.0,400.0
Kodigehaali,2 BHK,1117.0,2.0,56.0
KR Puram,4 Bedroom,1200.0,4.0,120.0
EPIP Zone,2 BHK,1330.0,2.0,92.5
Marathahalli,3 BHK,1937.0,3.0,160.0
Electronic City,2 BHK,1128.0,2.0,65.49
Neeladri Nagar,2 BHK,1053.0,2.0,45.0
Panathur,2 BHK,1198.0,2.0,77.0
Marathahalli,2 BHK,1152.0,2.0,56.0
1st Block Jayanagar,6 BHK,1200.0,6.0,125.0
Frazer Town,2 BHK,1625.0,2.0,75.0
Kundalahalli,3 BHK,1397.0,3.0,105.0
Yeshwanthpur,3 BHK,1523.0,3.0,170.0
Kambipura,2 BHK,883.0,2.0,45.0
Kaggalipura,1 BHK,700.0,1.0,38.0
Yelahanka,2 BHK,1170.0,2.0,62.5
Kanakpura Road,3 BHK,1200.0,2.0,42.0
Manayata Tech Park,3 BHK,2400.0,3.0,170.0
Kullappa Colony,2 BHK,1480.0,2.0,65.0
Akshaya Nagar,3 BHK,1897.0,3.0,120.0
Rachenahalli,2 BHK,996.0,2.0,67.0
Haralur Road,3 BHK,1875.0,3.0,110.0
Williams Town,3 BHK,1500.0,2.0,98.0
Jaya Nagar East,3 BHK,3095.0,3.0,350.0
Ambalipura,3 BHK,1390.0,2.0,175.0
Yelahanka,1 BHK,697.0,1.0,45.0
Sarjapur  Road,1 BHK,710.0,1.0,27.0
Iggalur,2 BHK,910.0,2.0,30.5
Sompura,3 BHK,1025.0,2.0,48.0
Harlur,4 Bedroom,1200.0,4.0,244.0
Horamavu Agara,3 BHK,1453.0,2.0,46.48
Sarjapur  Road,4 BHK,3335.0,5.0,300.0
Bellandur,2 BHK,1281.0,2.0,74.0
Cooke Town,1 BHK,565.0,1.0,35.0
Varthur,2 BHK,1024.0,2.0,42.0
Electronic City,3 BHK,1620.0,3.0,62.0
Whitefield,2 BHK,1254.0,2.0,40.0
Banashankari,3 BHK,1300.0,2.0,75.0
Doddakallasandra,2 BHK,1233.0,2.0,43.0
Chokkanahalli,1 Bedroom,1200.0,1.0,28.0
Hosur Road,3 BHK,1510.0,2.0,105.0
Kaggalipura,2 BHK,950.0,2.0,65.0
Battarahalli,3 BHK,1945.0,3.0,97.42
Uttarahalli,2 BHK,1008.0,2.0,45.0
Thanisandra,3 BHK,1265.0,2.0,79.0
Hebbal,3 BHK,1255.0,2.0,77.68
Kanakpura Road,4 BHK,2689.0,6.0,220.0
Yelenahalli,2 BHK,1200.0,2.0,46.17
Sarjapur  Road,3 BHK,1403.0,3.0,51.63
Kudlu Gate,3 BHK,1535.0,3.0,85.0
Chikkaballapur,3 Bedroom,1500.0,3.0,100.0
Chamrajpet,3 BHK,1475.0,2.0,120.0
Uttarahalli,3 BHK,1390.0,2.0,60.47
Raja Rajeshwari Nagar,3 BHK,1278.0,2.0,53.76
VGP Layout,2 BHK,1133.0,2.0,55.0
Classic Paradise Layout,5 Bedroom,1560.0,5.0,145.0
Byappanahalli,5 Bedroom,2900.0,5.0,90.0
Kogilu,2 BHK,1170.0,2.0,51.99
Sahakara Nagar,3 Bedroom,1200.0,3.0,200.0
Whitefield,3 BHK,1697.0,3.0,94.79
Thanisandra,3 BHK,1651.0,3.0,97.38
Vasanth nagar,3 BHK,1560.0,3.0,188.0
Hennur Road,3 BHK,1192.0,2.0,60.0
OMBR Layout,2 BHK,1078.0,2.0,65.0
Kumaraswami Layout,7 Bedroom,800.0,7.0,105.0
Kasavanhalli,2 BHK,1349.0,2.0,78.0
Ulsoor,9 Bedroom,2300.0,8.0,210.0
7th Phase JP Nagar,3 BHK,1680.0,3.0,120.0
Rayasandra,3 BHK,1314.0,2.0,63.0
Garudachar Palya,2 BHK,1060.0,2.0,48.7
Kalyan nagar,2 BHK,820.0,2.0,39.0
Whitefield,4 Bedroom,5000.0,4.0,400.0
BEML Layout,3 BHK,2000.0,3.0,85.0
Kalkere,2 BHK,856.0,2.0,40.0
Rajaji Nagar,3 BHK,1621.0,4.0,130.0
ITPL,3 Bedroom,1200.0,3.0,68.4
Bannerghatta Road,3 BHK,1484.0,3.0,52.5
T.C. Palya,4 Bedroom,600.0,5.0,60.0
Siddapura,4 Bedroom,14000.0,3.0,800.0
Yelahanka New Town,1 BHK,500.0,1.0,20.0
Makali,1 BHK,485.0,1.0,15.0
7th Phase JP Nagar,2 BHK,1050.0,2.0,42.0
Uttarahalli,3 BHK,1617.0,3.0,66.68
Electronic City,2 BHK,550.0,1.0,16.0
RWF West Colony,3 BHK,1384.0,3.0,62.28
Devanahalli,2 BHK,1408.0,2.0,85.0
Uttarahalli,2 BHK,1150.0,2.0,49.0
Akshaya Nagar,3 BHK,1410.0,2.0,75.0
Kaggadasapura,4 BHK,2150.0,4.0,100.0
Koramangala,3 BHK,2292.0,4.0,275.0
Malleshwaram,3 BHK,2006.0,3.0,297.0
Maragondanahalli,3 BHK,1508.0,3.0,70.25
Ramamurthy Nagar,2 BHK,1040.0,2.0,50.0
TC Palaya,2 Bedroom,1240.0,2.0,60.0
Kudlu Gate,3 BHK,1535.0,3.0,78.0
Lakshminarayana Pura,2 BHK,1180.0,2.0,75.0
Abbigere,6 Bedroom,2200.0,6.0,68.0
Bannerghatta Road,2 BHK,1400.0,2.0,78.0
Raja Rajeshwari Nagar,1 BHK,500.0,1.0,25.0
Whitefield,4 Bedroom,4800.0,4.0,525.0
Sarjapur  Road,3 BHK,1984.0,4.0,146.0
Whitefield,4 Bedroom,3000.0,5.0,250.0
Garudachar Palya,3 BHK,1960.0,3.0,160.0
Sarjapur  Road,2 BHK,1035.0,2.0,45.0
Vibuthipura,4 Bedroom,2150.0,4.0,80.0
Whitefield,3 BHK,1700.0,3.0,115.0
Hosakerehalli,4 BHK,3024.0,5.0,248.0
Tumkur Road,3 BHK,1586.0,3.0,100.0
Hennur,3 Bedroom,2264.0,,155.0
Chikka Tirupathi,4 Bedroom,2325.0,4.0,120.0
Yelahanka,2 BHK,1120.0,2.0,55.0
Sarjapur  Road,2 BHK,1128.0,2.0,59.0
5th Block Hbr Layout,6 Bedroom,1200.0,6.0,250.0
Jigani,2 BHK,924.0,2.0,65.0
Suraksha Nagar,3 BHK,1600.0,3.0,52.0
Pai Layout,2 BHK,1006.0,2.0,35.0
Amruthahalli,2 BHK,1200.0,2.0,55.0
Jalahalli West,2 BHK,1250.0,2.0,62.0
Defence Layout,3 Bedroom,1200.0,3.0,130.0
Kannamangala,2 BHK,957.0,2.0,56.0
Whitefield,2 BHK,1140.0,2.0,41.0
Roopena Agrahara,2 BHK,1050.0,2.0,67.0
Kasturi Nagar,3 BHK,1565.0,3.0,88.5
Whitefield,2 BHK,1190.0,2.0,57.0
Whitefield,3 Bedroom,2842.0,3.0,162.0
Kanakpura Road,3 BHK,1558.67,2.0,65.0
Electronics City Phase 1,1 BHK,630.0,1.0,39.0
Whitefield,3 BHK,1403.0,2.0,60.81
Kanakpura Road,3 BHK,1542.0,2.0,85.0
Haralur Road,4 Bedroom,2750.0,4.0,220.0
Iblur Village,4 BHK,3596.0,5.0,290.0
Kengeri Satellite Town,3 BHK,1635.0,2.0,78.0
Mysore Road,2 BHK,1239.0,2.0,53.0
Haralur Road,2 BHK,1194.0,2.0,47.0
Dooravani Nagar,3 BHK,1596.0,3.0,105.0
Channasandra,2 BHK,1009.0,2.0,38.34
Hosa Road,3 BHK,1726.0,3.0,81.99
Kudlu Gate,3 BHK,1535.0,3.0,86.0
Banashankari Stage V,3 BHK,1300.0,2.0,58.5
Whitefield,4 Bedroom,3100.0,4.0,465.0
Coconut Garden,3 BHK,1800.0,3.0,80.0
Binny Pete,1 BHK,665.0,1.0,50.75
Chamrajpet,9 Bedroom,4050.0,7.0,1200.0
TC Palaya,3 Bedroom,1500.0,2.0,100.0
Kalkere,2 BHK,925.0,2.0,48.0
Old Airport Road,4 BHK,3356.0,4.0,251.0
Gollahalli,2 BHK,1395.0,2.0,63.59
Sonnenahalli,3 BHK,1415.0,2.0,55.0
Begur,3 BHK,1419.0,2.0,59.0
Kasavanhalli,2 BHK,1121.0,2.0,78.0
Kambipura,3 BHK,1082.0,2.0,45.0
KR Puram,2 BHK,1100.0,2.0,47.0
Hoodi,3 BHK,1606.0,3.0,89.55
Billekahalli,3 BHK,1650.0,3.0,88.0
D Souza Layout,3 BHK,4634.0,4.0,1015.0
Old Airport Road,2 BHK,1206.0,2.0,75.0
Sarjapur  Road,3 BHK,1495.0,2.0,64.0
Malleshwaram,8 Bedroom,840.0,7.0,195.0
Electronic City,2 BHK,710.0,2.0,16.0
Balagere,2 BHK,1210.0,2.0,72.0
Nagarbhavi,3 BHK,1523.0,2.0,53.4
Whitefield,2 BHK,1232.0,2.0,45.0
Rachenahalli,1 BHK,680.0,1.0,44.0
Hebbal,3 BHK,1355.0,3.0,83.87
Thanisandra,3 BHK,1430.0,2.0,51.46
Kothannur,3 BHK,1275.0,2.0,43.85
Electronic City,2 BHK,1070.0,2.0,56.1
Bettahalsoor,3 Bedroom,1200.0,3.0,85.0
Electronic City,4 Bedroom,2000.0,4.0,120.0
Bommanahalli,2 BHK,1200.0,2.0,40.0
Marathahalli,3 BHK,1610.0,3.0,90.0
Haralur Road,2 BHK,1140.0,2.0,43.0
Raja Rajeshwari Nagar,2 BHK,1143.0,2.0,38.65
Jakkur,4 BHK,3467.86,6.0,249.0
Rachenahalli,3 BHK,1530.0,2.0,74.4
7th Phase JP Nagar,2 BHK,980.0,2.0,69.0
Whitefield,3 BHK,1485.0,3.0,65.0
Whitefield,3 Bedroom,1500.0,3.0,130.0
Whitefield,2 BHK,1280.0,2.0,75.0
Thanisandra,2 BHK,1265.0,2.0,85.0
"ECC Road, Whitefield, ",2 BHK,1132.0,2.0,67.0
Ashwath Nagar,2 BHK,1262.0,2.0,63.0
JP Nagar,2 BHK,940.0,2.0,49.0
Seetharampalya,3 BHK,1515.0,3.0,88.0
Jigani,3 BHK,1300.0,3.0,150.0
Kothanur,3 Bedroom,1840.0,3.0,69.0
Electronic City,2 BHK,890.0,2.0,45.0
Rukmaiah Layout,3 BHK,1655.0,3.0,86.06
Hennur Road,3 BHK,2060.0,3.0,149.0
Bommanahalli,3 BHK,1730.0,3.0,96.0
Yelahanka,3 BHK,2195.0,4.0,127.0
Kathriguppe,3 BHK,1650.0,3.0,125.0
KR Puram,2 Bedroom,1200.0,2.0,71.0
Hosa Road,2 BHK,1079.0,2.0,32.37
Panathur,2 BHK,1085.0,2.0,36.0
Maruthi Sevanagar,7 Bedroom,5000.0,7.0,299.0
Yelahanka,2 BHK,1075.0,2.0,51.5
Devanahalli Int. Airport,2 BHK,1380.0,2.0,80.0
Puttanahalli,3 BHK,1450.0,3.0,65.0
Thubarahalli,2 BHK,1200.0,2.0,78.0
Benson Town,3 BHK,3200.0,4.0,350.0
Hoodi,3 BHK,1639.0,3.0,98.32
Jakkuru Layout,2 BHK,1200.0,2.0,54.0
Vijayanagar,3 BHK,1739.0,3.0,116.0
Palanahalli,4 Bedroom,4346.0,5.0,500.0
Old Madras Road,2 BHK,935.0,2.0,32.72
 Thanisandra,1 RK,510.0,1.0,25.25
Devasandra Extension,6 Bedroom,1200.0,6.0,180.0
Nagondanahalli,2 BHK,1178.0,2.0,47.0
Chikkalasandra,3 BHK,1375.0,2.0,50.0
Chandapura,3 BHK,1065.0,2.0,33.0
2nd Phase Judicial Layout,3 BHK,1450.0,2.0,50.75
BEML Layout,2 BHK,999.0,2.0,45.0
Amruthahalli,2 BHK,4400.0,3.0,475.0
Marathahalli,5 Bedroom,1350.0,4.0,135.0
Kothannur,2 BHK,1100.0,2.0,40.0
Koramangala,3 BHK,1835.0,2.0,155.0
Hoodi,4 BHK,2090.0,4.0,95.1
Lingadheeranahalli,3 BHK,1519.0,3.0,93.0
Dommasandra,3 BHK,1267.0,3.0,56.0
Sanjay nagar,2 BHK,1150.0,2.0,72.2
Marathahalli,2 BHK,1146.0,2.0,70.0
1st Block HRBR Layout,8 Bedroom,1200.0,7.0,235.0
Kannamangala,3 BHK,1550.0,3.0,65.0
Chandapura,2 BHK,850.0,1.0,18.5
Richmond Town,3 BHK,2200.0,3.0,187.0
"Sarjapur Road, ",3 Bedroom,3329.0,3.0,330.0
Electronics City Phase 1,1 BHK,785.0,1.0,55.0
Hebbal Kempapura,3 BHK,2900.0,4.0,300.0
Raja Rajeshwari Nagar,3 BHK,1610.0,3.0,74.0
Bellandur,2 BHK,921.0,2.0,40.0
Kengeri Satellite Town,3 Bedroom,850.0,3.0,95.0
Bannerghatta Road,5 Bedroom,2700.0,5.0,158.0
Sarjapur  Road,3 BHK,1700.0,3.0,110.0
Sarjapur,2 BHK,1020.0,2.0,35.0
Billekahalli,2 BHK,1090.0,2.0,52.0
Bagalur Main Road,4 Bedroom,3600.0,4.0,300.0
Haralur Road,2 BHK,1027.0,2.0,44.0
Thanisandra,2 BHK,1185.0,2.0,42.1
Doddathoguru,2 BHK,850.0,2.0,25.0
Harlur,2 BHK,1197.0,2.0,84.0
Byadarahalli,4 BHK,3500.0,3.0,450.0
Poorna Pragna Layout,2 BHK,920.0,2.0,39.55
Raja Rajeshwari Nagar,2 BHK,1105.0,2.0,65.0
Yeshwanthpur,3 BHK,1850.0,3.0,100.0
Judicial Layout,3 BHK,1300.0,3.0,64.0
"Varthur Road, ",3 BHK,1595.0,3.0,76.0
Kodihalli,4 BHK,3073.0,5.0,696.0
Horamavu Agara,2 BHK,755.0,2.0,37.49
Nagasandra,5 Bedroom,4050.0,5.0,140.0
Kanakpura Road,3 BHK,1300.0,2.0,69.0
Bannerghatta Road,2 BHK,1215.0,2.0,50.0
Kanakpura Road,2 BHK,900.0,2.0,46.0
Banashankari Stage III,2 BHK,1145.0,2.0,58.4
Chikka Banaswadi,2 BHK,1093.0,2.0,65.0
Babusapalaya,3 BHK,1213.0,2.0,41.39
Bannerghatta Road,3 BHK,1654.0,3.0,100.0
NGR Layout,2 BHK,1105.0,2.0,52.48
Babusapalaya,3 BHK,1611.0,2.0,66.0
Outer Ring Road East,2 BHK,1367.0,2.0,62.0
Devanahalli,2 BHK,1010.0,2.0,51.0
Kavika Layout,3 Bedroom,750.0,2.0,75.0
Vinayaka Nagar,3 BHK,1535.0,3.0,95.0
Anekal,2 BHK,620.0,2.0,22.0
Horamavu Agara,2 BHK,982.0,2.0,47.65
Banashankari Stage II,2 BHK,1700.0,2.0,150.0
Whitefield,2 BHK,1330.0,2.0,71.0
JP Nagar,3 Bedroom,2500.0,3.0,135.0
Poorna Pragna Layout,3 BHK,1475.0,2.0,58.99
Bhoganhalli,3 BHK,1410.0,3.0,65.0
Yelahanka New Town,1 BHK,440.0,1.0,16.5
Yelahanka,3 BHK,1614.0,3.0,95.0
Neeladri Nagar,2 BHK,1363.0,2.0,68.0
Kogilu,2 Bedroom,650.0,2.0,28.0
Dodda Kempaiah Layout,2 BHK,1015.0,2.0,45.0
Horamavu Banaswadi,2 BHK,1156.0,2.0,46.0
Hennur Busstop,2 BHK,1100.0,2.0,62.7
KR Puram,3 BHK,1455.0,3.0,46.0
GB Palya,2 BHK,930.0,2.0,45.0
AMS Layout,3 BHK,1650.0,2.0,80.0
KR Puram,2 Bedroom,1200.0,2.0,90.0
9th Block Jayanagar,1 Bedroom,700.0,1.0,150.0
Karuna Nagar,4 BHK,2900.0,3.0,135.0
Kadugodi,3 BHK,1890.0,4.0,127.0
Ashwathnagar,3 BHK,2197.0,4.0,280.0
Hebbal Kempapura,3 BHK,3522.0,3.0,380.0
Gaurava Nagar,3 BHK,1240.0,2.0,46.0
HRBR Layout,2 BHK,1440.0,2.0,98.0
Kodichikkanahalli,1 BHK,650.0,1.0,38.0
Budigere,1 BHK,764.0,1.0,32.0
Sector 7 HSR Layout,5 Bedroom,900.0,4.0,90.0
Raja Rajeshwari Nagar,3 BHK,1693.0,3.0,57.39
Hoodi,3 BHK,1445.0,3.0,65.0
Kanakpura Road,2 BHK,900.0,1.0,45.0
Singasandra,2 BHK,1030.0,2.0,55.0
Yelahanka,3 BHK,1381.0,2.0,52.48
Basapura,2 BHK,1100.0,2.0,60.0
Hoodi,3 BHK,1575.0,3.0,66.39
Thigalarapalya,2 Bedroom,1200.0,2.0,65.0
Begur Road,2 BHK,1200.0,2.0,43.2
Kasturi Nagar,2 BHK,1080.0,2.0,80.0
Hebbal Kempapura,5 Bedroom,2280.0,5.0,200.0
Akshaya Nagar,3 BHK,1360.0,2.0,85.0
Jakkur,3 BHK,1865.0,3.0,124.0
Sarjapur  Road,3 BHK,1157.0,2.0,75.0
Kammasandra,2 BHK,674.0,2.0,29.0
Whitefield,3 BHK,1405.0,2.0,78.0
Begur Road,2 BHK,1160.0,2.0,44.08
Kengeri Satellite Town ( BDA SITE),4 Bedroom,1600.0,3.0,172.0
Hebbal,3 BHK,1790.0,3.0,127.0
Electronic City,2 BHK,1128.0,2.0,65.65
Panathur,2 BHK,1180.0,2.0,70.0
AGS Layout,3 BHK,1450.0,2.0,85.0
Kengeri,1 BHK,340.0,1.0,10.0
Srinagar,4 Bedroom,2000.0,3.0,166.0
Rachenahalli,2 BHK,1050.0,2.0,53.5
Varthur,2 BHK,1125.0,2.0,40.0
Vittasandra,2 BHK,1246.0,2.0,68.0
HSR Layout,2 BHK,1372.0,2.0,61.0
Uttarahalli,3 BHK,1330.0,2.0,56.0
Binny Pete,3 BHK,2465.0,5.0,234.0
Dasarahalli,2 BHK,1300.0,2.0,55.0
Brigade Road,2 Bedroom,1420.0,1.0,220.0
Bannerghatta,4 Bedroom,810.0,4.0,50.0
Channasandra,2 BHK,1065.0,2.0,35.0
Hessarghatta,2 BHK,700.0,2.0,27.0
Belathur,2 BHK,1050.0,2.0,45.0
Maruthi HBCS Layout,3 BHK,1250.0,3.0,39.5
Electronic City,2 BHK,865.0,2.0,42.0
Uttarahalli,2 BHK,1200.0,2.0,44.0
Srirampura,3 BHK,1756.0,3.0,100.0
Malleshwaram,9 Bedroom,750.0,8.0,150.0
Yelahanka,1 BHK,628.0,1.0,24.0
9th Phase JP Nagar,7 Bedroom,1200.0,6.0,195.0
5th Phase JP Nagar,2 BHK,1207.0,2.0,63.0
Kalena Agrahara,3 BHK,1765.0,3.0,125.0
Electronic City,2 BHK,1130.0,2.0,32.64
Devanahalli Road,3 BHK,1532.0,3.0,92.0
Ejipura,3 BHK,1650.0,3.0,110.0
Horamavu Banaswadi,4 Bedroom,1200.0,4.0,105.0
Bhoganhalli,2 BHK,804.1,2.0,69.09
Doddathoguru,2 BHK,1200.0,2.0,75.0
Kengeri,2 BHK,1197.0,2.0,50.0
Green Woods Layout,2 BHK,1200.0,2.0,66.0
Uttarahalli,3 BHK,1385.0,2.0,48.48
Craig Park Layout,2 BHK,1010.0,2.0,148.0
Whitefield,3 BHK,2225.0,3.0,115.0
Immadihalli,2 BHK,1180.0,2.0,48.0
Banagiri Nagar,3 BHK,1525.0,2.0,122.0
Ananth Nagar,2 BHK,1100.0,2.0,31.5
Hiremath Layout,3 BHK,1435.0,3.0,70.0
Attibele,1 BHK,400.0,1.0,14.0
Dommasandra,2 BHK,1200.0,2.0,50.0
Whitefield,2 BHK,1272.0,2.0,95.05
Whitefield,2 BHK,1205.0,2.0,39.0
Kalena Agrahara,2 BHK,980.0,2.0,40.0
Malleshpalya,2 BHK,1225.0,2.0,46.86
Whitefield,3 BHK,1541.0,3.0,72.0
Ramagondanahalli,3 BHK,1610.0,2.0,111.0
Jalahalli,2 BHK,1694.0,2.0,125.0
Jnanabharathi Layout,3 Bedroom,600.0,3.0,75.0
Kaggalipura,2 BHK,950.0,2.0,39.0
Muneshwara Nagar,3 BHK,1560.0,2.0,66.0
Chandapura,2 BHK,1201.0,2.0,27.0
Chandapura,2 Bedroom,1500.0,2.0,60.0
Malleshpalya,3 BHK,1785.0,3.0,75.0
Raja Rajeshwari Nagar,2 BHK,1258.0,2.0,63.53
Electronic City,2 BHK,910.0,2.0,42.0
Thigalarapalya,2 BHK,1297.0,2.0,112.0
Kundalahalli,2 BHK,1291.0,2.0,49.0
Chikkasandra,2 BHK,1070.0,2.0,42.0
Varthur,2 BHK,1012.0,2.0,66.5
Mahadevpura,2 BHK,1260.0,2.0,57.6
Sarjapur  Road,2 BHK,1282.0,2.0,72.0
Kanakpura Road,3 BHK,1843.0,3.0,92.15
Bharath Housing Society Layout,4 Bedroom,2400.0,3.0,200.0
Chikka Tirupathi,5 Bedroom,3356.0,5.0,105.0
Hebbal,4 BHK,2790.0,5.0,198.0
EPIP Zone,2 BHK,1330.0,2.0,86.98
Konanakunte,3 BHK,1400.0,2.0,73.0
Whitefield,2 BHK,1192.0,2.0,71.0
3rd Block Jayanagar,2 BHK,1000.0,2.0,130.0
Thigalarapalya,2 BHK,1297.0,2.0,103.0
Vijayanagar,3 BHK,1490.0,3.0,100.0
Rayasandra,3 BHK,1373.0,3.0,72.0
7th Phase JP Nagar,2 BHK,1035.0,2.0,41.39
Kadugodi,4 Bedroom,3750.0,4.0,210.0
Doddakallasandra,2 BHK,1010.0,2.0,40.39
Sarjapur,2 BHK,1195.0,2.0,42.0
HSR Layout,3 BHK,1750.0,3.0,95.0
Malleshpalya,2 BHK,1052.0,2.0,50.0
Horamavu Banaswadi,2 BHK,1180.0,2.0,58.0
Padmanabhanagar,5 Bedroom,3680.0,4.0,440.0
Hormavu,3 BHK,2100.0,3.0,73.0
Hoodi,4 Bedroom,2863.0,4.0,140.0
Raja Rajeshwari Nagar,2 BHK,1128.0,2.0,38.24
Ulsoor,3 BHK,2700.0,3.0,450.0
JP Nagar,2 BHK,1120.0,2.0,33.6
HSR Layout,3 BHK,2424.0,3.0,90.0
Manjunatha Layout,2 BHK,1300.0,2.0,60.0
Kanakapura,2 BHK,1090.0,2.0,32.69
Yelahanka,3 Bedroom,2710.0,3.0,251.0
Konanakunte Cross,2 Bedroom,3040.0,1.0,180.0
Uttarahalli,3 BHK,1330.0,2.0,46.55
Hosur Road,3 BHK,1427.0,2.0,80.63
Banjara Layout,3 BHK,1294.0,2.0,48.0
Begur,3 BHK,1580.0,3.0,75.0
Uttarahalli,5 Bedroom,400.0,5.0,200.0
Chikka Tirupathi,3 Bedroom,1808.0,4.0,80.27
Rajaji Nagar,4 BHK,3516.0,4.0,540.0
Parappana Agrahara,2 BHK,1194.0,2.0,47.0
Kanakpura Road,2 BHK,900.0,2.0,46.0
Abbaiah Reddy Layout,3 BHK,1310.0,2.0,50.0
Kanakpura Road,2 BHK,900.0,2.0,46.0
Singasandra,4 Bedroom,3850.0,6.0,195.0
Kogilu,7 Bedroom,925.0,7.0,88.0
Yelachenahalli,2 BHK,2400.0,1.0,150.0
Koramangala,2 BHK,1290.0,2.0,100.0
Yelahanka,6 Bedroom,3770.0,6.0,110.0
Lakshmi Layout,3 BHK,1390.0,3.0,120.0
Tavarekere,4 Bedroom,1200.0,4.0,72.0
Bisuvanahalli,2 BHK,845.0,2.0,33.0
Yelahanka,3 BHK,1537.0,3.0,120.0
Immadihalli,2 BHK,1135.0,2.0,68.0
Hoodi,3 BHK,1512.0,3.0,75.77
Srinivasa Nagar,2 BHK,900.0,2.0,55.0
Jigani,3 BHK,1230.0,3.0,54.0
Thirumenahalli,3 BHK,1378.0,2.0,42.33
Whitefield,2 BHK,1277.0,2.0,61.3
Hebbal,3 BHK,1985.0,4.0,189.0
Kengeri,5 Bedroom,8000.0,5.0,500.0
KPC Layout,2 BHK,1210.0,2.0,62.0
Yelahanka,2 BHK,890.0,2.0,40.0
JP Nagar,9 Bedroom,2550.0,9.0,360.0
Sarjapur,4 Bedroom,1200.0,5.0,110.0
Ardendale,4 BHK,3198.0,4.0,200.0
HOSUR MAIN ROAD,3 BHK,1464.0,3.0,56.0
Hebbal,4 BHK,2483.0,5.0,215.0
Begur,4 Bedroom,1550.0,4.0,130.0
Sarjapur  Road,4 BHK,4111.0,4.0,310.0
Electronic City,2 BHK,975.0,2.0,37.5
Nandi Durga Road,3 BHK,2500.0,3.0,250.0
Rajiv Nagar,3 BHK,1690.0,3.0,125.0
Hosa Road,2 BHK,1063.0,2.0,31.89
Cooke Town,3 Bedroom,2572.0,3.0,390.0
Kumara Park,3 BHK,2200.0,4.0,350.0
Daadys Gaarden Layout,3 BHK,1600.0,3.0,80.0
Maruthi Nagar,3 BHK,1250.0,3.0,39.5
Bommanahalli,1 BHK,520.0,1.0,19.5
Marathahalli,4 BHK,4000.0,5.0,212.0
Munnekollal,3 BHK,1390.0,3.0,68.0
Whitefield,2 BHK,1185.0,2.0,40.0
Sahakara Nagar,2 BHK,1219.0,2.0,48.0
Kudlu Gate,3 BHK,1564.0,2.0,92.0
Hosa Road,2 BHK,1100.0,2.0,37.1
Kothannur,3 BHK,1300.0,2.0,60.0
Chikkabanavar,3 Bedroom,1600.0,2.0,80.0
Ramamurthy Nagar,3 Bedroom,1600.0,3.0,75.0
Hennur Road,3 BHK,1482.0,2.0,92.0
Marsur,3 Bedroom,1000.0,4.0,66.0
Shampura,2 BHK,1200.0,2.0,53.0
Gubbalala,3 Bedroom,600.0,3.0,75.0
Kengeri,2 BHK,1200.0,2.0,58.0
Kereguddadahalli,6 Bedroom,600.0,4.0,60.0
Nagarbhavi,3 Bedroom,2400.0,3.0,160.0
Marathahalli,3 BHK,1469.0,3.0,89.0
Kanakapura,1 BHK,551.0,1.0,30.0
Electronics City Phase 1,2 BHK,1160.0,2.0,52.0
Balagere,2 BHK,1205.0,2.0,78.5
Kasavanhalli,3 BHK,1550.0,2.0,52.0
Gubbalala,3 BHK,1745.0,3.0,125.0
AECS Layout,2 BHK,1028.0,2.0,42.0
Frazer Town,3 BHK,1700.0,3.0,180.0
Karuna Nagar,3 BHK,1200.0,2.0,34.0
Kodihalli,3 BHK,2700.0,4.0,270.0
Kallumantapa,2 BHK,1100.0,2.0,50.0
Ramamurthy Nagar,2 Bedroom,1200.0,3.0,72.0
Kaverappa Layout,2 BHK,1269.72,2.0,68.0
Electronic City Phase II,2 BHK,1266.0,2.0,59.0
Mysore Road,2 BHK,1060.0,2.0,62.0
Malimakanapura,3 Bedroom,1168.0,3.0,70.0
Medahalli,2 BHK,1552.0,2.0,51.0
Attibele,1 BHK,500.0,1.0,17.0
Hulimavu,2 BHK,1080.0,2.0,43.2
Kattigenahalli,4 Bedroom,2100.0,4.0,155.0
Rustam Bagh Layout,2 BHK,1300.0,2.0,65.0
Electronics City Phase 1,2 BHK,920.0,2.0,33.0
New Thippasandra,4 Bedroom,817.0,2.0,120.0
Harlur,2 BHK,1310.0,2.0,50.0
Horamavu Agara,3 BHK,1650.0,2.0,75.0
Garden Layout,3 BHK,1515.0,3.0,93.93
Raja Rajeshwari Nagar,2 BHK,1157.0,2.0,53.8
Viswapriyanagar.begur Road.bommanahalli.,4 BHK,2400.0,5.0,85.0
Konanakunte,4 BHK,3000.0,4.0,160.0
Basavangudi,3 BHK,2200.0,2.0,162.0
"Hoodi Circle, ",2 BHK,1243.0,2.0,58.0
Rachenahalli,3 BHK,1530.0,2.0,74.39
Judicial Layout,3 BHK,2070.0,3.0,162.0
Yelahanka,3 BHK,1815.0,3.0,82.0
Sarjapur  Road,4 BHK,3900.0,4.0,300.0
Electronic City Phase II,2 BHK,1000.0,2.0,28.88
Ananth Nagar,2 BHK,982.0,2.0,24.55
Hennur Road,2 BHK,1232.0,2.0,89.0
Binny Pete,3 BHK,1282.0,3.0,178.0
Yelahanka,1 BHK,654.0,1.0,38.4
Bannerghatta Road,2 BHK,1181.0,2.0,55.0
Bisuvanahalli,3 BHK,1075.0,2.0,45.0
2nd Stage Nagarbhavi,4 Bedroom,1200.0,4.0,245.0
T K Reddy Layout,3 BHK,1616.0,3.0,75.0
Herohalli,5 Bedroom,1800.0,6.0,44.5
Kumbena Agrahara,6 Bedroom,1200.0,4.0,135.0
Whitefield,3 BHK,1306.0,3.0,54.65
Whitefield,3 BHK,1626.0,3.0,89.0
"Pai layout , Mahadevapura",6 BHK,2700.0,4.0,214.0
Whitefield,3 BHK,1585.0,3.0,88.0
7th Phase JP Nagar,2 BHK,1370.0,2.0,56.17
Whitefield,5 Bedroom,3250.0,5.0,900.0
Kanakpura Road,2 BHK,1495.0,2.0,90.0
frazertown,3 BHK,2000.0,3.0,210.0
Akshayanagara East,5 Bedroom,2400.0,4.0,300.0
Bannerghatta,3 Bedroom,1375.0,3.0,57.0
Kereguddadahalli,3 BHK,1400.0,2.0,48.0
Kadugodi,5 BHK,1100.0,5.0,135.0
Hebbal Kempapura,4 Bedroom,1200.0,4.0,215.0
Yelahanka,2 BHK,1150.0,2.0,46.0
Hebbal,2 BHK,1080.0,2.0,54.0
Kaikondrahalli,3 BHK,1645.0,3.0,100.0
Doddanekundi,3 BHK,1760.0,3.0,176.0
Venkatadri Layout,1 BHK,595.0,1.0,42.0
Bommenahalli,3 Bedroom,1200.0,3.0,125.0
Mahaganapathy Nagar,2 BHK,1410.0,2.0,67.0
Huskur,2 BHK,1090.0,2.0,31.48
Ramagondanahalli,1 Bedroom,540.0,1.0,30.0
Sarjapur  Road,2 BHK,1300.0,2.0,60.0
9th Phase JP Nagar,3 BHK,1890.0,2.0,85.0
Belathur,2 BHK,1254.0,2.0,53.0
Kattigenahalli,7 Bedroom,2800.0,7.0,125.0
Ulsoor,2 BHK,1275.0,2.0,120.0
Kathriguppe,3 BHK,1245.0,2.0,68.48
Rustam Bagh Layout,2 BHK,1170.0,2.0,86.0
Panathur,2 BHK,1193.0,2.0,86.0
Chandapura,2 BHK,850.0,2.0,25.4
Marathahalli,3 BHK,1678.0,3.0,70.0
Gunjur,3 BHK,1600.0,3.0,75.0
Electronics City Phase 1,3 BHK,1750.0,3.0,84.0
Whitefield,2 BHK,1125.0,2.0,62.0
Andrahalli,4 Bedroom,2200.0,4.0,235.0
HBR Layout,3 BHK,2800.0,2.0,200.0
R.T. Nagar,2 Bedroom,1200.0,2.0,120.0
Vittal Nagar,2 BHK,1000.0,2.0,50.0
Sadashiva Nagar,4 BHK,2780.0,5.0,480.0
Electronic City Phase II,3 BHK,1320.0,2.0,38.13
2Electronic City Phase II,27 BHK,8000.0,27.0,230.0
Ardendale,4 BHK,2422.0,4.0,160.0
Kasavanhalli,2 BHK,1100.0,2.0,50.0
Uttarahalli,2 BHK,882.0,2.0,30.0
Bisuvanahalli,2 BHK,845.0,2.0,37.0
Kambipura,2 BHK,883.0,2.0,39.0
Brookefield,3 BHK,1595.0,3.0,88.0
Whitefield,2 BHK,1280.0,2.0,85.0
3rd Block Banashankari,4 Bedroom,1700.0,2.0,550.0
Bhuvaneshwari Nagar,2 BHK,920.0,2.0,35.0
Choodasandra,2 BHK,1300.0,2.0,57.0
Shanthala Nagar,2 BHK,1450.0,1.0,230.0
Harlur,3 BHK,1757.0,3.0,132.0
Anekal,1 BHK,600.0,1.0,16.5
Jnanabharathi Layout,4 Bedroom,2400.0,3.0,142.0
Sarjapur,2 BHK,1240.0,2.0,44.0
Kadarenahalli,10 Bedroom,750.0,10.0,90.0
EPIP Zone,2 BHK,1330.0,2.0,93.36
8th Phase JP Nagar,2 BHK,1062.0,2.0,42.47
JP Nagar,2 BHK,1078.0,2.0,45.0
Bannerghatta Road,3 BHK,1460.0,2.0,72.0
Whitefield,3 Bedroom,1200.0,3.0,68.5
Laggere,1 BHK,1200.0,1.0,48.0
Kammasandra,3 BHK,912.0,2.0,39.0
Victoria Layout,5 Bedroom,2400.0,5.0,625.0
Prithvi Layout,4 Bedroom,2028.0,4.0,162.0
Mysore Road,2 BHK,980.0,2.0,45.47
Sarjapur  Road,2 BHK,1000.0,2.0,40.0
Sarjapur  Road,2 BHK,1050.0,2.0,62.0
Bannerghatta,3 Bedroom,2611.0,3.0,239.0
Domlur,3 BHK,1875.0,2.0,150.0
Hennur Road,2 BHK,1065.0,2.0,42.6
Sanjay nagar,3 BHK,1800.0,3.0,180.0
Sector 7 HSR Layout,2 BHK,1163.0,2.0,98.86
Tumkur Road,2 BHK,1098.0,2.0,72.0
5th Phase JP Nagar,3 BHK,1725.0,2.0,100.0
Whitefield,4 Bedroom,4000.0,4.0,330.0
Thubarahalli,2 BHK,1128.0,2.0,75.0
Subramanyanagar,8 Bedroom,1320.0,6.0,200.0
Yelahanka,3 BHK,1705.0,3.0,74.16
Thigalarapalya,2 BHK,1418.0,2.0,95.0
Ramamurthy Nagar,3 Bedroom,1500.0,3.0,160.0
Hebbal,2 BHK,1100.0,2.0,50.0
KUDLU MAIN ROAD,3 BHK,1464.0,3.0,56.0
Hebbal,2 BHK,812.0,2.0,55.0
Doddanekundi,2 BHK,1280.0,2.0,40.0
Whitefield,2 BHK,1420.0,2.0,136.0
1 Ramamurthy Nagar,11 Bedroom,1200.0,11.0,170.0
Kadugondanahalli,6 Bedroom,727.0,6.0,66.0
Banashankari Stage II,4 Bedroom,1200.0,2.0,150.0
Old Airport Road,4 BHK,2774.0,4.0,207.0
5th Stage BEML Layout,3 BHK,2000.0,3.0,85.0
HBR Layout,3 BHK,1722.0,3.0,95.0
Indira Nagar,3 BHK,2800.0,3.0,330.0
Jaya Mahal layout,3 BHK,1650.0,3.0,175.0
BSM Extension,2 BHK,840.0,2.0,27.0
Jigani,2 BHK,914.0,2.0,47.0
Hennur Road,3 BHK,1482.0,2.0,83.73
Kundalahalli,3 BHK,1724.0,3.0,127.0
Vijinapura,3 BHK,1670.0,3.0,91.86
Banaswadi,2 BHK,1184.0,2.0,53.0
Kodigehaali,2 BHK,1200.0,2.0,55.0
TC Palaya,2 Bedroom,1200.0,2.0,65.0
Jigani,2 BHK,927.0,2.0,55.0
P&T Layout,2 BHK,1242.0,2.0,39.7
Electronic City Phase II,3 BHK,1220.0,3.0,35.23
Electronic City,3 BHK,1360.0,2.0,75.0
Brookefield,4 Bedroom,2800.0,4.0,240.0
7th Phase JP Nagar,2 BHK,1180.0,2.0,72.0
Whitefield,3 BHK,1697.0,3.0,108.0
Yelahanka New Town,2 BHK,550.0,2.0,26.0
Hennur,2 BHK,1225.0,2.0,57.0
Byrasandra,3 BHK,1690.0,2.0,55.0
SBM Colony,10 Bedroom,1660.0,10.0,475.0
Veerannapalya,3 BHK,1488.0,3.0,57.0
Chowdeshwari Layout,3 BHK,1250.0,2.0,80.0
JP Nagar,1 BHK,1050.0,1.0,44.0
HSR Layout,2 BHK,1027.0,2.0,44.0
Kanakpura Road,3 BHK,1699.0,3.0,81.94
Whitefield,2 BHK,1205.0,2.0,58.0
Mathikere Extension,4 Bedroom,712.0,2.0,67.5
Horamavu Agara,2 BHK,950.0,2.0,39.0
TC Palaya,2 Bedroom,1200.0,2.0,70.0
Akshaya Nagar,3 BHK,1476.0,3.0,120.0
CV Raman Nagar,2 BHK,1070.0,2.0,55.0
EPIP Zone,3 BHK,2160.0,4.0,172.0
Sector 2 HSR Layout,2 BHK,1296.0,2.0,75.0
Chikkalasandra,2 Bedroom,1800.0,1.0,128.0
Kanakpura Road,3 BHK,1570.0,3.0,64.5
Koramangala,2 BHK,1300.0,2.0,110.0
Sarjapur,4 BHK,1550.0,2.0,65.0
Electronic City,2 BHK,770.0,1.0,40.0
Jalahalli,3 BHK,1870.0,3.0,110.0
Anantapura,3 Bedroom,1650.0,4.0,160.0
Domlur,3 BHK,1429.0,3.0,86.0
Babusapalaya,3 BHK,1167.0,2.0,39.98
Bommasandra,2 BHK,1035.0,2.0,41.73
Kengeri,3 BHK,1188.0,2.0,38.0
2nd Stage Nagarbhavi,5 Bedroom,1200.0,4.0,285.0
Nagarbhavi,1 BHK,884.0,2.0,36.0
Haralur Road,2 BHK,1194.0,2.0,46.0
Hoodi,2 BHK,1026.0,2.0,60.87
Shivaji Nagar,7 Bedroom,1400.0,6.0,200.0
Kaikondrahalli,2 BHK,1115.0,2.0,50.0
Hebbal Kempapura,2 Bedroom,1200.0,2.0,125.0
Old Airport Road,4 BHK,2690.0,4.0,191.0
Subramanyapura,2 BHK,975.0,2.0,58.0
Hosa Road,3 Bedroom,675.0,3.0,72.5
Chamrajpet,4 BHK,1900.0,2.0,170.0
Banashankari,3 Bedroom,600.0,3.0,100.0
OMBR Layout,2 BHK,1101.0,2.0,65.5
Sarjapur  Road,3 BHK,1700.0,3.0,135.0
Whitefield,4 BHK,3606.0,4.0,312.0
Padmanabhanagar,2 BHK,1258.0,2.0,115.0
Kanakpura Road,3 BHK,1560.0,3.0,92.0
Old Madras Road,4 BHK,3630.0,6.0,195.0
JP Nagar,3 BHK,2000.0,3.0,250.0
Hebbal,4 BHK,2790.0,4.0,198.0
Badavala Nagar,3 BHK,1494.0,2.0,94.55
Hennur Road,3 BHK,1482.0,2.0,87.0
Rustam Bagh Layout,2 BHK,800.0,2.0,50.0
Raja Rajeshwari Nagar,2 BHK,1185.0,2.0,47.39
Hulimavu,2 BHK,1100.0,2.0,71.5
NRI Layout,2 Bedroom,1300.0,2.0,120.0
4th Block Koramangala,2 BHK,1225.0,2.0,150.0
Hulimavu,3 BHK,1758.0,3.0,65.0
Banaswadi,2 BHK,1145.0,2.0,55.0
Hormavu,2 BHK,1180.0,2.0,50.0
Belatur,2 BHK,1260.0,2.0,58.0
Arekere,2 BHK,1190.0,2.0,55.0
Sarjapur  Road,3 BHK,1691.0,3.0,119.0
Lalbagh Road,4 BHK,3675.0,4.0,367.0
Frazer Town,3 BHK,1305.0,3.0,95.45
Basavangudi,3 BHK,2337.0,4.0,292.0
Kamakya Layout,2 Bedroom,1200.0,2.0,150.0
Domlur,2 BHK,1206.0,2.0,217.0
Vignana Nagar,5 Bedroom,1350.0,4.0,130.0
Kogilu,2 BHK,1140.0,2.0,50.66
Nallurhalli,2 BHK,1250.0,2.0,65.0
Kamakshipalya,3 Bedroom,600.0,2.0,60.0
Chinnapanahalli,2 BHK,1225.0,2.0,48.0
Kereguddadahalli,2 BHK,800.0,2.0,28.0
Jalahalli East,2 BHK,1020.0,2.0,58.0
TC Palaya,4 Bedroom,2100.0,2.0,50.0
Lingarajapuram,2 Bedroom,1350.0,2.0,80.0
Anekal,2 BHK,925.0,2.0,40.0
Yelachenahalli,4 Bedroom,1800.0,3.0,220.0
3rd Block HBR Layout,3 Bedroom,2000.0,3.0,100.0
Frazer Town,3 BHK,1510.0,2.0,75.0
Kasavanhalli,5 Bedroom,5800.0,7.0,1200.0
Laxmi Sagar Layout,3 BHK,1614.0,3.0,110.0
Yeshwanthpur,3 Bedroom,682.0,2.0,130.0
Gottigere,2 Bedroom,1200.0,2.0,95.0
TC Palaya,2 Bedroom,900.0,2.0,55.0
Bommenahalli,4 Bedroom,1632.0,3.0,145.0
OMBR Layout,2 BHK,1041.0,2.0,65.5
7th Phase JP Nagar,6 BHK,5080.0,7.0,450.0
Bannerghatta,4 BHK,3012.0,6.0,250.0
Marathahalli,3 BHK,1530.0,3.0,74.5
Sector 2 HSR Layout,3 BHK,1450.0,2.0,135.0
Bannerghatta Road,2 BHK,1200.0,2.0,75.0
Sahakara Nagar,4 Bedroom,1200.0,4.0,130.0
Hosur Road,3 BHK,1508.0,2.0,110.0
New Gurappana Palya,7 BHK,600.0,7.0,106.0
Dodda Nekkundi Extension,2 BHK,1188.0,2.0,73.0
Old Airport Road,4 BHK,2690.0,4.0,199.0
Harlur,2 BHK,1174.0,2.0,76.0
Old Madras Road,3 BHK,1350.0,3.0,58.99
Frazer Town,3 BHK,1870.0,3.0,185.0
Kengeri Satellite Town,2 BHK,1072.0,2.0,25.0
Nelamangala,3 Bedroom,52272.0,2.0,140.0
Kengeri,2 BHK,726.0,2.0,31.0
Hosur Road,2 BHK,1345.0,2.0,106.0
Begur Road,2 BHK,1200.0,2.0,45.0
Nagavarapalya,2 BHK,980.0,2.0,37.0
Hormavu,2 BHK,1050.0,2.0,77.0
Uttarahalli,2 BHK,993.0,2.0,39.71
7th Phase JP Nagar,3 BHK,1300.0,2.0,52.0
Vittasandra,3 BHK,1743.0,3.0,85.0
Whitefield,4 Bedroom,1204.0,4.0,125.0
Hormavu,2 Bedroom,1200.0,2.0,67.0
2nd Block Hrbr Layout,3 BHK,1480.0,3.0,90.0
Sarjapur,2 BHK,950.0,2.0,32.5
Domlur,1 BHK,640.0,1.0,55.0
Electronic City Phase II,2 BHK,972.0,2.0,44.0
Marathahalli,3 BHK,1840.0,3.0,98.0
Electronic City,2 BHK,1128.0,2.0,64.0
Hongasandra,2 Bedroom,680.0,2.0,42.0
Harappanahalli,2 Bedroom,2400.0,2.0,95.0
Basapura,2 BHK,1045.0,2.0,42.0
Roopena Agrahara,2 BHK,955.0,2.0,53.55
Doddakallasandra,3 BHK,1360.0,2.0,54.39
BTM Layout,2 BHK,1150.0,2.0,63.0
Hennur Road,4 Bedroom,3450.0,4.0,294.0
Chennammana Kere,2 BHK,1115.0,2.0,56.87
Jigani,2 BHK,920.0,2.0,46.0
Bommasandra Industrial Area,2 BHK,1030.0,2.0,41.0
Thanisandra,3 BHK,1564.0,3.0,101.0
Uttarahalli,2 BHK,1045.0,2.0,45.0
Hegde Nagar,4 Bedroom,1200.0,4.0,83.0
Subramanyapura,2 BHK,1277.0,2.0,55.0
Kanaka Nagar,3 BHK,2479.13,3.0,215.0
Sarjapur  Road,3 BHK,1846.0,3.0,140.0
Tasker Town,2 BHK,1100.0,2.0,106.0
Govindpura,3 BHK,1690.0,3.0,75.0
Hormavu,2 Bedroom,1200.0,3.0,70.0
Yelahanka,4 Bedroom,3042.0,4.0,131.0
Rajaji Nagar,3 BHK,1640.0,3.0,223.0
NR Colony,2 BHK,1068.0,2.0,40.05
Kanakpura Road,2 BHK,1135.0,2.0,58.0
Agara Village,3 BHK,1925.0,3.0,120.0
Begur Road,3 BHK,1615.0,3.0,60.0
Shettigere,1 BHK,650.0,1.0,26.0
Chikkasandra,9 Bedroom,1200.0,9.0,120.0
Kaggadasapura,2 BHK,1150.0,2.0,42.0
Kothannur,6 Bedroom,930.0,6.0,135.0
Kenchanehalli R R Nagar,3 BHK,1410.0,2.0,45.12
6th Phase JP Nagar,3 Bedroom,600.0,2.0,100.0
Kumara Park,3 BHK,2000.0,3.0,207.0
Tumkur Road,3 BHK,1354.0,3.0,90.0
BEL Road,2 Bedroom,1050.0,2.0,110.0
Arekere,1 BHK,600.0,1.0,28.0
Varthur,4 Bedroom,1320.0,2.0,110.0
Koramangala,3 BHK,1600.0,3.0,88.0
Kanakpura Road,4 Bedroom,3500.0,6.0,225.0
GM Palaya,2 BHK,1000.0,2.0,36.0
Byagadadhenahalli,3 BHK,1130.0,3.0,38.0
Vittasandra,2 BHK,1238.0,2.0,67.0
Ashwathnagar,3 BHK,2204.0,2.0,305.0
KR Puram,8 Bedroom,1200.0,12.0,110.0
Kudlu Gate,3 BHK,1364.0,2.0,46.38
Srinivasa Nagar,2 BHK,900.0,2.0,45.0
Gubbalala,3 BHK,1745.0,3.0,104.0
Kogilu,2 BHK,1200.0,2.0,53.33
Kanakapura,2 BHK,1020.0,2.0,42.83
Banashankari Stage III,3 BHK,1650.0,3.0,118.0
Doddabommasandra,3 BHK,1550.0,2.0,70.0
5th Phase JP Nagar,2 BHK,1440.0,2.0,60.0
Sarjapura - Attibele Road,3 BHK,1329.0,2.0,45.95
Maruthi Layout,2 BHK,916.0,2.0,42.0
Hulimavu,1 BHK,688.0,1.0,50.0
Sree Narayana Nagar,3 BHK,1358.0,3.0,50.0
Kanakpura Road,2 BHK,1331.0,2.0,107.0
Malleshwaram,1 BHK,686.0,1.0,62.5
Hoodi,2 BHK,1050.0,2.0,50.0
Talaghattapura,3 BHK,2106.0,3.0,126.0
Bhoganhalli,3 BHK,1718.0,3.0,90.2
Raja Rajeshwari Nagar,3 BHK,1530.0,3.0,57.0
5th Block Hbr Layout,2 BHK,1206.0,2.0,56.0
Hebbal,2 BHK,1075.0,2.0,52.0
Sarjapur  Road,3 Bedroom,1200.0,3.0,95.0
Tunganagara,3 BHK,1936.0,2.0,54.21
Nagavara,4 BHK,2172.65,3.0,120.0
Sahakara Nagar,3 BHK,1100.0,2.0,75.0
BTM 2nd Stage,3 Bedroom,1260.0,5.0,185.0
Hongasandra,8 Bedroom,990.0,12.0,120.0
Jalahalli East,3 Bedroom,800.0,2.0,80.0
Sarjapur  Road,2 BHK,1117.0,2.0,29.99
Remco Bhel Layout,3 BHK,1685.0,2.0,110.0
CV Raman Nagar,2 BHK,740.0,2.0,37.0
Chamrajpet,4 Bedroom,1080.0,4.0,250.0
Magadi Road,4 Bedroom,1500.0,2.0,93.0
Banashankari,3 BHK,1800.0,3.0,115.0
Yelachenahalli,3 BHK,1700.0,3.0,130.0
Uttarahalli,2 BHK,850.0,2.0,37.93
Hennur Road,3 BHK,1891.0,3.0,139.0
Jalahalli,2 BHK,1400.0,1.0,80.0
Lakshminarayana Pura,2 BHK,1172.0,2.0,82.0
Electronic City Phase II,3 BHK,1400.0,2.0,40.43
Sonnenahalli,2 BHK,896.0,2.0,43.75
Vijayanagar,2 BHK,1180.0,2.0,65.0
Basaveshwara Nagar,7 Bedroom,2460.0,7.0,350.0
Chokkasandra,2 BHK,850.0,2.0,33.0
Anekal,1 BHK,530.0,1.0,18.0
2nd Block Hrbr Layout,3 BHK,1550.0,3.0,110.0
Kanakapura,3 BHK,1699.0,3.0,97.0
Bellandur,4 BHK,2025.0,4.0,109.0
Ananth Nagar,1 BHK,500.0,2.0,14.0
Panduranga Nagar,1 BHK,500.0,1.0,20.0
Sri Venkateshpura Layout,2 BHK,1146.0,2.0,38.5
Malleshwaram,3 BHK,2475.0,4.0,332.0
Haralur Road,2 BHK,1455.0,2.0,145.0
Seegehalli,2 Bedroom,800.0,1.0,50.0
Abbigere,1 BHK,765.0,2.0,30.0
Lingadheeranahalli,3 BHK,1521.0,3.0,94.99
Gottigere,3 BHK,1600.0,2.0,55.0
Byadarahalli,3 BHK,3155.0,4.0,370.0
Hebbal Kempapura,3 BHK,2900.0,4.0,240.0
Jakkur Plantation,3 BHK,1765.0,3.0,105.0
Kasavanhalli,3 BHK,1980.0,3.0,88.0
Amruthahalli,3 Bedroom,1900.0,3.0,135.0
Kaverappa Layout,2 BHK,1265.0,2.0,70.0
Bommasandra,2 BHK,1034.0,2.0,40.0
Kaverappa Layout,2 BHK,1012.0,2.0,59.0
Electronic City,2 BHK,1070.0,2.0,54.0
Mahadevpura,4 Bedroom,3555.0,4.0,230.0
5th Block Hbr Layout,3 BHK,1270.0,2.0,70.0
Yeshwanthpur,2 Bedroom,585.0,1.0,70.0
Doddanekundi,3 BHK,2045.0,4.0,154.0
Bellandur,3 BHK,1490.0,2.0,98.0
Banaswadi,7 Bedroom,6150.0,6.0,830.0
Mysore Road,2 BHK,883.0,2.0,40.0
Yeshwanthpur,1 BHK,671.0,1.0,36.85
Kammasandra,2 BHK,1156.0,2.0,32.0
Haralur Road,3 BHK,2017.0,3.0,125.0
Thigalarapalya,4 BHK,3122.0,6.0,235.0
Ramagondanahalli,3 BHK,1635.0,3.0,62.0
Sir M V Nagar,7 Bedroom,4400.0,9.0,120.0
Kanakpura Road,2 BHK,1296.0,2.0,89.0
Bikasipura,6 Bedroom,2400.0,4.0,280.0
Budigere,2 BHK,1139.0,2.0,62.0
CV Raman Nagar,2 BHK,1230.0,3.0,47.0
Basaveshwara Nagar Yelahanka,1 BHK,581.91,2.0,25.0
Binny Pete,2 BHK,1245.0,2.0,86.28
Sidedahalli,3 Bedroom,1158.0,2.0,85.0
Marathahalli,4 BHK,3951.0,4.0,220.0
Electronic City,2 BHK,550.0,1.0,15.0
Ramamurthy Nagar,1 BHK,360.0,1.0,26.0
Electronics City Phase 1,3 BHK,1350.0,3.0,55.0
Green Glen Layout,3 BHK,1670.0,3.0,120.0
Akshaya Nagar,3 BHK,1600.0,2.0,65.0
Horamavu Banaswadi,2 BHK,1307.0,2.0,51.6
7th Phase JP Nagar,3 BHK,1050.0,2.0,57.0
Hennur Road,3 BHK,1703.0,3.0,101.0
Kaggalipura,3 BHK,1210.0,2.0,58.0
Electronic City,2 BHK,1025.0,2.0,29.6
Haralur Road,2 BHK,1140.0,2.0,43.0
7th Phase JP Nagar,3 BHK,1343.0,2.0,56.41
R.T. Nagar,3 BHK,1560.0,3.0,85.0
Kalkere,2 BHK,925.0,2.0,51.0
Kanakpura Road,3 BHK,1420.0,2.0,75.0
1st Block Koramangala,2 BHK,1415.0,2.0,110.0
Shree Ananth Nagar Layout,2 BHK,1210.0,2.0,60.0
Yeshwanthpur,3 BHK,1852.0,3.0,160.0
Hoskote,3 BHK,1250.0,3.0,50.0
9th Phase JP Nagar,2 BHK,1100.0,2.0,65.0
2nd Phase Judicial Layout,2 BHK,1150.0,2.0,40.25
Jakkur,2 BHK,1100.0,2.0,53.35
Magadi Road,2 Bedroom,1350.0,1.0,100.0
Panathur,3 BHK,1546.0,3.0,99.0
Ambedkar Nagar,2 BHK,1424.0,2.0,90.0
Bellandur,3 BHK,1398.0,3.0,68.0
Indira Nagar,3 BHK,1650.0,3.0,200.0
HBR Layout,4 Bedroom,1200.0,4.0,120.0
Brookefield,3 BHK,1476.0,3.0,105.0
Attiguppe,2 Bedroom,500.0,2.0,70.0
Magadi Road,3 BHK,1322.0,2.0,58.82
Srirampuram,2 Bedroom,432.0,2.0,40.0
Yemlur,2 BHK,1100.0,2.0,55.0
Race Course Road,4 BHK,4750.0,5.0,600.0
Sarjapur,3 BHK,1285.0,2.0,68.0
Ambalipura,2 BHK,1150.0,2.0,80.0
Thanisandra,3 BHK,1430.0,2.0,56.0
Marathahalli,3 BHK,1350.0,2.0,62.0
Gkvk Layout,3 Bedroom,1350.0,3.0,195.0
Thubarahalli,2 BHK,1185.0,2.0,65.0
Bannerghatta Road,3 BHK,1760.0,3.0,67.0
Bank Of Baroda Colony,4 Bedroom,2400.0,5.0,350.0
Kanakpura Road,2 BHK,900.0,2.0,41.0
Kanakpura Road,2 BHK,1297.0,2.0,105.0
Sector 1 HSR Layout,3 BHK,1840.0,3.0,155.0
Ramamurthy Nagar,2 BHK,950.0,2.0,50.79
Chikkabanavar,5 Bedroom,1200.0,4.0,70.0
BTM 2nd Stage,2 BHK,950.0,2.0,52.0
Electronic City,3 BHK,1571.0,3.0,89.0
Electronic City Phase II,2 BHK,1031.0,2.0,55.0
Whitefield,2 BHK,1485.0,2.0,90.0
Ananth Nagar,2 BHK,1109.0,2.0,60.0
Koramangala,3 BHK,2200.0,3.0,180.0
Whitefield,1 BHK,950.0,1.0,50.0
Laggere,3 Bedroom,1200.0,2.0,150.0
Hosa Road,2 BHK,1161.0,2.0,55.15
Basavangudi,3 BHK,2350.0,3.0,300.0
Electronic City Phase II,2 BHK,1003.0,2.0,40.6
Bank Of Baroda Colony,2 Bedroom,1350.0,2.0,185.0
9th Phase JP Nagar,2 BHK,1080.0,2.0,37.0
Hulimavu,2 BHK,1255.0,2.0,73.0
Banaswadi,2 BHK,1250.0,2.0,60.0
Brookefield,4 Bedroom,1700.0,4.0,152.0
Ramamurthy Nagar,3 Bedroom,1200.0,2.0,66.0
St. John's Road,2 BHK,824.0,2.0,60.0
1st Phase JP Nagar,3 BHK,1875.0,3.0,167.0
Bommasandra Industrial Area,3 BHK,1320.0,2.0,38.12
Kothanur,5 Bedroom,9600.0,5.0,550.0
Uttarahalli,3 BHK,1330.0,2.0,47.0
Kaikondrahalli,3 BHK,1220.0,3.0,56.0
Electronic City,3 BHK,1111.0,3.0,50.0
Kothannur,2 BHK,1197.0,2.0,47.88
Marathahalli,4 BHK,2519.0,5.0,185.0
Doopanahalli,3 BHK,1340.0,2.0,100.0
Old Madras Road,4 Bedroom,1450.0,3.0,132.0
Hoodi,3 BHK,1837.0,3.0,145.0
Haralur Road,4 Bedroom,1200.0,4.0,245.0
Kudlu Gate,2 BHK,1238.0,2.0,55.0
7th Phase JP Nagar,3 BHK,1405.0,2.0,59.01
Doddaballapur,4 BHK,1690.0,3.0,80.0
Sathanur,3 BHK,1620.0,2.0,110.0
Kanakpura Road,3 BHK,1673.0,3.0,115.0
Margondanahalli,2 Bedroom,1090.0,2.0,58.0
Varthur,2 BHK,1112.0,2.0,40.0
Marathahalli,3 BHK,1385.0,2.0,66.65
Electronic City Phase II,2 BHK,545.0,1.0,27.0
Subramanyapura,2 BHK,985.0,2.0,58.0
Kanakpura Road,2 BHK,1080.0,2.0,37.8
Hosa Road,2 BHK,1430.0,2.0,97.52
Kengeri Satellite Town,2 BHK,1050.0,2.0,43.0
Kumaraswami Layout,4 Bedroom,2000.0,4.0,139.0
Banashankari Stage VI,4 Bedroom,4800.0,4.0,190.0
ITI Layout,3 BHK,1533.0,3.0,115.0
Ramamohanapuram,4 Bedroom,2800.0,3.0,500.0
Malleshwaram,3 BHK,2610.0,3.0,399.0
Lakshminarayana Pura,3 BHK,1750.0,3.0,150.0
TC Palaya,3 Bedroom,1200.0,2.0,66.0
Prithvi Layout,2 BHK,1352.0,2.0,87.5
Harlur,3 BHK,1754.0,3.0,125.0
Tejaswini Nagar,3 BHK,1560.0,3.0,85.0
Bannerghatta,4 BHK,3012.0,6.0,268.0
Whitefield,4 BHK,3584.0,4.0,199.0
Channasandra,3 BHK,1470.0,2.0,90.0
9th Phase JP Nagar,2 BHK,1035.0,2.0,45.0
Whitefield,4 Bedroom,2400.0,5.0,329.0
Kammanahalli,2 BHK,1160.0,2.0,52.0
Jakkur,2 BHK,1100.0,2.0,52.0
Horamavu Agara,2 BHK,1170.0,2.0,38.0
Bannerghatta Road,1 BHK,595.0,1.0,31.83
HSR Layout,3 BHK,1650.0,3.0,110.0
1st Block Jayanagar,3 BHK,1875.0,2.0,235.0
Kamakshipalya,4 BHK,800.0,4.0,80.0
kanakapura road,3 BHK,1375.0,2.0,48.06
Ramagondanahalli,2 BHK,1235.0,2.0,46.8
Kaveri Nagar,1 BHK,750.0,1.0,25.0
7th Phase JP Nagar,3 BHK,1400.0,3.0,115.0
Poorna Pragna Layout,3 BHK,1270.0,2.0,50.79
Bannerghatta Road,2 BHK,1105.0,2.0,51.0
Sundar Ram Shetty Nagar,3 BHK,1375.0,2.0,85.0
Attibele,4 Bedroom,2168.0,4.0,95.0
Gottigere,8 Bedroom,1200.0,8.0,90.0
Yelahanka,2 BHK,1065.0,2.0,40.84
Sector 6 HSR Layout,3 Bedroom,3800.0,3.0,580.0
Raja Rajeshwari Nagar,9 Bedroom,3125.0,9.0,350.0
Whitefield,1 BHK,825.0,1.0,45.0
Nelamangala,2 BHK,1095.0,2.0,40.0
Ganga Nagar,3 Bedroom,720.0,3.0,65.0
Udayapur Village,3 BHK,1440.0,2.0,60.33
Electronic City,2 BHK,870.0,2.0,39.5
Panathur,2 BHK,1195.0,2.0,84.0
"Kirloskar layout, Basaveshwarnagar",2 BHK,1200.0,2.0,49.5
Raja Rajeshwari Nagar,3 BHK,1530.0,3.0,61.2
Padmanabhanagar,3 BHK,1708.0,2.0,90.5
Alfa Garden Layout,2 BHK,975.0,2.0,43.0
KR Puram,2 BHK,750.0,2.0,25.0
Gowdanapalya,8 Bedroom,1200.0,8.0,190.0
Iblur Village,3 BHK,1920.0,3.0,130.0
Nagarbhavi,6 Bedroom,1200.0,5.0,240.0
Thanisandra,2 BHK,1183.0,2.0,58.56
Kothanur,4 Bedroom,1140.0,4.0,90.0
Mico Layout,3 BHK,1550.0,2.0,65.0
Kaggadasapura,2 BHK,1110.0,2.0,53.0
NS Palya,8 Bedroom,1500.0,10.0,165.0
Kaggadasapura,2 BHK,1105.0,2.0,38.67
Anekal,3 Bedroom,1800.0,3.0,68.0
2nd Phase JP Nagar,5 BHK,2800.0,4.0,200.0
Bommanahalli,2 BHK,1000.0,2.0,29.9
Prithvi Layout,2 BHK,1190.0,2.0,68.0
2nd Stage Nagarbhavi,4 Bedroom,1350.0,4.0,200.0
Hebbal,4 BHK,3067.0,4.0,230.0
Sarjapur  Road,3 BHK,1929.0,4.0,103.0
Ramamurthy Nagar,3 BHK,1525.0,3.0,100.0
Nehru Nagar,3 BHK,1775.0,3.0,110.0
Banashankari,2 BHK,1125.0,2.0,63.0
Hessarghatta,2 BHK,900.0,2.0,42.0
Sarjapur  Road,2 BHK,1155.0,2.0,58.0
Hulimavu,4 Bedroom,1200.0,4.0,75.0
Sonnenahalli,2 BHK,1268.0,2.0,73.0
Hoodi Layout,3 BHK,1500.0,3.0,88.0
Electronic City,1 BHK,630.0,1.0,47.0
Seegehalli,3 BHK,1525.0,3.0,65.0
Kaggadasapura,2 BHK,1060.0,2.0,48.0
Lingadheeranahalli,3 BHK,1687.0,3.0,127.0
Thanisandra,3 BHK,1847.0,3.0,123.0
Begur Road,3 BHK,1410.0,2.0,53.0
7th Phase JP Nagar,2 BHK,1075.0,2.0,42.99
Rajaji Nagar,4 BHK,3526.0,4.0,492.0
BTM Layout,3 Bedroom,3000.0,3.0,338.0
Basavangudi,3 BHK,1500.0,2.0,143.0
Gaundanapalya,2 BHK,1010.0,2.0,46.0
Haralur Road,3 BHK,1875.0,3.0,110.0
Arasanakunte,5 Bedroom,1200.0,6.0,137.0
Kanakpura Road,2 BHK,983.0,2.0,50.6
Kasturi Nagar,2 BHK,1101.0,2.0,65.0
Laxmi Sagar Layout,2 BHK,1140.0,2.0,76.0
Sarjapur  Road,2 BHK,1215.0,2.0,110.0
Kengeri Satellite Town,2 BHK,1007.0,2.0,42.0
Bellandur,3 BHK,2039.0,3.0,168.0
Ulsoor,3 BHK,1020.0,3.0,110.0
Outer Ring Road East,2 BHK,1198.0,2.0,84.0
5th block Koramangala,4 BHK,4000.0,4.0,520.0
Nelamangala,4 Bedroom,1470.0,4.0,34.5
JakkurYelahanka,2 BHK,1370.0,2.0,75.0
Yemlur,2 BHK,1316.0,2.0,55.5
Kaggadasapura,3 BHK,1350.0,3.0,55.5
Gunjur Palya,2 BHK,1050.0,2.0,43.0
Electronic City,2 BHK,921.0,2.0,34.0
Kundalahalli,2 BHK,1010.0,2.0,49.27
KR Puram,2 BHK,1015.0,2.0,43.0
TC Palaya,3 Bedroom,1200.0,2.0,66.5
Lakshminarayana Pura,2 BHK,1179.0,2.0,75.0
Anjanapura,4 BHK,1850.0,4.0,86.0
Kammasandra,2 BHK,870.0,2.0,24.0
Bellandur,3 BHK,1605.0,3.0,85.0
Banashankari Stage VI,4 Bedroom,2800.0,4.0,89.0
Malleshwaram,3 BHK,2475.0,4.0,320.0
Ngef Layout,2 Bedroom,3000.0,2.0,510.0
Bileshivale,6 Bedroom,2400.0,7.0,110.0
2nd Phase JP Nagar,2 BHK,1000.0,1.0,55.0
Ramamurthy Nagar,2 Bedroom,1200.0,2.0,80.0
Manjunatha Layout,2 Bedroom,1200.0,2.0,125.0
Kammasandra,2 Bedroom,1200.0,2.0,66.0
Kashi Nagar,2 BHK,1200.0,2.0,50.0
Hennur,2 BHK,1255.0,2.0,57.5
Hosur Road,2 BHK,1085.0,2.0,30.38
Kanakpura Road,3 BHK,1592.0,3.0,125.0
B Narayanapura,2 BHK,1313.0,2.0,58.27
Kogilu,3 BHK,1934.0,3.0,150.0
Harlur,2 BHK,1200.0,2.0,49.5
Uttarahalli,6 BHK,3600.0,6.0,120.0
Old Madras Road,2 BHK,935.0,2.0,45.0
Bommasandra,2 BHK,877.0,2.0,30.0
Ashwathnagar,2 BHK,936.0,2.0,42.0
Nagasandra,3 BHK,1470.0,2.0,110.0
Upkar Layout,1 Bedroom,1050.0,1.0,70.0
Hennur Road,2 BHK,1232.0,2.0,69.61
Ambedkar Nagar,3 BHK,2225.0,4.0,169.0
Sunkadakatte,3 Bedroom,1200.0,2.0,80.0
Dasarahalli,3 BHK,1901.0,3.0,119.0
Sarjapur  Road,3 BHK,1819.0,3.0,100.0
HOSUR MAIN ROAD,3 BHK,1464.0,3.0,56.0
Banashankari,,2400.0,,460.0
9th Phase JP Nagar,4 BHK,5000.0,4.0,290.0
Someshwara Layout,4 BHK,1200.0,4.0,169.0
Kacharakanahalli,2 BHK,1256.0,2.0,60.0
7th Phase JP Nagar,2 BHK,1100.0,2.0,44.0
TC Palaya,4 Bedroom,4800.0,3.0,302.0
Kothanur,3 BHK,1435.0,3.0,70.0
6th Phase JP Nagar,4 BHK,3245.0,4.0,250.0
Sarjapur  Road,3 BHK,1845.0,4.0,110.0
Jigani,3 Bedroom,2400.0,4.0,130.0
HSR Layout,2 BHK,1140.0,2.0,46.0
Ulsoor,2 BHK,1200.0,2.0,60.0
Talaghattapura,3 BHK,2254.0,3.0,170.0
Frazer Town,3 BHK,1750.0,3.0,150.0
Jalahalli West,2 BHK,1020.0,2.0,37.0
Bommanahalli,1 BHK,515.0,1.0,25.0
Lingadheeranahalli,3 BHK,1893.0,3.0,140.0
Vasanth nagar,3 BHK,3025.0,3.0,500.0
Suddaguntepalya,2 BHK,830.0,2.0,34.0
Singasandra,2 Bedroom,600.0,2.0,36.5
Bisuvanahalli,3 BHK,1075.0,2.0,90.0
Kathreguppe,4 Bedroom,3200.0,4.0,1200.0
Kasavanhalli,2 BHK,1200.0,2.0,78.0
Sarjapur  Road,2 BHK,1233.0,2.0,77.65
Bannerghatta Road,2 BHK,1255.0,2.0,65.26
Begur Road,2 BHK,1200.0,2.0,37.8
Varthur,3 BHK,2145.0,3.0,175.0
1st Phase JP Nagar,5 Bedroom,1500.0,5.0,85.0
Kothannur,2 BHK,740.0,2.0,34.0
Kengeri,3 BHK,1250.0,3.0,48.0
Channasandra Layout,2 BHK,1210.0,2.0,40.0
Sarjapur  Road,3 BHK,1525.0,2.0,60.0
Kogilu,1 Bedroom,540.0,1.0,36.0
Tumkur Road,3 BHK,1240.0,2.0,84.0
Subramanyapura,3 BHK,1245.0,2.0,68.0
HAL 3rd Stage,3 Bedroom,1865.0,3.0,350.0
Bisuvanahalli,3 BHK,1075.0,2.0,35.99
Nagavara,2 BHK,2200.0,2.0,55.0
Whitefield,2 BHK,1155.0,2.0,60.0
Doctors Layout,2 BHK,1520.0,2.0,62.0
Thigalarapalya,4 BHK,3122.0,6.0,245.0
Harlur,2 BHK,1290.0,2.0,85.0
1st Block HRBR Layout,3 BHK,2300.0,3.0,80.0
Kannamangala,4 Bedroom,3000.0,4.0,200.0
Austin Town,1 BHK,400.0,1.0,14.0
Banashankari,3 BHK,1340.0,2.0,53.6
Malleshwaram,2 BHK,900.0,2.0,95.0
Rajaji Nagar,6 Bedroom,1800.0,4.0,324.0
Hennur Road,2 BHK,987.0,2.0,49.0
Old Madras Road,3 BHK,1720.0,3.0,100.0
Hebbal,2 BHK,1040.0,2.0,50.0
Anandapura,2 Bedroom,900.0,2.0,64.0
Raja Rajeshwari Nagar,2 BHK,1030.0,2.0,50.0
Neeladri Nagar,3 BHK,2556.0,3.0,133.0
Basavangudi,3 BHK,1850.0,3.0,168.0
Kaval Byrasandra,4 Bedroom,750.0,4.0,110.0
Balagere,2 BHK,1028.0,2.0,31.86
7th Phase JP Nagar,2 BHK,1270.0,2.0,83.0
Sahakara Nagar,3 BHK,1655.0,3.0,115.0
Electronics City Phase 1,2 BHK,940.0,2.0,40.0
Domlur,2 BHK,1050.0,2.0,85.0
Rajagopala Nagar,4 Bedroom,600.0,4.0,40.0
Vishwapriya Nagar,2 BHK,946.0,2.0,38.0
CV Raman Nagar,3 BHK,1726.0,3.0,145.0
Sarakki Nagar,3 BHK,2121.0,4.0,253.0
Vittasandra,2 BHK,1404.0,2.0,75.0
Sarjapur,3 BHK,1525.0,2.0,48.0
Kengeri,2 BHK,1025.0,2.0,57.0
Bahubali Nagar,5 Bedroom,1575.0,4.0,150.0
RMV 2nd Stage,2 BHK,860.0,1.0,43.0
Talaghattapura,3 BHK,1223.0,2.0,42.81
Lottegolla Halli,4 BHK,3750.0,3.0,550.0
Kothannur,2 BHK,1197.0,2.0,47.8
Garudachar Palya,2 BHK,1150.0,2.0,52.75
Kodbisanhalli,4 Bedroom,4800.0,5.0,629.0
R.T. Nagar,2 BHK,1040.0,2.0,46.0
Banashankari,2 BHK,1310.0,2.0,80.0
Uttarahalli,3 BHK,1788.0,3.0,98.34
Raja Rajeshwari Nagar,2 BHK,1144.0,2.0,38.55
Anjanapura,2 BHK,1070.0,2.0,39.0
Nandini Layout,2 BHK,1200.0,2.0,70.0
Ambedkar Nagar,3 BHK,1862.0,3.0,120.0
Margondanahalli,2 Bedroom,1200.0,2.0,58.5
Begur Road,2 BHK,970.0,2.0,27.0
Kasavanhalli,3 BHK,1646.0,3.0,79.5
Sarjapur  Road,4 BHK,4395.0,4.0,242.0
Vibhutipura Extension,5 Bedroom,1200.0,4.0,100.0
Iblur Village,3 BHK,1995.0,3.0,135.0
1st Block Jayanagar,4 Bedroom,2400.0,4.0,450.0
Hosakerehalli,2 BHK,1085.0,2.0,47.74
Budigere,2 BHK,1139.0,2.0,56.8
Haralur Road,2 BHK,1092.0,2.0,44.0
Pattandur Agrahara,3 BHK,1767.0,3.0,98.0
HMT Layout,3 BHK,1700.0,3.0,80.0
Bellandur,3 BHK,1692.0,3.0,88.0
6th Phase JP Nagar,3 BHK,1645.0,3.0,100.0
Uttarahalli,3 BHK,1345.0,2.0,57.0
Basapura,2 BHK,1100.0,2.0,60.0
Gollarapalya Hosahalli,3 BHK,1408.0,3.0,62.0
Banashankari Stage III,4 Bedroom,2400.0,4.0,240.0
Kadugodi,4 Bedroom,1920.0,4.0,200.0
Bileshivale,5 Bedroom,6040.0,4.0,170.0
Thigalarapalya,3 BHK,2072.0,4.0,150.0
Malleshwaram,2 BHK,1420.0,2.0,158.0
Electronics City Phase 1,3 Bedroom,2040.0,3.0,137.0
Sarjapur  Road,3 BHK,1220.0,3.0,56.0
8th Phase JP Nagar,4 Bedroom,1200.0,4.0,145.0
B Channasandra,2 BHK,1300.0,2.0,79.0
Electronics City Phase 1,2 BHK,1150.0,2.0,39.0
KR Puram,2 BHK,1470.0,2.0,86.0
Hosa Road,2 BHK,1063.0,2.0,31.9
Harappanahalli,2 BHK,1311.0,2.0,48.0
Dollars Colony,4 BHK,3500.0,4.0,350.0
Nagarbhavi,4 Bedroom,600.0,2.0,100.0
Arehalli,3 BHK,1400.0,2.0,55.0
Kanakpura Road,2 Bedroom,2200.0,2.0,62.0
Thanisandra,3 BHK,1430.0,2.0,56.0
Vidyaranyapura,2 BHK,1060.0,2.0,55.0
Cambridge  road,3 BHK,1000.0,2.0,110.0
Sector 7 HSR Layout,3 BHK,1760.0,3.0,145.0
Whitefield,3 BHK,2010.0,3.0,92.0
Kanakpura Road,3 BHK,1480.0,2.0,64.23
8th Phase JP Nagar,3 BHK,1230.0,2.0,43.5
Gottigere,3 BHK,1300.0,3.0,65.0
Vajarahalli,4 Bedroom,800.0,4.0,120.0
Frazer Town,4 BHK,4850.0,6.0,385.0
Singasandra,2 BHK,1100.0,2.0,52.0
Harlur,3 BHK,1752.12,3.0,116.0
Marathahalli,2 BHK,957.0,2.0,46.9
Hennur Gardens,3 BHK,1942.0,3.0,102.0
Ashirvad Colony,2 BHK,1000.0,2.0,53.0
Yeshwanthpur,1 BHK,668.0,1.0,36.85
Cholanayakanahalli,5 Bedroom,3000.0,6.0,1000.0
Nagarbhavi,3 Bedroom,600.0,2.0,80.0
Uttarahalli,2 BHK,1089.0,2.0,43.55
Thanisandra,3 BHK,1800.0,3.0,90.0
Yelahanka New Town,1 BHK,960.0,2.0,18.0
Yelahanka,2 BHK,1036.0,2.0,39.35
Marathahalli,3 BHK,1583.0,3.0,105.0
7th Phase JP Nagar,4 Bedroom,3300.0,4.0,150.0
Padmanabhanagar,2 BHK,1100.0,2.0,65.0
Thyagaraja Nagar,1 Bedroom,800.0,1.0,100.0
Vittasandra,2 BHK,1246.0,2.0,65.0
Dodda Nekkundi,2 BHK,850.0,2.0,28.0
Raja Rajeshwari Nagar,2 BHK,1196.0,2.0,51.51
Thanisandra,3 BHK,1697.0,3.0,114.0
TC Palaya,2 Bedroom,1000.0,2.0,64.0
HRBR Layout,3 BHK,1567.0,3.0,90.0
Anekal,2 Bedroom,1200.0,1.0,36.0
Sarjapur  Road,4 Bedroom,3750.0,6.0,290.0
Veerannapalya,2 BHK,950.0,2.0,45.0
Howthinarayanappa Garden,2 BHK,1022.0,2.0,52.0
Kammasandra,2 BHK,1018.0,2.0,23.45
Basavanagara,4 Bedroom,2000.0,3.0,25.0
Bharathi Nagar,2 BHK,1322.0,2.0,68.0
Marsur,4 Bedroom,1800.0,4.0,145.0
Doddakallasandra,3 BHK,1460.0,2.0,58.39
SRINIVASAPURA,2 BHK,990.0,2.0,44.55
Cambridge Layout,3 BHK,2400.0,3.0,260.0
Whitefield,3 BHK,1635.0,2.0,85.0
Rajaji Nagar,4 BHK,3526.0,4.0,558.0
Padmanabhanagar,4 Bedroom,3400.0,3.0,210.0
Ramakrishnappa Layout,3 BHK,2770.0,3.0,460.0
Maragondanahalli,3 BHK,1533.0,3.0,85.0
Akshaya Nagar,3 BHK,1720.0,3.0,134.0
Frazer Town,3 BHK,2000.0,3.0,200.0
Yeshwanthpur,2 BHK,1185.0,2.0,75.84
Varthur Road,2 BHK,900.0,2.0,27.0
Attibele,1 BHK,395.0,1.0,10.25
Electronic City Phase II,2 BHK,1031.0,2.0,56.35
3rd Block Banashankari,6 Bedroom,2400.0,8.0,650.0
Thanisandra,4 BHK,2650.0,4.0,240.0
Basaveshwara Nagar,5 Bedroom,2400.0,5.0,415.0
Uttarahalli,3 BHK,1330.0,2.0,46.55
Hennur,2 BHK,1259.0,2.0,57.0
Raja Rajeshwari Nagar,3 BHK,1570.0,3.0,88.0
Bisuvanahalli,3 BHK,1075.0,2.0,36.0
Whitefield,2 BHK,1216.0,2.0,79.0
Sarjapur  Road,3 BHK,1428.0,2.0,66.0
Begur Road,2 BHK,1160.0,2.0,40.59
 ittamadu,3 Bedroom,600.0,2.0,110.0
Doddakannelli,3 BHK,1475.0,3.0,70.0
Harlur,3 BHK,1754.0,3.0,135.0
Rayasandra,3 BHK,1639.0,3.0,83.0
Hennur Road,3 BHK,1804.0,3.0,102.0
Whitefield,3 Bedroom,1200.0,3.0,56.2
Anand Nagar,2 BHK,1135.0,2.0,55.0
Begur Road,2 BHK,1260.0,2.0,46.62
Peenya,5 Bedroom,1440.0,5.0,110.0
Hennur Road,3 BHK,2160.0,3.0,160.0
Rayasandra,7 Bedroom,700.0,6.0,85.0
Rachenahalli,2 BHK,1220.0,2.0,59.5
Margondanahalli,2 Bedroom,1200.0,2.0,67.0
Yelahanka,2 BHK,1300.0,2.0,65.0
Cox Town,1 BHK,605.0,1.0,29.0
Vijayanagar,6 Bedroom,1230.0,4.0,210.0
Bhoganhalli,2 BHK,1444.0,2.0,75.97
Amruthahalli,2 BHK,924.0,2.0,45.0
Kaikondrahalli,2 BHK,1000.0,2.0,30.0
Vishveshwarya Layout,4 Bedroom,600.0,4.0,95.0
Patelappa Layout,3 Bedroom,1200.0,3.0,225.0
Bisuvanahalli,2 BHK,845.0,2.0,29.0
Kanakpura Road,2 BHK,700.0,2.0,35.0
Kothanur,2 BHK,1187.0,2.0,58.0
Kaggadasapura,3 BHK,1625.0,3.0,55.0
 Devarachikkanahalli,2 Bedroom,1200.0,2.0,83.0
Pulkeshi Nagar,2 BHK,1452.55,2.0,110.0
"Thanisandra Main Road, ",3 BHK,2357.0,3.0,151.0
Kaval Byrasandra,2 BHK,1200.0,2.0,49.5
Budigere,2 BHK,1139.0,2.0,56.85
Basavangudi,1 Bedroom,600.0,1.0,97.5
Kanakpura Road,3 BHK,1660.0,3.0,75.0
Jayanagar,2 BHK,1170.0,2.0,105.0
Somasundara Palya,2 BHK,1448.0,2.0,68.0
Kadugodi,3 BHK,1762.0,3.0,110.0
Kaggadasapura,2 BHK,1105.0,2.0,38.65
Yelahanka,3 BHK,1825.0,3.0,105.0
 Bhoganhalli,1 RK,296.0,1.0,22.89
Kumbalgodu,5 Bedroom,1200.0,4.0,85.0
Thanisandra,2 BHK,1185.0,2.0,43.0
Electronic City Phase II,3 BHK,1320.0,2.0,38.12
Hulimavu,2 BHK,1058.0,2.0,48.0
Bellandur,2 BHK,1220.0,2.0,60.0
Sarjapur,2 BHK,925.0,2.0,25.0
Old Madras Road,2 BHK,1200.0,2.0,72.0
Kengeri,3 BHK,1160.0,2.0,40.6
Kengeri Satellite Town,3 Bedroom,600.0,4.0,72.0
banashankari stage iii sa,3 BHK,1411.0,3.0,91.72
Bannerghatta Road,3 BHK,1550.0,3.0,78.0
Green Glen Layout,4 BHK,3250.0,4.0,230.0
Haralur Road,3 BHK,2475.0,4.0,130.0
7th Phase JP Nagar,4 BHK,2503.0,4.0,188.0
Marathahalli,4 BHK,2524.0,5.0,190.0
Kaggadasapura,2 BHK,1063.0,2.0,42.0
Kanakpura Road,2 BHK,1077.0,2.0,37.7
Manayata Tech Park,2 BHK,1200.0,3.0,44.0
Hosakerehalli,4 BHK,1500.0,3.0,70.0
Jalahalli,2 BHK,1045.0,2.0,76.77
Kanakapura,3 BHK,1290.0,2.0,45.15
Hoodi,2 BHK,1400.0,2.0,78.0
Begur Road,3 BHK,1600.0,3.0,58.14
Jayanagar,3 BHK,3095.0,3.0,375.0
Nagavara,3 BHK,1545.0,2.0,58.0
Sarjapur  Road,3 BHK,1680.0,3.0,112.0
Amruthnagar,2 BHK,1350.0,2.0,67.5
Gottigere,2 BHK,950.0,2.0,38.0
Thanisandra,2 BHK,1050.0,2.0,45.0
Banashankari Stage V,3 BHK,1305.0,2.0,49.0
Hosakerehalli,4 Bedroom,800.0,4.0,120.0
Kodichikkanahalli,5 BHK,2700.0,7.0,125.0
MS Pallya,3 Bedroom,1100.0,3.0,78.0
Thanisandra,6 Bedroom,3500.0,5.0,160.0
Begur Road,3 BHK,1634.0,3.0,83.33
Prithvi Layout,2 BHK,1352.0,2.0,85.0
Balagere,2 BHK,1145.0,2.0,65.0
Alfa Garden Layout,2 BHK,1240.0,2.0,43.79
7th Phase JP Nagar,3 BHK,2200.0,3.0,190.0
Bommasandra Industrial Area,2 BHK,1020.0,2.0,39.0
Palace Guttahalli,4 BHK,3600.0,4.0,365.0
Raja Rajeshwari Nagar,2 BHK,1168.0,2.0,61.0
Electronic City Phase II,2 BHK,1205.0,2.0,75.0
Yeshwanthpur,2 BHK,1195.0,2.0,100.0
CV Raman Nagar,2 BHK,1028.0,2.0,49.0
Akshya Nagar,2 BHK,1175.0,2.0,48.27
Pai Layout,3 BHK,1550.0,2.0,90.0
Yeshwanthpur,3 BHK,1826.0,3.0,165.0
Hoodi,5 Bedroom,2400.0,5.0,160.0
Yelahanka,3 BHK,1603.0,3.0,96.0
Marathahalli,3 BHK,1350.0,3.0,72.0
KR Puram,1 BHK,714.0,1.0,28.0
Whitefield,2 BHK,1215.0,2.0,65.0
Malleshpalya,3 BHK,1405.0,2.0,77.0
KR Puram,2 BHK,1142.0,2.0,51.0
Akshaya Vana,4 Bedroom,4000.0,4.0,170.0
Whitefield,3 BHK,1870.0,3.0,90.0
Subramanyapura,2 BHK,1313.0,2.0,73.0
Hennur Gardens,3 BHK,1945.0,3.0,120.0
Thanisandra,3 BHK,1573.0,3.0,95.0
Sarjapur  Road,2 BHK,1255.0,2.0,92.0
Benson Town,4 BHK,1400.0,3.0,91.15
Kannamangala,2 BHK,1235.0,2.0,43.63
Sarjapur  Road,3 BHK,1380.0,2.0,52.0
Ramamurthy Nagar,7 Bedroom,1500.0,9.0,250.0
Vittasandra,2 BHK,1238.0,2.0,67.0
Chennammana Kere,3 BHK,1465.0,2.0,74.72
Thigalarapalya,2 BHK,1418.0,2.0,103.0
Victoria Layout,3 BHK,1650.0,3.0,165.0
 Anekal,1 RK,351.0,1.0,16.0
Uttarahalli,2 BHK,1279.0,2.0,48.0
Kasavanhalli,3 Bedroom,1870.0,3.0,200.0
BCC Layout,4 Bedroom,1500.0,5.0,230.0
Hebbal,3 BHK,2526.0,2.0,250.0
Mathikere,3 Bedroom,1550.0,2.0,150.0
Uttarahalli,3 BHK,1845.0,2.0,68.27
Motappa Layout,3 BHK,1360.0,2.0,59.27
Friends Colony,3 BHK,1150.0,2.0,75.0
Whitefield,2 BHK,1260.0,2.0,49.5
Doddabidrakallu,3 Bedroom,1200.0,3.0,74.0
Dasanapura,2 BHK,965.0,2.0,42.5
Hoodi,3 BHK,1350.0,2.0,48.0
Bhoganhalli,2 BHK,1447.0,2.0,75.97
Arehalli,3 BHK,1229.0,3.0,86.03
Kudlu,2 BHK,1027.0,2.0,43.0
Gottigere,2 BHK,1153.0,2.0,48.5
Malleshpalya,2 BHK,1065.0,2.0,50.0
Tala Cauvery Layout,2 BHK,1030.0,2.0,61.0
Mallasandra,2 BHK,1340.0,2.0,61.0
Marathahalli,4 BHK,4000.0,5.0,212.0
Sri Balaji Krupa Layout,1 Bedroom,600.0,1.0,32.0
Begur Road,3 BHK,1410.0,2.0,44.42
Varthur,2 BHK,1055.0,2.0,45.35
Yelahanka,2 BHK,1304.0,2.0,79.0
Sadashiva Nagar,4 BHK,2720.0,4.0,485.0
Kammasandra,2 BHK,990.0,2.0,31.5
7th Phase JP Nagar,2 BHK,1035.0,2.0,39.33
Sonnenahalli,2 BHK,1120.0,2.0,43.0
Haralur Road,2 BHK,1300.0,2.0,73.0
Tumkur Road,2 BHK,1239.0,2.0,82.0
Sarjapur  Road,3 BHK,1403.0,3.0,51.63
Hosa Road,2 BHK,1365.0,2.0,92.0
8th block Koramangala,2 BHK,1165.0,2.0,135.0
Subramanyapura,3 BHK,1130.0,2.0,45.19
Green Glen Layout,3 BHK,1776.42,3.0,105.0
Vidyaranyapura,4 Bedroom,900.0,4.0,175.0
Haralur Road,2 BHK,1194.0,2.0,47.0
Bidadi,2 BHK,1107.0,2.0,33.0
Nagavara,3 BHK,2319.0,3.0,180.0
Nallurhalli,3 BHK,1520.0,3.0,80.0
Kannamangala,3 BHK,1536.0,3.0,89.0
Teachers Colony,4 BHK,3000.0,4.0,240.0
Belathur,2 BHK,1050.0,2.0,38.0
Hoodi,3 BHK,1850.0,3.0,146.0
Billekahalli,2 BHK,1112.0,2.0,62.0
Marathahalli,3 BHK,1535.0,3.0,72.5
Kanakpura Road,2 BHK,1050.0,2.0,35.0
Banashankari,4 Bedroom,2400.0,3.0,370.0
7th Phase JP Nagar,3 BHK,1250.0,3.0,65.0
Kalena Agrahara,2 BHK,1187.0,2.0,52.0
9th Phase JP Nagar,2 BHK,1164.0,2.0,56.0
Electronic City Phase II,3 BHK,1395.0,2.0,62.78
Arekere,3 BHK,2072.0,3.0,108.0
Kanakpura Road,3 BHK,1450.0,3.0,60.91
Bannerghatta Road,3 BHK,1550.0,3.0,82.0
Sampige Layout,2 BHK,1315.0,2.0,90.0
Hebbal,4 BHK,3067.0,4.0,230.0
Amruthnagar,2 BHK,1210.0,2.0,72.0
Bisuvanahalli,3 BHK,1075.0,2.0,47.0
Sathya Sai Layout,6 BHK,11338.0,9.0,1000.0
Virgonagar,3 BHK,1215.0,3.0,42.2
Kaggadasapura,3 BHK,1470.0,2.0,75.0
Dodsworth Layout,4 Bedroom,30000.0,4.0,2100.0
Hosur Road,3 BHK,1590.0,2.0,125.0
Kanakpura Road,2 BHK,1050.0,2.0,36.75
Raja Rajeshwari Nagar,2 BHK,1306.0,2.0,55.91
Malleshwaram,3 BHK,2000.0,3.0,250.0
"Kudlu Village, ",3 BHK,1445.0,3.0,64.0
Sarjapur  Road,3 BHK,1220.0,3.0,58.0
Sarjapur,4 Bedroom,3190.0,3.0,160.0
Ramagondanahalli,2 BHK,1215.0,2.0,51.26
Budigere,3 BHK,1920.0,2.0,88.0
Dodda Nekkundi,2 BHK,1390.0,2.0,60.0
Battarahalli,3 Bedroom,800.0,2.0,75.0
Nagarbhavi,3 Bedroom,600.0,3.0,100.0
Hoodi,2 BHK,1196.0,2.0,71.74
Bannerghatta Road,3 BHK,1550.0,2.0,75.0
Thigalarapalya,2 BHK,1418.0,2.0,101.0
Varthur Road,3 BHK,1655.0,3.0,115.0
KR Puram,2 BHK,1115.0,2.0,33.45
Rajiv Gandhi Nagar,2 BHK,1170.0,2.0,68.0
Anekal,2 BHK,1035.0,2.0,38.3
Singasandra,3 BHK,1306.0,2.0,58.0
Kengeri,2 BHK,750.0,2.0,22.0
Thanisandra,3 BHK,1917.0,3.0,122.0
Kaggadasapura,3 BHK,1615.0,3.0,58.0
Marathahalli,2 BHK,1071.0,2.0,52.25
Koramangala,2 BHK,1325.0,2.0,119.0
Malleshwaram,7 Bedroom,3000.0,4.0,900.0
5th Phase JP Nagar,3 BHK,1400.0,2.0,88.0
Tumkur Road,2 BHK,1246.0,2.0,82.0
Sarjapur,2 BHK,1215.0,2.0,40.0
Munnekollal,2 BHK,1200.0,2.0,49.5
Kurubarahalli,4 Bedroom,450.0,3.0,53.0
Kodigehaali,2 BHK,1200.0,2.0,60.0
Kaval Byrasandra,2 BHK,945.0,2.0,50.0
Benson Town,4 BHK,4460.0,5.0,650.0
Hormavu,2 BHK,1175.0,2.0,52.0
Whitefield,2 BHK,920.0,2.0,63.0
Hosakerehalli,4 BHK,3024.0,5.0,350.0
Bidadi,2 Bedroom,1600.0,2.0,110.0
Sanjay nagar,4 Bedroom,750.0,2.0,110.0
Sector 4 HSR Layout,4 Bedroom,2400.0,4.0,700.0
Bhagyalakshmi Avenue,2 BHK,955.0,1.0,34.01
Ardendale,3 BHK,1750.0,3.0,100.0
Uttarahalli,3 BHK,1425.0,2.0,64.0
Basavangudi,3 BHK,2150.0,3.0,265.0
Whitefield,2 BHK,1165.0,2.0,40.5
Kaggadasapura,2 BHK,1050.0,2.0,48.0
Cholanayakanahalli,3 BHK,1370.0,2.0,75.0
Electronic City,3 BHK,1374.0,2.0,72.0
Harlur,3 BHK,1754.0,3.0,124.0
Kothanur,3 BHK,1847.0,3.0,110.0
Ambedkar Nagar,3 BHK,1850.0,4.0,139.0
Chikka Tirupathi,3 Bedroom,3297.0,3.0,135.0
Doddakannelli,2 BHK,1187.0,2.0,45.0
Bommasandra Industrial Area,3 BHK,1400.0,2.0,40.44
Kengeri Hobli,3 Bedroom,600.0,2.0,30.0
Chamrajpet,2 BHK,1350.0,2.0,180.0
Doddaballapur,3 Bedroom,3000.0,2.0,120.0
Thanisandra,1 BHK,693.0,1.0,34.3
Dairy Circle,3 BHK,1980.0,3.0,224.0
KR Puram,2 BHK,1021.0,2.0,48.0
Thigalarapalya,2 BHK,1165.0,2.0,95.0
Horamavu Agara,3 BHK,1756.0,3.0,92.0
Bharathi Nagar,3 BHK,1739.0,3.0,105.0
Varthur,2 BHK,1280.0,2.0,65.0
Marathahalli,2 BHK,1215.0,2.0,58.86
Munnekollal,2 BHK,950.0,2.0,46.5
Kengeri,3 BHK,1082.0,2.0,49.0
7th Phase JP Nagar,2 BHK,1050.0,2.0,42.0
Devanahalli,2 BHK,1080.0,2.0,53.35
Arekere,2 BHK,1100.0,2.0,55.0
Ardendale,4 Bedroom,3200.0,4.0,205.0
Sarjapur  Road,2 BHK,1311.0,2.0,78.0
Raja Rajeshwari Nagar,3 BHK,1608.0,3.0,67.98
Begur Road,2 BHK,1160.0,2.0,36.0
Whitefield,2 BHK,1170.0,2.0,71.0
Kengeri,2 BHK,1155.0,2.0,40.6
Hebbal,3 BHK,1255.0,2.0,77.68
Rayasandra,2 BHK,1065.0,2.0,44.95
Neeladri Nagar,1 BHK,674.0,1.0,21.0
Ambedkar Nagar,3 BHK,1936.0,4.0,126.0
Sarakki Nagar,3 BHK,2289.0,3.0,260.0
Abbaiah Reddy Layout,2 BHK,1100.0,2.0,38.45
Ramagondanahalli,3 BHK,2257.0,4.0,157.0
Nagarbhavi,2 BHK,1055.0,2.0,55.0
Raja Rajeshwari Nagar,3 BHK,1530.0,3.0,51.87
Dinnur,3 BHK,1700.0,3.0,97.0
Raja Rajeshwari Nagar,3 BHK,1575.0,2.0,78.0
Frazer Town,3 BHK,3500.0,4.0,330.0
Rajiv Nagar,2 BHK,1263.0,2.0,93.32
Kengeri Satellite Town,2 BHK,1043.0,2.0,65.0
Hennur,2 BHK,1255.0,2.0,53.5
Chandapura,1 BHK,590.0,1.0,13.57
Yelahanka,3 Bedroom,1550.0,3.0,120.0
Sarjapur  Road,3 BHK,1220.0,3.0,56.0
Rustam Bagh Layout,3 BHK,1900.0,3.0,160.0
Vasantha Vallabha Nagar,3 BHK,1360.0,3.0,55.0
Vyalikaval,2 BHK,1100.0,2.0,75.0
8th Phase JP Nagar,3 BHK,1455.0,3.0,73.31
KR Puram,2 BHK,1035.0,2.0,40.5
Harlur,2 BHK,1152.0,2.0,69.0
Bellandur,2 BHK,1299.0,2.0,82.0
Sarjapur  Road,3 BHK,1157.0,2.0,75.0
Rachenahalli,2 BHK,1050.0,2.0,52.5
Pai Layout,2 BHK,1050.0,2.0,40.0
Vittasandra,2 BHK,1246.0,2.0,67.4
"Sarjapur Road, ",3 BHK,1929.0,3.0,115.0
Hennur,2 BHK,1285.0,2.0,60.0
Margondanahalli,3 Bedroom,1200.0,2.0,65.0
"Banaswadi, ",4 BHK,3161.0,4.0,214.0
BTM 2nd Stage,3 BHK,1850.0,3.0,170.0
Sompura,3 BHK,1025.0,2.0,37.0
Malleshwaram,2 BHK,1124.0,3.0,80.0
Balagere,2 BHK,1012.0,2.0,54.59
Giri Nagar,7 BHK,4500.0,5.0,250.0
8th Phase JP Nagar,2 BHK,871.0,2.0,55.0
Chinnapanahalli,2 BHK,1020.0,2.0,40.0
Rachenahalli,3 BHK,1550.0,3.0,73.5
Anand Nagar,3 Bedroom,3515.0,3.0,420.0
Akshaya Nagar,3 BHK,1410.0,2.0,80.0
Chikka Tirupathi,4 Bedroom,3500.0,5.0,150.0
Whitefield,2 BHK,1118.0,2.0,75.0
Thanisandra,2 BHK,1098.0,2.0,68.0
Kanakapura,2 BHK,1130.0,2.0,45.2
Sarjapur  Road,2 BHK,1145.0,2.0,75.0
Kadugodi,3 Bedroom,950.0,3.0,80.0
Balaji Gardens Layout,2 BHK,1051.0,2.0,33.0
Thavarekere,7 Bedroom,600.0,7.0,108.0
Marathahalli,2 BHK,1102.0,2.0,53.67
Jalahalli,2 BHK,1478.0,2.0,125.0
Chandapura,1 BHK,645.0,1.0,16.45
Hebbal,2 BHK,823.0,2.0,50.63
Abbigere,2 BHK,880.0,2.0,35.0
KR Puram,4 Bedroom,600.0,5.0,75.0
Budigere,3 BHK,1991.0,4.0,100.0
TC Palaya,3 BHK,1100.0,3.0,50.0
Gubbalala,3 BHK,1745.0,3.0,115.0
HAL 2nd Stage,2 BHK,1226.0,3.0,135.0
Begur Road,3 Bedroom,680.0,4.0,68.0
 Devarabeesana Halli,2 BHK,1100.0,2.0,70.0
Banashankari Stage VI,4 Bedroom,1200.0,4.0,195.0
5th Phase JP Nagar,2 BHK,1450.0,2.0,58.0
Singasandra,4 BHK,3366.0,4.0,120.0
Sahakara Nagar,2 BHK,1150.0,2.0,54.0
Kanakpura Road,3 BHK,1843.0,3.0,95.84
Banashankari Stage VI,4 Bedroom,2200.0,4.0,195.0
Bommanahalli,2 BHK,1090.0,3.0,44.0
Kaggadasapura,2 BHK,1132.0,2.0,42.0
Hulimavu,2 BHK,1375.0,2.0,80.0
7th Phase JP Nagar,4 Bedroom,1500.0,5.0,220.0
Thanisandra,1 BHK,760.0,1.0,50.3
Kaggadasapura,2 BHK,1180.0,2.0,65.0
Jigani,2 BHK,918.0,2.0,45.0
Rachenahalli,5 Bedroom,600.0,5.0,50.0
Margondanahalli,2 Bedroom,1200.0,1.0,53.0
HSR Layout,2 BHK,1372.0,2.0,61.0
1st Block HRBR Layout,7 Bedroom,2400.0,7.0,355.0
Ardendale,3 BHK,1728.0,3.0,95.0
Malleshwaram,3 BHK,2215.0,3.0,275.0
BTM 2nd Stage,2 BHK,1200.0,2.0,80.0
6th Phase JP Nagar,2 BHK,1280.0,2.0,56.0
Hulimavu,4 Bedroom,800.0,4.0,110.0
Byrasandra,3 BHK,1455.0,2.0,56.0
 Rachenahalli,1 RK,440.0,1.0,28.0
Kanakpura Road,3 Bedroom,1500.0,3.0,97.0
Whitefield,3 BHK,1800.0,3.0,110.0
Mysore Road,3 BHK,1525.0,3.0,96.0
Rachenahalli,2 BHK,1204.0,2.0,38.5
Old Madras Road,2 BHK,1225.0,2.0,53.55
Kalyan nagar,6 Bedroom,800.0,6.0,98.0
Bannerghatta Road,3 BHK,1650.0,3.0,122.0
Electronic City,3 BHK,880.0,2.0,18.0
Bikasipura,4 Bedroom,4200.0,4.0,255.0
Tippenahalli,2 Bedroom,1200.0,2.0,55.0
Sarjapur  Road,4 Bedroom,1152.0,4.0,230.0
9th Phase JP Nagar,2 BHK,1005.0,2.0,42.0
Whitefield,3 BHK,1562.0,3.0,103.0
Devanahalli,4 Bedroom,5000.0,5.0,395.0
Babusapalaya,6 Bedroom,810.0,5.0,95.0
Ramamurthy Nagar,2 BHK,1200.0,2.0,42.0
Kasavanhalli,3 BHK,1555.0,3.0,82.5
KR Puram,2 Bedroom,1550.0,2.0,71.0
Whitefield,2 BHK,1190.0,2.0,67.0
Chikkalasandra,2 BHK,1070.0,2.0,50.0
Jalahalli East,2 BHK,1020.0,2.0,42.48
Yelahanka,3 BHK,1610.0,3.0,115.0
Prestige Sunrise,1 BHK,700.0,1.0,41.0
Akshaya Vana,3 BHK,1300.0,2.0,49.0
Hebbal,2 BHK,1420.0,2.0,123.0
Vidyaranyapura,9 Bedroom,1200.0,9.0,100.0
Hebbal,3 BHK,1069.0,3.0,65.4
Marathahalli,3 BHK,1900.0,3.0,123.0
Old Airport Road,2 BHK,1655.0,2.0,97.65
Uttarahalli,2 BHK,1155.0,2.0,40.42
Sarjapur  Road,3 BHK,1300.0,2.0,70.0
Electronic City,2 BHK,1100.0,2.0,45.0
Doddathoguru,2 BHK,1030.0,2.0,42.0
Vittasandra,2 BHK,2105.0,2.0,70.2
Bhoganhalli,3 BHK,1700.0,3.0,126.0
Jakkur,3 BHK,1760.0,3.0,139.0
Kadugodi,9 Bedroom,6200.0,9.0,200.0
1st Stage Indira Nagar,2 BHK,1400.0,2.0,67.0
Srigandada Kaval,2 BHK,1200.0,2.0,53.0
Bannerghatta Road,2 BHK,912.0,2.0,55.0
Whitefield,2 BHK,1102.0,2.0,48.0
Channasandra Layout,3 BHK,1535.0,3.0,55.0
Haralur Road,2 BHK,1243.0,2.0,46.0
Jigani,2 BHK,918.0,2.0,63.2
Begur Road,3 BHK,1500.0,2.0,70.0
Mathikere Extension,3 Bedroom,3000.0,3.0,250.0
Kasavanhalli,3 BHK,1476.0,3.0,89.0
Mysore Road,2 BHK,1200.0,2.0,65.0
Vijayanagar,1 BHK,606.0,1.0,34.78
Viswajit Layout,2 BHK,1100.0,2.0,61.0
Garudachar Palya,3 BHK,1295.0,2.0,59.5
Neeladri Nagar,1 BHK,527.0,1.0,26.0
OMBR Layout,2 BHK,1300.0,2.0,80.0
Bommanahalli,3 Bedroom,680.0,4.0,68.0
Adityanagar,1 Bedroom,1260.0,1.0,41.0
Koramangala,2 BHK,1140.0,2.0,75.2
BDS Layout,1 Bedroom,1500.0,1.0,37.5
Whitefield,3 BHK,2321.0,4.0,128.0
Sarjapur  Road,2 BHK,1390.0,2.0,62.0
Sarjapur  Road,3 BHK,1725.0,3.0,90.0
Hebbal,4 BHK,3067.0,4.0,310.0
Hennur Road,3 BHK,1186.0,2.0,63.0
Kanakpura Road,2 BHK,1230.0,2.0,85.0
 Mysore Highway,1 BHK,600.0,1.0,17.0
Yeshwanthpur,3 BHK,1313.0,3.0,96.0
TC Palaya,2 Bedroom,900.0,2.0,55.0
Ambalipura,2 BHK,1250.0,2.0,66.25
HBR Layout,9 Bedroom,1200.0,6.0,280.0
Binny Pete,1 BHK,660.0,1.0,54.0
Basavangudi,2 BHK,1036.0,2.0,105.0
Koramangala,4 BHK,2700.0,4.0,450.0
Old Madras Road,2 BHK,1100.0,2.0,70.0
BTM 2nd Stage,4 Bedroom,1500.0,2.0,450.0
Singasandra,4 Bedroom,525.0,5.0,56.0
Electronics City Phase 1,2 BHK,1015.0,2.0,56.0
Gottigere,1 Bedroom,812.0,1.0,26.0
Narayana Nagar 1st Block,3 BHK,1360.0,2.0,65.0
Nehru Nagar,3 BHK,2167.0,3.0,170.0
Raja Rajeshwari Nagar,2 BHK,1200.0,2.0,35.0
Gopalkrishna Nagar,2 BHK,1165.0,2.0,75.0
BTM 2nd Stage,2 BHK,1274.0,2.0,70.0
Raja Rajeshwari Nagar,2 BHK,1151.0,2.0,39.02
Vidyaranyapura,6 Bedroom,1060.0,6.0,110.0
Thubarahalli,3 BHK,1626.0,2.0,120.0
Banashankari Stage V,2 BHK,1035.0,2.0,35.77
Shanthi Layout,3 Bedroom,1272.0,4.0,75.0
Jeevan bima nagar,2 BHK,965.0,2.0,45.0
Esther Enclave Layout,5 Bedroom,1600.0,5.0,140.0
Kothannur,2 BHK,1070.0,2.0,42.79
Raja Rajeshwari Nagar,3 BHK,1570.0,2.0,65.0
Keerthi Layout,2 BHK,780.0,2.0,25.0
Ganga Nagar Extension,3 BHK,1000.0,2.0,65.0
9th Phase JP Nagar,4 Bedroom,1200.0,3.0,188.0
Tindlu,7 Bedroom,7500.0,7.0,400.0
5th Phase JP Nagar,3 BHK,1700.0,2.0,100.0
Haralur Road,3 BHK,1850.0,3.0,110.0
Kereguddadahalli,2 BHK,904.0,2.0,30.0
Shikaripalya,2 BHK,1121.0,2.0,43.72
7th Phase JP Nagar,3 BHK,1385.0,2.0,58.17
Sahakara Nagar,2 BHK,1270.0,2.0,69.85
Kanakpura Road,3 BHK,1450.0,3.0,56.0
Huttanahalli,3 Bedroom,2400.0,4.0,325.0
Mahadevpura,1 BHK,730.0,1.0,35.0
Raja Rajeshwari Nagar,3 BHK,1580.0,3.0,53.56
Thanisandra,2 BHK,1111.0,2.0,50.0
Kengeri,4 Bedroom,1125.0,2.0,88.0
Varthur,2 BHK,977.0,2.0,36.0
Gunjur Palya,2 BHK,674.0,1.0,19.9
Nagarbhavi,3 Bedroom,600.0,3.0,83.0
Sarjapur,4 Bedroom,2540.0,4.0,115.0
Jakkur,2 BHK,1290.0,2.0,100.0
Kumaraswami Layout,3 Bedroom,600.0,3.0,98.0
Abbigere,2 BHK,795.0,2.0,32.54
Kanakpura Road,2 BHK,700.0,1.0,35.0
Ambedkar Colony,2 BHK,1463.0,1.0,142.0
Vijayanagar,3 Bedroom,1000.0,3.0,140.0
Reliable Woods Layout,3 BHK,1306.0,2.0,58.0
4th T block Jayanagar,3 BHK,2401.0,3.0,185.0
Bommenahalli,4 Bedroom,1670.0,3.0,135.0
Jayanagar,3 BHK,1875.0,2.0,235.0
Marsur,3 Bedroom,1200.0,3.0,90.0
Dodda Nekkundi,3 BHK,1804.0,3.0,121.0
1st Phase JP Nagar,3 BHK,2065.0,4.0,210.0
Hoskote,3 BHK,1225.0,3.0,40.0
Bellandur,2 BHK,900.0,2.0,56.0
Binny Pete,2 BHK,1350.0,2.0,91.0
Kaggalipura,1 BHK,700.0,1.0,36.0
Poorna Pragna Layout,2 BHK,1160.0,2.0,46.39
Hennur Road,3 BHK,1680.0,3.0,99.27
LB Shastri Nagar,2 BHK,1043.0,2.0,55.0
Hoskote,4 Bedroom,1200.0,4.0,120.0
Hebbal,2 BHK,1040.0,2.0,46.0
Tindlu,3 BHK,1357.0,2.0,65.0
Nayandanahalli,7 Bedroom,1600.0,7.0,104.0
Vibhutipura Extension,2 BHK,1225.0,2.0,47.0
Sunkadakatte,9 Bedroom,1500.0,6.0,80.0
Yelachenahalli,2 BHK,1130.0,2.0,40.0
Basavangudi,4 Bedroom,2500.0,4.0,150.0
Sultan Palaya,3 BHK,1700.0,3.0,120.0
Doddathoguru,3 BHK,1549.0,3.0,65.0
Yeshwanthpur,2 BHK,1400.0,2.0,100.0
Dodda Nekkundi,2 BHK,1080.0,2.0,50.0
Ulsoor,2 BHK,1180.0,2.0,100.0
Chandra Layout,7 Bedroom,780.0,7.0,150.0
Domlur,3 BHK,1800.0,3.0,150.0
Haralur Road,2 BHK,1225.0,2.0,67.38
Chandra Layout,1 BHK,890.0,1.0,75.0
Abbigere,2 BHK,1005.0,2.0,39.59
Whitefield,2 BHK,1320.0,2.0,95.0
Anandapura,4 BHK,1475.0,2.0,50.0
Hagadur,2 BHK,1110.0,2.0,51.0
Popular Colony,2 Bedroom,1300.0,2.0,54.0
Vajarahalli,5 Bedroom,600.0,3.0,86.0
Electronic City,2 BHK,1128.0,2.0,65.35
Jakkur,2 BHK,1452.19,2.0,100.0
8th block Koramangala,3 Bedroom,2400.0,3.0,290.0
Banashankari,3 BHK,2600.0,4.0,135.0
Sarakki Nagar,3 BHK,2500.0,4.0,325.0
Sanjay nagar,2 BHK,630.0,1.0,35.0
Hosa Road,2 BHK,1243.0,2.0,48.5
Soundarya Layout,2 BHK,960.0,2.0,32.0
"Banashankari 6th Stage ,Subramanyapura",3 BHK,1690.0,3.0,100.0
Whitefield,2 BHK,735.0,2.0,35.0
Banaswadi,2 BHK,1365.0,2.0,73.0
Rajaji Nagar,5 BHK,2849.0,5.0,300.0
Hebbal,2 BHK,1420.0,2.0,99.39
Somasundara Palya,3 BHK,1570.0,3.0,68.0
Bisuvanahalli,2 BHK,850.0,1.0,32.0
7th Phase JP Nagar,3 BHK,1575.0,2.0,110.0
Thigalarapalya,2 BHK,1418.0,2.0,104.0
Uttarahalli,2 BHK,1050.0,2.0,42.0
Hennur Road,2 BHK,1065.0,2.0,42.6
Ulsoor,3 BHK,1340.0,3.0,90.0
Yelahanka New Town,3 BHK,1610.0,3.0,92.0
Electronic City Phase II,2 BHK,1160.0,2.0,33.5
Kudlu,2 BHK,1092.0,2.0,44.0
Parappana Agrahara,2 BHK,1194.0,2.0,47.0
Yelahanka,3 BHK,1455.0,3.0,61.5
Abbigere,1 BHK,734.0,1.0,19.82
Samethanahalli,2 BHK,799.0,2.0,38.0
Whitefield,3 BHK,1896.0,3.0,75.0
Ardendale,2 BHK,1100.0,2.0,48.0
Bellandur,2 BHK,1350.0,2.0,79.0
Amarjyothi Colony,3 BHK,1355.0,3.0,61.0
Electronic City,2 BHK,1128.0,2.0,65.0
Pattanagere,2 Bedroom,1350.0,2.0,90.0
Cunningham Road,3 BHK,3875.0,3.0,864.0
Kasavanhalli,3 BHK,1493.0,3.0,82.0
8th Phase JP Nagar,2 BHK,1098.0,2.0,43.91
Banashankari,3 BHK,1900.0,2.0,170.0
Dollars Layout,3 BHK,1460.0,3.0,88.0
Frazer Town,3 BHK,2350.0,4.0,285.0
Horamavu Banaswadi,5 Bedroom,1600.0,5.0,140.0
Varthur,2 BHK,1091.0,2.0,32.0
Yelahanka,2 BHK,1180.0,2.0,42.0
Kanakpura Road,2 BHK,1366.0,3.0,76.85
RMV Extension,3 BHK,1685.0,3.0,95.0
Koramangala,2 BHK,1260.0,2.0,100.0
Whitefield,3 Bedroom,3010.0,3.0,200.0
Ramamurthy Nagar,3 Bedroom,1330.0,4.0,140.0
Mallasandra,2 Bedroom,1200.0,2.0,130.0
Whitefield,2 BHK,1346.0,2.0,96.17
Chandapura,1 BHK,630.0,1.0,13.86
7th Phase JP Nagar,3 BHK,1850.0,3.0,140.0
Frazer Town,5 Bedroom,2350.0,2.0,423.0
Electronic City,2 BHK,755.0,1.0,34.0
Basaveshwara Nagar Yelahanka,5 Bedroom,800.0,5.0,98.0
Parappana Agrahara,2 BHK,1194.0,2.0,46.0
Whitefield,3 BHK,3850.0,5.0,316.0
Hebbal,4 BHK,4235.0,4.0,365.0
Kurubarahalli,1 Bedroom,800.0,1.0,52.0
Rachenahalli,3 BHK,2250.0,3.0,195.0
Vijayanagar,2 BHK,1352.0,2.0,68.0
Thanisandra,3 BHK,2002.0,3.0,112.0
Bileshivale,4 Bedroom,4000.0,5.0,280.0
Kaval Byrasandra,2 BHK,1060.0,2.0,45.0
Kanakpura Road,3 BHK,1419.59,2.0,59.0
Raja Rajeshwari Nagar,2 BHK,1196.0,2.0,51.15
Electronic City,3 BHK,1220.0,2.0,35.24
Electronics City Phase 1,3 BHK,1595.0,3.0,75.0
Banashankari,2 BHK,1260.0,2.0,75.0
Hebbal,2 BHK,1100.0,2.0,47.0
Frazer Town,2 BHK,1550.0,2.0,140.0
ISRO Layout,2 BHK,1180.0,2.0,52.0
Electronic City,4 Bedroom,4000.0,5.0,150.0
Akshaya Nagar,3 BHK,1662.0,3.0,85.0
Hennur,2 BHK,1285.0,2.0,60.0
Akshaya Nagar,4 Bedroom,1080.0,4.0,75.0
Ambedkar Nagar,3 BHK,1862.0,3.0,119.0
Raja Rajeshwari Nagar,2 BHK,1419.0,2.0,48.0
Whitefield,3 BHK,1410.0,3.0,43.71
Raja Rajeshwari Nagar,3 BHK,1560.0,2.0,62.4
Chikkabettahalli,5 Bedroom,1100.0,4.0,150.0
Thanisandra,3 BHK,1634.0,3.0,78.0
Ambedkar Nagar,5 Bedroom,5530.0,5.0,627.0
Whitefield,3 BHK,1150.0,2.0,44.0
Ashirvad Colony,2 BHK,1100.0,2.0,53.0
Yelahanka,3 BHK,1616.0,3.0,65.0
Nagavarapalya,2 BHK,1392.0,2.0,99.0
Jakkur,3 BHK,1798.0,3.0,120.0
Babusapalaya,3 BHK,1675.0,3.0,75.0
Bhuvaneswari Nagar,2 Bedroom,792.0,2.0,70.0
Varanasi,5 BHK,2000.0,4.0,103.0
Hongasandra,7 Bedroom,600.0,7.0,89.0
Hebbal,3 BHK,1700.0,3.0,124.0
Hulimavu,2 BHK,1248.0,2.0,69.0
Kalkere,2 BHK,1147.0,2.0,54.0
Sultan Palaya,2 BHK,1100.0,2.0,40.0
Vijayanagar,3 BHK,1527.0,3.0,115.0
Shantiniketan Layout,5 Bedroom,2400.0,5.0,235.0
Kanakpura Road,1 BHK,525.0,1.0,25.0
Kaggadasapura,2 BHK,1100.0,2.0,58.0
Seegehalli,2 BHK,1118.0,2.0,37.5
Kanakapura,3 BHK,1476.0,3.0,75.0
Gopal Reddy Layout,3 BHK,2100.0,3.0,75.0
Roopena Agrahara,3 BHK,1215.0,2.0,46.5
Ambalipura,2 BHK,1332.0,2.0,79.0
Hennur Road,2 BHK,1350.0,2.0,49.0
Kothannur,4 Bedroom,600.0,4.0,81.0
Haralur Road,2 BHK,1243.0,2.0,46.0
NGR Layout,2 BHK,1105.0,2.0,49.73
Padmanabhanagar,3 Bedroom,1500.0,2.0,200.0
Kasavanhalli,2 BHK,1200.0,2.0,50.0
Ramagondanahalli,2 BHK,1251.0,2.0,47.4
Kambipura,2 BHK,883.0,2.0,45.0
Pai Layout,3 BHK,1400.0,2.0,67.0
Rajaji Nagar,3 BHK,1800.0,3.0,260.0
Hegde Nagar,3 BHK,1703.0,3.0,113.0
NRI Layout,5 BHK,2500.0,5.0,130.0
Varthur,3 BHK,1250.0,3.0,71.0
Jigani,2 BHK,933.0,2.0,43.0
sankeswari,1 Bedroom,461.82,1.0,31.7
Brookefield,2 BHK,1262.0,2.0,75.0
Yelahanka,2 BHK,915.0,2.0,48.0
Panathur,3 BHK,1370.0,2.0,61.5
Malleshpalya,2 BHK,1210.0,2.0,55.0
Kodihalli,3 BHK,2392.0,4.0,260.0
T c palya,3 Bedroom,1500.0,2.0,85.0
Govindraja Nagar,2 BHK,1065.0,2.0,50.0
Rajaji Nagar,4 BHK,3100.0,4.0,570.0
Ramamurthy Nagar,3 BHK,1515.0,3.0,65.0
Sarjapura - Attibele Road,4 Bedroom,1800.0,4.0,110.0
Thanisandra,3 BHK,1445.0,2.0,40.31
Uttarahalli,3 BHK,1300.0,2.0,55.0
Vijayanagar,2 BHK,989.0,2.0,60.0
Jakkur,2 BHK,1300.0,2.0,85.0
Chandapura,3 BHK,1185.0,2.0,30.22
Battarahalli,5 Bedroom,1350.0,3.0,110.0
Marathahalli,2 BHK,1045.0,2.0,60.0
Virat Nagar,2 BHK,1205.0,2.0,42.18
Chennammanakere Achukattu,2 BHK,1260.0,2.0,75.0
Devanahalli Road,5 Bedroom,1320.0,5.0,199.0
Ulsoor,3 BHK,1500.0,2.0,125.0
Bommanahalli,3 BHK,1250.0,2.0,42.5
"Maragondana Halli, kr puram, old madras road",2 BHK,1199.0,2.0,50.0
Hennur Road,2 BHK,1385.0,2.0,83.09
Dhanalakshmi Layout,6 Bedroom,1222.0,5.0,250.0
Lakshminarayana Pura,2 BHK,1149.0,2.0,75.0
Sarjapur  Road,3 BHK,2180.0,3.0,170.0
TC Palaya,8 Bedroom,1200.0,7.0,110.0
Jp nagar 8th Phase .,10 BHK,12000.0,12.0,525.0
Thurahalli,5 Bedroom,1200.0,5.0,195.0
Hulimavu,3 BHK,1818.0,3.0,135.0
Volagerekallahalli,2 BHK,1070.0,2.0,33.0
Rajaji Nagar,3 BHK,1640.0,3.0,241.0
Nagarbhavi,3 BHK,1350.0,2.0,54.6
Chandapura,2 BHK,630.0,1.0,27.0
Hoodi,2 BHK,1430.0,2.0,113.0
Nagavara,3 BHK,2430.0,4.0,180.0
Nobo Nagar,6 Bedroom,1500.0,7.0,220.0
Sarjapur  Road,2 BHK,1084.0,2.0,55.0
Hennur Road,3 BHK,1186.0,2.0,56.0
Kengeri,2 BHK,1255.0,2.0,50.0
Haralur Road,4 BHK,3400.0,5.0,240.0
Hosa Road,3 BHK,1541.0,3.0,69.84
Iblur Village,4 BHK,3596.0,5.0,282.0
Raja Rajeshwari Nagar,2 BHK,1295.0,2.0,70.0
Kasavanhalli,3 Bedroom,1000.0,4.0,110.0
Sanjeevini Nagar,3 BHK,2820.0,3.0,285.0
7th Phase JP Nagar,3 BHK,1370.0,2.0,54.79
Electronic City,2 BHK,1100.0,2.0,40.0
Hebbal,4 BHK,4772.0,6.0,510.0
Rajaji Nagar,2 BHK,1370.0,2.0,170.0
7th Phase JP Nagar,3 BHK,1370.0,2.0,54.79
JP Nagar,2 BHK,1200.0,2.0,62.0
Gunjur,4 Bedroom,2000.0,3.0,95.0
9th Phase JP Nagar,4 BHK,3500.0,4.0,300.0
2nd Stage Nagarbhavi,5 Bedroom,1200.0,4.0,240.0
Kengeri,4 Bedroom,2400.0,5.0,253.0
Sarjapur  Road,3 BHK,1220.0,3.0,62.0
Kanakapura Road,3 Bedroom,1950.0,3.0,130.0
Somasundara Palya,2 BHK,1178.0,2.0,73.0
Dasanapura,3 BHK,1286.0,3.0,61.44
Begur Road,2 BHK,1160.0,2.0,42.0
Jigani,2 BHK,918.0,2.0,55.0
Electronic City,3 BHK,1563.0,3.0,91.84
Govindpura,2 BHK,1326.0,2.0,62.17
3rd Block Jayanagar,3 BHK,1350.0,2.0,140.0
Hebbal,4 BHK,3960.0,5.0,386.0
Begur Road,2 BHK,1240.0,2.0,39.06
Kaggadasapura,2 BHK,1325.0,2.0,50.0
Sonnenahalli,2 BHK,1100.0,2.0,44.0
Cunningham Road,3 BHK,3875.0,3.0,800.0
Gollarapalya Hosahalli,3 BHK,1605.0,3.0,50.0
Hennur Road,5 BHK,5600.0,5.0,515.0
Somasundara Palya,2 BHK,1260.0,2.0,60.0
Hoodi,3 BHK,1553.0,3.0,83.09
Whitefield,2 BHK,1280.0,2.0,52.0
Hebbal,3 BHK,1550.0,2.0,75.0
Arekere,3 BHK,1445.0,2.0,125.0
Murugeshpalya,3 BHK,1550.0,3.0,74.0
Electronics City Phase 1,3 BHK,1515.0,2.0,80.91
Hosa Road,3 BHK,1332.0,2.0,86.12
Electronic City,3 BHK,1652.0,3.0,70.0
Hegde Nagar,3 BHK,1570.0,3.0,105.0
Sarjapur  Road,4 Bedroom,5400.0,4.0,725.0
Sector 2 HSR Layout,1 BHK,794.0,1.0,60.0
Seegehalli,3 Bedroom,1200.0,2.0,62.0
7th Phase JP Nagar,4 Bedroom,3600.0,3.0,410.0
Hosakerehalli,3 Bedroom,1200.0,3.0,175.0
JP Nagar,4 BHK,1650.0,3.0,220.0
Chandra Layout,4 Bedroom,600.0,2.0,85.0
HRBR Layout,3 BHK,2800.0,3.0,250.0
Sarjapur  Road,3 BHK,1750.0,3.0,110.0
Hebbal,2 BHK,1053.0,2.0,48.0
Kanakpura Road,3 BHK,1100.0,3.0,53.0
Kadubeesanahalli,3 BHK,1665.0,3.0,70.0
Outer Ring Road East,4 Bedroom,4051.0,4.0,345.0
Malleshwaram,4 Bedroom,5500.0,5.0,1500.0
Bommasandra,3 BHK,1447.0,3.0,80.0
Balagere,2 BHK,1012.0,2.0,75.0
Malleshpalya,3 BHK,1900.0,3.0,60.0
Narayanapura,2 BHK,1308.0,2.0,92.66
Green Glen Layout,4 BHK,3250.0,4.0,230.0
Hormavu,1 BHK,1351.0,2.0,53.0
Electronic City,2 BHK,1000.0,2.0,22.0
J P Nagar 7th Phase Ramayya City,4 Bedroom,1200.0,4.0,350.0
Gunjur,2 BHK,1140.0,2.0,49.11
Uttarahalli,3 BHK,1250.0,2.0,55.0
Kanakapura,3 BHK,1290.0,3.0,45.15
Ambedkar Nagar,2 BHK,1424.0,2.0,90.0
Garudachar Palya,3 BHK,1320.0,2.0,60.6
Akshaya Nagar,3 BHK,1662.0,3.0,85.5
Shanthala Nagar,5 BHK,8321.0,5.0,2700.0
Begur Road,2 BHK,1200.0,2.0,45.0
Koramangala,3 BHK,1975.0,3.0,210.0
Garudachar Palya,3 BHK,1295.0,2.0,59.5
Battarahalli,3 BHK,1777.0,3.0,100.0
Kadugodi,3 BHK,1900.0,3.0,108.0
Anandapura,3 BHK,1576.0,3.0,59.1
Sompura,2 BHK,1020.0,2.0,41.0
Green Domain Layout,3 BHK,2100.0,3.0,170.0
Raja Rajeshwari Nagar,1 BHK,648.0,1.0,31.75
Neeladri Nagar,3 BHK,1167.0,2.0,38.0
Vyalikaval,7 Bedroom,1000.0,7.0,160.0
Hoodi,2 BHK,1220.0,2.0,50.89
Kogilu,3 BHK,2350.0,5.0,327.0
Vittasandra,2 BHK,1259.0,2.0,67.4
Gottigere,4 Bedroom,2000.0,4.0,82.0
8th Phase JP Nagar,3 BHK,1800.0,3.0,80.0
Cleveland Town,3 BHK,1991.0,3.0,160.0
Bannerghatta,3 BHK,1665.0,3.0,110.0
"Hoodi Circle, ",2 BHK,1234.0,2.0,61.0
Mysore Road,3 BHK,1340.0,2.0,64.31
Banashankari,2 BHK,1170.0,2.0,46.79
Electronics City Phase 1,2 BHK,995.0,2.0,46.0
Old Airport Road,2 BHK,1075.0,2.0,60.0
Electronic City,2 BHK,1025.0,2.0,54.5
Rachenahalli,3 BHK,2721.0,3.0,113.0
Thanisandra,3 BHK,2000.0,3.0,99.0
Whitefield,4 BHK,2500.0,4.0,155.0
Mallasandra,2 BHK,1325.0,2.0,70.0
Kadugodi,2 BHK,1314.0,2.0,68.2
Kanakpura Road,3 BHK,2265.0,3.0,136.0
7th Phase JP Nagar,7 Bedroom,4800.0,7.0,170.0
Yelahanka,2 BHK,1026.0,2.0,41.0
Syndicate Bank Colony,3 BHK,1200.0,3.0,66.0
Kada Agrahara,3 BHK,2220.0,4.0,65.0
Hebbal,2 BHK,1420.0,2.0,99.39
Sarjapur  Road,3 BHK,1888.0,4.0,95.0
JP Nagar,2 BHK,1300.0,2.0,90.87
Rajaji Nagar,2 BHK,1216.0,2.0,97.16
"Off Sarjapur road, ",4 Bedroom,3000.0,4.0,342.0
Begur,3 BHK,1559.0,3.0,63.0
Harlur,2 BHK,1290.0,2.0,87.0
M C Layout,6 Bedroom,2400.0,6.0,245.0
Whitefield,1 BHK,905.0,1.0,55.0
Nanjappa Layout,2 BHK,1069.0,2.0,55.0
Sarjapura - Attibele Road,2 BHK,829.0,2.0,22.8
Koramangala,2 BHK,1900.0,2.0,200.0
Sarjapur  Road,3 BHK,1300.0,3.0,60.0
Channasandra,2 BHK,1115.0,2.0,33.45
Rajaji Nagar,3 BHK,2409.0,3.0,360.0
Ambedkar Nagar,3 BHK,2150.0,4.0,125.0
Marathahalli,3 BHK,1305.0,2.0,69.0
Kanakpura Road,2 BHK,1252.0,2.0,56.32
Hosakerehalli,5 Bedroom,2400.0,5.0,250.0
Whitefield,2 Bedroom,1200.0,2.0,46.13
Koramangala,3 BHK,1750.0,3.0,130.0
Electronic City Phase II,2 BHK,545.0,1.0,35.0
BEL Layout,2 Bedroom,1375.0,2.0,105.0
Subramanyapura,2 BHK,1313.0,2.0,66.5
Attibele,4 Bedroom,3640.0,4.0,275.0
Akshayanagara East,3 BHK,1693.0,3.0,108.0
JCR Layout,2 BHK,1160.0,2.0,41.75
Sri Kanteshwara Nagar,3 Bedroom,1200.0,3.0,200.0
Subramanyapura,3 BHK,1255.0,2.0,79.0
KR Puram,4 Bedroom,1000.0,4.0,75.0
Bellari Road,2 BHK,900.0,2.0,45.0
Yelahanka New Town,3 BHK,1700.0,3.0,90.0
Indira Nagar,3 BHK,1875.0,3.0,180.0
Uttarahalli,3 BHK,1700.0,3.0,88.0
Harlur,3 BHK,1749.0,3.0,115.0
Dasanapura,2 Bedroom,1500.0,3.0,65.0
Varanasi,2 BHK,1175.0,2.0,48.0
Akshaya Nagar,2 BHK,1280.0,2.0,60.0
Abbaiah Reddy Layout,2 BHK,1200.0,2.0,50.0
Ramagondanahalli,3 BHK,1610.0,2.0,115.0
Electronic City,2 BHK,1070.0,2.0,46.0
TC Palaya,2 Bedroom,1200.0,2.0,66.0
9th Phase JP Nagar,2 BHK,1127.0,2.0,50.0
Indira Nagar,2 BHK,1210.0,2.0,102.0
Jyothi Nagar,2 BHK,600.0,2.0,23.0
Thigalarapalya,4 BHK,4190.0,4.0,380.0
Tata Nagar,2 BHK,1364.0,2.0,70.0
Whitefield,4 BHK,2268.0,3.0,146.0
RK Layout 2nd Stage,3 BHK,1150.0,2.0,77.5
Tirumanahalli,2 BHK,1146.0,2.0,39.5
Magadi Road,2 BHK,1345.0,2.0,55.0
Mylasandra,2 BHK,1110.0,2.0,41.0
Kengeri,2 BHK,750.0,2.0,36.0
Motappa Layout,2 BHK,1156.0,2.0,49.5
Pattandur Agrahara,2 BHK,1247.0,2.0,59.8
Mangammanapalya,2 BHK,1058.0,2.0,60.0
Kaggalipura,2 BHK,950.0,2.0,48.0
Vasanthapura,2 BHK,420.0,2.0,35.0
BTM 1st Stage,4 Bedroom,600.0,2.0,90.0
Vijayanagar,3 BHK,1520.0,2.0,103.0
Marathahalli,2 BHK,1215.0,2.0,58.86
Raghuvanahalli,1 BHK,900.0,1.0,30.0
Hennur Road,3 BHK,2350.0,3.0,174.0
Thanisandra,2 BHK,1050.0,2.0,46.0
 Devarabeesana Halli,3 BHK,1672.0,3.0,150.0
Laggere,5 Bedroom,2800.0,5.0,125.0
MCECHS  layout,3 BHK,1500.0,2.0,65.0
Geddalahalli,2 BHK,1400.0,2.0,65.0
8th Phase JP Nagar,4 Bedroom,2700.0,4.0,130.0
Bommasandra,2 BHK,920.0,2.0,37.46
Sarjapur  Road,3 Bedroom,1200.0,3.0,70.0
Brindavan Nagar,3 BHK,1250.0,3.0,139.0
Hosakerehalli,3 BHK,1817.0,4.0,153.0
Cooke Town,5 Bedroom,2043.0,6.0,375.0
HSR Layout,2 BHK,1140.0,2.0,46.0
Yelahanka,4 Bedroom,4346.0,4.0,450.0
Haralur Road,2 BHK,1464.0,2.0,56.0
Ambedkar Colony,2 BHK,1468.0,3.0,130.0
Electronics City Phase 1,3 BHK,1555.0,2.0,82.0
Munnekollal,6 Bedroom,1200.0,4.0,110.0
Whitefield,2 BHK,1150.0,2.0,55.0
Kadubeesanahalli,2 BHK,970.0,2.0,35.0
Banashankari,4 BHK,2500.0,4.0,95.0
Seetharampalya,2 BHK,1166.0,2.0,53.0
Konanakunte,3 Bedroom,2779.0,3.0,317.0
Electronic City,3 BHK,1350.0,3.0,58.0
Mariyannapalya,2 BHK,900.0,2.0,46.0
7th Phase JP Nagar,3 BHK,1300.0,2.0,52.0
Kanaka Nagar,3 BHK,1190.0,3.0,55.0
Kodichikkanahalli,3 BHK,1495.0,2.0,75.0
Indira Nagar,2 BHK,1224.0,2.0,105.0
Banashankari Stage III,3 BHK,1350.0,2.0,68.0
Green Glen Layout,2 BHK,940.0,2.0,56.8
Raja Rajeshwari Nagar,2 BHK,1100.0,2.0,55.0
Kaikondrahalli,2 BHK,1300.0,2.0,61.0
Palace Road,3 BHK,1480.0,2.0,145.0
Hoodi,2 BHK,1105.0,2.0,46.37
Sarjapur  Road,3 Bedroom,2600.0,3.0,200.0
Yelahanka,3 BHK,1517.0,3.0,76.3
Horamavu Banaswadi,6 Bedroom,3800.0,8.0,200.0
Jalahalli,3 BHK,1615.0,3.0,89.75
MCECHS  layout,3 BHK,1500.0,3.0,65.0
Mysore Road,3 BHK,1082.0,3.0,50.5
Marathahalli,2 BHK,1365.0,2.0,73.0
Electronic City,2 BHK,1000.0,2.0,25.0
CV Raman Nagar,2 BHK,1392.0,2.0,98.0
Kodigehalli,2 BHK,1086.0,2.0,33.66
Hennur Road,3 BHK,1586.0,3.0,93.94
Hennur,2 BHK,1100.0,2.0,60.0
Electronic City Phase II,2 BHK,1065.0,2.0,30.75
TC Palaya,3 Bedroom,1500.0,2.0,120.0
7th Phase JP Nagar,3 BHK,1575.0,2.0,120.0
Hennur Road,3 BHK,1975.0,3.0,123.0
Nelamangala,2 BHK,820.0,2.0,24.0
Gubbalala,3 BHK,1745.0,3.0,110.0
Nagarbhavi,2 BHK,1223.0,2.0,60.0
Ananth Nagar,3 BHK,1200.0,2.0,65.0
Basaveshwara Nagar,2 BHK,1200.0,2.0,90.0
Binny Pete,1 BHK,665.0,1.0,46.08
Bharathi Nagar,2 BHK,1351.0,2.0,70.0
Hebbal,3 BHK,1355.0,3.0,83.87
Sector 7 HSR Layout,3 BHK,3900.0,3.0,300.0
Thanisandra,3 BHK,1588.0,3.0,75.55
Amruthahalli,2 BHK,900.0,2.0,60.0
Bhuvaneshwari Nagar,3 Bedroom,440.0,3.0,50.0
Harlur,4 Bedroom,3385.0,4.0,260.0
Panathur,3 BHK,1370.0,2.0,75.0
Whitefield,3 Bedroom,1500.0,3.0,71.8
Pulikeshi Nagar,3 BHK,2280.0,3.0,285.0
Kanakpura Road,3 BHK,1100.0,3.0,53.0
Hoodi,2 BHK,1247.0,2.0,53.0
Domlur Layout,3 BHK,2000.0,3.0,200.0
Balagere,2 BHK,1020.07,2.0,68.38
Gunjur Palya,3 BHK,1033.0,2.0,32.0
B Narayanapura,3 BHK,1460.0,2.0,73.0
Garudachar Palya,2 BHK,1150.0,2.0,52.8
Sarjapur  Road,5 BHK,5965.0,5.0,385.0
Babusapalaya,2 BHK,1141.0,2.0,46.0
Doddaballapur,4 Bedroom,4200.0,4.0,325.0
Hosa Road,3 BHK,1665.0,2.0,125.0
Kanakapura,2 BHK,1295.0,2.0,64.0
Haralur Road,2 BHK,1230.0,2.0,78.0
Anand Nagar,3 BHK,1080.0,2.0,75.0
Kaggalipura,2 BHK,1000.0,2.0,60.0
Kaval Byrasandra,3 BHK,2400.0,2.0,50.0
Rayasandra,3 BHK,1708.0,3.0,75.0
Thanisandra,3 BHK,1697.0,3.0,115.0
Whitefield,4 BHK,3537.0,5.0,210.0
Hosa Road,1 BHK,615.0,1.0,28.29
Banashankari,3 BHK,1350.0,2.0,83.0
Jalahalli,2 BHK,1083.0,2.0,32.49
Gottigere,3 BHK,1460.0,2.0,65.0
Babusapalaya,2 BHK,1084.0,2.0,58.0
Bommasandra,2 BHK,1035.0,2.0,41.43
Vijaya Bank Layout,3 BHK,2400.0,2.0,150.0
Hosur Road,1 BHK,460.0,1.0,21.0
Narayanappa Layout,5 BHK,950.0,5.0,90.0
Whitefield,2 BHK,1285.0,2.0,55.9
1Hanuman Nagar,19 BHK,2000.0,16.0,490.0
Sarjapur,3 Bedroom,1200.0,3.0,78.0
Raghuvanahalli,2 BHK,1070.0,2.0,35.0
Hegde Nagar,3 BHK,1801.0,3.0,140.0
Whitefield,3 BHK,1697.0,3.0,115.0
AECS Layout,2 BHK,1199.0,2.0,65.0
Iblur Village,3 BHK,2300.0,3.0,220.0
Mysore Road,3 BHK,1340.0,2.0,64.31
Marathahalli,4 BHK,3800.0,4.0,205.0
Jigani,5 Bedroom,600.0,5.0,50.0
Wilson Garden,2 BHK,1125.0,2.0,75.0
Anandapura,2 Bedroom,1200.0,2.0,67.0
Subramanyapura,2 BHK,1050.0,2.0,41.0
Nagarbhavi,2 BHK,956.0,2.0,49.0
Sarjapur,2 BHK,1000.0,2.0,30.0
Dooravani Nagar,3 BHK,1596.0,3.0,95.0
Kumbhena Agrahara,6 Bedroom,1200.0,5.0,150.0
Kanakpura Road,2 BHK,1296.0,2.0,89.06
NS Palya,6 Bedroom,1200.0,7.0,170.0
Challaghatta,3 BHK,1639.0,3.0,123.0
Electronic City Phase II,2 BHK,1219.0,2.0,61.25
Uttarahalli,3 BHK,1200.0,3.0,50.0
Bannerghatta Road,2 BHK,1218.0,2.0,73.0
Nyanappana Halli,2 BHK,920.0,2.0,37.0
Yeshwanthpur,3 BHK,2559.0,3.0,141.0
2nd Phase Judicial Layout,1 BHK,525.0,1.0,26.0
Bannerghatta Road,3 BHK,1427.0,2.0,48.51
Kothannur,3 BHK,1270.0,3.0,45.0
Ramagondanahalli,2 BHK,920.0,2.0,65.0
Dommasandra,4 Bedroom,2700.0,3.0,68.0
Indira Nagar 3rd Stage,3 BHK,1740.0,3.0,199.0
Ramamurthy Nagar,3 BHK,1355.0,2.0,40.0
Lingadheeranahalli,3 BHK,1530.0,2.0,90.0
Gokula Extension,3 BHK,1372.0,2.0,90.0
Nehru Nagar,4 BHK,2363.0,5.0,120.0
Marathahalli,4 BHK,3895.0,4.0,220.0
Jakkur,3 BHK,1950.0,3.0,131.0
Hoysalanagar,2 BHK,885.0,2.0,40.0
Yelahanka,2 BHK,600.0,2.0,27.0
Kumaraswami Layout,5 Bedroom,1270.0,4.0,128.0
Vijayanagar,2 Bedroom,1380.0,2.0,225.0
Kanakpura Road,2 BHK,1339.0,2.0,62.0
Whitefield,2 BHK,1130.0,2.0,36.0
Uttarahalli,2 BHK,1085.0,2.0,43.0
Yeshwanthpur,3 BHK,1430.0,3.0,72.0
Bhoganhalli,4 BHK,1451.5,4.0,121.0
Ramakrishnappa Layout,5 BHK,6200.0,5.0,720.0
AGS Layout,3 BHK,1490.0,2.0,59.6
Vishwanatha Nagenahalli,4 BHK,1650.0,4.0,99.0
Bellandur,2 BHK,1286.0,2.0,57.0
KR Garden,2 BHK,925.0,2.0,63.0
Bellandur,4 BHK,3016.0,4.0,230.0
Haralur Road,2 BHK,1000.0,2.0,44.0
Whitefield,2 BHK,1215.0,2.0,39.0
Kanakadasa Layout,4 Bedroom,1200.0,3.0,95.0
Lakshminarayana Pura,2 BHK,1336.0,2.0,100.0
Yeshwanthpur,1 BHK,673.0,1.0,36.85
Anandapura,2 Bedroom,1200.0,2.0,58.0
Lingarajapuram,6 Bedroom,600.0,7.0,63.0
Malleshwaram,3 BHK,1600.0,3.0,160.0
Mallathahalli,2 Bedroom,1200.0,2.0,79.0
Indira Nagar,6 Bedroom,2480.0,4.0,750.0
Jayamahal Extension,3 BHK,2500.0,3.0,270.0
Devanahalli,5 Bedroom,2400.0,5.0,100.0
Sector 2 HSR Layout,2 BHK,1143.0,2.0,65.0
Kanakpura Road,2 BHK,1470.0,2.0,61.74
Laxminarayana Layout,4 Bedroom,1584.0,3.0,145.0
Marathahalli,3 BHK,1785.0,3.0,94.0
Koramangala,3 BHK,2292.0,3.0,286.0
Kothanur,3 BHK,1460.0,3.0,71.0
Kasturi Nagar,3 BHK,1500.0,2.0,80.0
Yelahanka,5 Bedroom,1200.0,4.0,140.0
Sanjay nagar,5 BHK,3300.0,3.0,250.0
Chikkalasandra,2 BHK,1230.0,2.0,48.0
Yelahanka New Town,1 BHK,650.0,1.0,20.0
Benson Town,2 BHK,1480.0,2.0,120.0
Thanisandra,2 BHK,1220.0,2.0,43.92
Dooravani Nagar,3 BHK,1570.0,3.0,115.0
Sadashiva Nagar,3 BHK,3000.0,3.0,400.0
Mallasandra,3 BHK,1665.0,3.0,86.91
Banagiri Nagar,3 Bedroom,1350.0,3.0,380.0
Sarjapur  Road,4 Bedroom,4000.0,5.0,600.0
Ramamurthy Nagar,2 Bedroom,1100.0,2.0,68.0
Kathriguppe,3 BHK,1350.0,2.0,87.01
Kasavanhalli,3 BHK,1719.0,3.0,116.0
Budigere,1 BHK,664.0,1.0,35.0
Sonnenahalli,2 BHK,1011.0,2.0,50.53
Akshya Nagar,6 Bedroom,2400.0,6.0,130.0
Basaveshwara Nagar Yelahanka,3 BHK,1680.0,3.0,85.0
Thyagaraja Nagar,4 Bedroom,700.0,4.0,110.0
Whitefield,3 BHK,1520.0,2.0,150.0
Uttarahalli,3 BHK,1350.0,2.0,53.0
Kothanur,3 BHK,1760.0,3.0,150.0
Pattandur Agrahara,2 BHK,875.0,2.0,33.0
Hennur,2 BHK,1231.0,2.0,48.0
Somasundara Palya,2 BHK,1174.0,2.0,74.0
Munnekollal,3 BHK,1560.0,3.0,75.0
HOSUR MAIN ROAD,2 BHK,1464.0,2.0,56.0
Kanakpura Road,3 Bedroom,2200.0,3.0,130.0
Shivaji Nagar,2 BHK,850.0,2.0,55.0
Sahyadri Layout,3 BHK,1750.0,3.0,180.0
1st Phase JP Nagar,3 BHK,2024.0,3.0,157.0
Mathikere SBM colony,2 Bedroom,1500.0,1.0,160.0
"white field,kadugodi",6 Bedroom,2100.0,6.0,275.0
Kodihalli,3 BHK,2408.0,4.0,260.0
Devanahalli,2 BHK,1080.0,2.0,44.0
Indira Nagar,3 BHK,2070.0,3.0,225.0
Electronic City,2 BHK,1020.0,2.0,29.46
Begur Road,3 BHK,1500.0,2.0,55.0
Mahalakshmi Layout,4 Bedroom,1575.0,5.0,158.0
Kodichikkanahalli,4 Bedroom,3250.0,4.0,180.0
Uttarahalli,2 BHK,1175.0,2.0,47.0
Channasandra,2 BHK,1030.0,2.0,34.5
Hebbal,2 BHK,1440.0,2.0,115.0
Hoodi,2 BHK,1500.0,2.0,84.0
Thanisandra,1 Bedroom,1380.0,1.0,62.1
Bagalur,2 BHK,1200.0,2.0,50.0
Vinayak Nagar,1 BHK,705.0,1.0,36.5
Harlur,3 BHK,2240.0,5.0,155.0
Hegde Nagar,3 BHK,1584.01,3.0,103.0
P Krishnappa Layout,3 BHK,1340.0,3.0,77.0
Green Garden Layout,3 BHK,1800.0,3.0,70.0
R.T. Nagar,2 BHK,1200.0,2.0,45.0
Sarjapur  Road,1 BHK,685.0,1.0,40.0
Kalkere,2 BHK,925.0,2.0,42.0
Crimson Layout,2 BHK,1230.0,2.0,57.0
Manjunath Nagar,5 Bedroom,1200.0,5.0,185.0
Kodichikkanahalli,2 BHK,1125.0,2.0,52.0
Hebbal,2 BHK,1100.0,2.0,54.0
Jigani,3 Bedroom,2400.0,3.0,149.0
Electronic City Phase II,3 BHK,1400.0,2.0,41.58
Uttarahalli,7 Bedroom,1200.0,7.0,225.0
Jakkur,3 BHK,1858.0,3.0,98.3
Adityanagar,1 Bedroom,1260.0,1.0,41.0
Ambedkar Nagar,4 BHK,3530.0,4.0,290.0
HSR Layout,2 BHK,1185.0,2.0,60.0
RMV 2nd Stage,2 Bedroom,1200.0,2.0,216.0
Hennur,2 BHK,1255.0,2.0,58.0
Rajaji Nagar,4 BHK,3436.0,6.0,475.0
Kudlu Gate,3 BHK,1335.0,3.0,89.0
Dodda Nekkundi,3 BHK,1999.0,3.0,132.0
Kanaka Nagar,2 Bedroom,1200.0,2.0,125.0
Kundalahalli,3 BHK,1397.0,3.0,110.0
Jigani,10 Bedroom,1200.0,10.0,105.0
Cooke Town,4 BHK,3950.0,4.0,450.0
Yelahanka New Town,2 Bedroom,1200.0,2.0,130.0
Chikka Tirupathi,3 Bedroom,1616.0,3.0,95.0
Banashankari Stage III,8 Bedroom,1200.0,7.0,350.0
Hanumantha Nagar,4 Bedroom,1270.0,2.0,175.0
Raja Rajeshwari Nagar,2 BHK,1140.0,2.0,38.55
Kanakpura Road,1 BHK,525.0,1.0,30.0
Varthur,3 Bedroom,1200.0,2.0,98.0
Bagalakunte,1 Bedroom,700.0,1.0,162.0
Balagere,2 BHK,1205.47,2.0,81.0
T Dasarahalli,3 Bedroom,1200.0,3.0,130.0
Electronic City,3 BHK,1700.0,3.0,75.0
Thanisandra,5 Bedroom,750.0,4.0,62.0
Kanakpura Road,2 BHK,1090.0,2.0,54.54
Yeshwanthpur,4 BHK,3600.0,5.0,220.0
Kundalahalli,1 BHK,2400.0,1.0,650.0
Thanisandra,1 BHK,923.0,1.0,60.84
Muthurayya Swamy Layout,4 BHK,3595.0,6.0,360.0
Green Glen Layout,2 BHK,1050.0,2.0,48.0
Whitefield,2 BHK,1495.0,2.0,79.5
Narayanapura,3 BHK,1485.0,3.0,85.0
Dommasandra,3 BHK,1033.0,2.0,31.5
Electronic City,3 BHK,1400.0,2.0,48.0
Indira Nagar,1 Bedroom,500.0,1.0,70.0
Sarjapur  Road,2 BHK,944.0,2.0,35.0
Whitefield,5 Bedroom,3250.0,5.0,290.0
Whitefield,2 BHK,1216.0,2.0,66.48
Thirumenahalli,2 BHK,1100.0,2.0,39.5
Thanisandra,3 BHK,1743.0,3.0,93.25
Yelahanka,2 BHK,1274.0,2.0,48.42
Lavelle Road,3 BHK,2500.0,3.0,425.0
Mysore Road,3 BHK,1512.0,2.0,110.0
Dollars Colony,4 BHK,3100.0,5.0,385.0
Cox Town,3 BHK,1650.0,3.0,100.0
Doddathoguru,3 BHK,1875.0,3.0,55.0
Whitefield,3 BHK,1350.0,3.0,54.0
Rajiv Gandhi Nagar,2 BHK,1219.0,2.0,40.0
Goraguntepalya,4 Bedroom,1200.0,4.0,150.0
Sarjapura - Attibele Road,3 Bedroom,2400.0,3.0,85.0
Hormavu,2 BHK,1141.0,2.0,44.4
Anandapura,2 BHK,1151.0,2.0,43.1
Bommenahalli,3 Bedroom,832.0,3.0,77.0
Sarjapur  Road,2 BHK,915.0,2.0,38.0
Rajankunte,3 Bedroom,3259.0,3.0,270.0
Bannerghatta Road,2 BHK,1115.0,2.0,65.12
Thigalarapalya,3 BHK,2072.0,4.0,139.0
Kaggadasapura,2 BHK,1200.0,2.0,53.0
Singasandra,2 BHK,1300.0,2.0,65.0
Bellandur,2 BHK,1457.0,2.0,85.0
Kannamangala,2 BHK,1262.0,2.0,55.0
BEML Layout,4 Bedroom,1196.0,3.0,150.0
Ananth Nagar,2 BHK,900.0,2.0,22.5
Attibele,1 BHK,420.0,1.0,17.0
Kanakapura,2 BHK,1160.0,2.0,46.39
Kasavanhalli,2 BHK,1115.0,2.0,50.0
JP Nagar,3 BHK,1315.0,2.0,85.4
Babusapalaya,2 BHK,1500.0,2.0,57.0
HSR Layout,2 BHK,1127.0,2.0,68.0
Kundalahalli,3 BHK,1397.0,3.0,104.0
Whitefield,2 BHK,1173.0,2.0,60.0
Sompura,2 BHK,1090.0,2.0,28.0
Sarjapur  Road,3 BHK,2720.0,5.0,210.0
Jakkur,2 BHK,1230.0,2.0,76.0
6th Block Rajaji Nagar,4 BHK,3200.0,3.0,190.0
Sarjapur  Road,2 BHK,858.0,2.0,31.57
Talaghattapura,3 BHK,1868.0,3.0,121.0
Uttarahalli,3 BHK,1689.28,3.0,91.2
Vishwapriya Layout,4 BHK,600.0,3.0,73.0
Banashankari,3 BHK,1425.0,3.0,49.88
Subramanyapura,6 Bedroom,1200.0,6.0,170.0
Tindlu,2 Bedroom,1350.0,2.0,100.0
Channasandra,6 Bedroom,4200.0,6.0,180.0
Uttarahalli,3 BHK,1310.0,2.0,85.0
MLA Layout,2 BHK,970.0,2.0,40.0
Kundalahalli,3 BHK,1397.0,3.0,108.0
Sarjapur,2 BHK,1157.0,2.0,40.0
Kasavanhalli,2 BHK,1125.0,2.0,61.2
Sonnenahalli,2 BHK,1157.0,2.0,42.0
Sarjapur  Road,2 BHK,1241.0,2.0,82.0
Binny Pete,1 BHK,660.0,1.0,62.0
Marathahalli,4 BHK,4000.0,4.0,220.0
Rajiv Nagar,4 BHK,2340.0,4.0,148.0
Venkatadri Layout,1 BHK,596.0,1.0,42.0
Koramangala Industrial Layout,16 BHK,10000.0,16.0,550.0
Kyalasanahalli,4 Bedroom,1200.0,4.0,110.0
Ambedkar Colony,3 BHK,1910.0,3.0,190.0
Brookefield,2 BHK,1139.0,2.0,80.0
Thigalarapalya,4 BHK,3122.0,5.0,225.0
Sarjapura - Attibele Road,2 BHK,1033.0,2.0,28.41
Yeshwanthpur,2 BHK,1168.0,2.0,64.08
Chandapura,2 BHK,877.0,2.0,42.0
Electronics City Phase 1,2 BHK,1340.0,2.0,75.0
B Narayanapura,3 BHK,1405.0,2.0,70.0
Siddapura,3 BHK,1800.0,3.0,65.0
 Devarabeesana Halli,3 BHK,1750.0,3.0,149.0
Motappa Layout,3 BHK,1360.0,2.0,65.0
Malleshwaram,3 Bedroom,675.0,2.0,148.0
Byrasandra,2 BHK,985.0,2.0,63.0
Victoria Layout,2 BHK,1300.0,2.0,129.0
7th Phase JP Nagar,3 BHK,1850.0,3.0,150.0
Rustam Bagh Layout,3 BHK,1490.0,2.0,88.0
Byagadadhenahalli,2 BHK,620.0,1.0,25.0
Hormavu,2 BHK,1130.0,2.0,42.3
Yelachenahalli,2 BHK,1080.0,2.0,55.0
Singasandra,4 BHK,3126.0,4.0,120.0
Begur Road,3 BHK,1410.0,2.0,52.17
Bommanahalli,3 BHK,1375.0,3.0,59.0
Hennur Road,3 BHK,1290.0,2.0,94.5
Hosa Road,3 BHK,1318.0,2.0,85.28
Electronic City,2 BHK,1128.0,2.0,68.0
Meenakunte,4 Bedroom,4428.0,4.0,255.0
Kanakpura Road,2 BHK,1051.0,2.0,56.74
Kengeri,3 Bedroom,3500.0,5.0,275.0
Kannamangala,4 Bedroom,2400.0,4.0,130.0
Yelahanka,2 BHK,1327.0,2.0,85.0
Thigalarapalya,4 BHK,2912.0,6.0,210.0
Basapura,2 BHK,1301.0,2.0,55.0
Thippasandra,1 BHK,650.0,1.0,30.0
Varthur,3 Bedroom,1200.0,3.0,67.75
Banagiri Nagar,3 BHK,1500.0,2.0,89.99
Kumara Park,4 Bedroom,2700.0,6.0,675.0
Nagadevanahalli,4 Bedroom,1350.0,4.0,145.0
Electronic City Phase II,2 BHK,1000.0,2.0,28.88
Sarjapur  Road,2 BHK,984.0,2.0,45.91
Jakkur,3 BHK,1819.18,3.0,160.0
Nagarbhavi,1 Bedroom,900.0,1.0,175.0
Hebbal,3 BHK,1355.0,3.0,83.87
Sarakki Nagar,3 BHK,2145.0,4.0,270.0
Malleshwaram,3 BHK,2475.0,4.0,300.0
Kaggadasapura,2 BHK,1118.0,2.0,30.0
Roopena Agrahara,1 BHK,910.0,1.0,42.0
Madiwala,3 BHK,1250.0,3.0,39.0
Hosakerehalli,2 BHK,1304.0,2.0,100.0
Begur Road,3 BHK,1615.0,3.0,58.0
Sarjapur  Road,2 BHK,1400.0,2.0,68.0
CV Raman Nagar,2 BHK,1070.0,2.0,47.5
Hebbal,3 BHK,3500.0,3.0,395.0
Hoodi,2 BHK,1132.0,2.0,89.37
Rajarajeshwari Nagara,3 BHK,2000.0,3.0,85.0
Hebbal,7 Bedroom,2400.0,5.0,550.0
Sector 2 HSR Layout,1 BHK,794.0,1.0,65.0
Raja Rajeshwari Nagar,2 BHK,1090.0,2.0,43.59
Gottigere,3 BHK,1500.0,3.0,70.0
1st Phase JP Nagar,3 BHK,2059.0,3.0,225.0
Kanakpura Road,1 BHK,525.0,1.0,30.0
Bhoganhalli,2 BHK,1447.0,2.0,75.97
Whitefield,2 BHK,1269.0,2.0,75.0
KR Layout,4 Bedroom,4800.0,4.0,700.0
Kanakpura Road,2 BHK,1070.0,2.0,37.45
Talaghattapura,2 BHK,1150.0,2.0,28.0
Marathahalli,2 BHK,1208.0,2.0,70.0
Ramamurthy Nagar,2 BHK,1185.0,2.0,45.5
Laggere,3 Bedroom,1200.0,3.0,130.0
Anekal,2 BHK,888.0,2.0,34.0
Chandapura,2 BHK,1015.0,2.0,25.88
Celebrity Paradise Layout,1 BHK,532.0,1.0,22.49
St Thomas Town,3 BHK,1060.0,3.0,62.0
Electronic City,1 BHK,700.0,1.0,35.0
Ckikkakammana Halli,2 BHK,902.0,2.0,42.0
Banashankari 2nd Stage,6 Bedroom,600.0,3.0,95.0
Uttarahalli,2 BHK,1175.0,2.0,47.0
Binny Pete,2 BHK,1365.0,2.0,122.0
Doddathoguru,2 BHK,984.0,2.0,51.0
Hebbal,4 Bedroom,2700.0,2.0,100.0
Jalahalli East,3 BHK,1475.0,3.0,96.0
Haralur Road,2 BHK,1300.0,2.0,79.0
5th Block Hbr Layout,5 Bedroom,1200.0,6.0,220.0
Babusapalaya,3 BHK,1453.0,2.0,43.59
Munivenkatppa Layout,2 BHK,1550.0,2.0,160.0
Akshaya Nagar,3 BHK,1666.0,3.0,95.0
Akshaya Nagar,4 Bedroom,1410.0,4.0,160.0
Yelahanka,4 Bedroom,4025.0,5.0,800.0
Murugeshpalya,3 BHK,1845.0,3.0,91.0
Sarjapura - Attibele Road,3 BHK,1676.0,3.0,52.0
Uttarahalli,2 BHK,1137.0,2.0,63.0
Electronic City,3 BHK,1360.0,2.0,70.5
Vijaya Bank Layout,3 BHK,1374.0,2.0,70.0
Judicial Layout,3 Bedroom,1700.0,3.0,155.0
Whitefield,5 Bedroom,3227.0,5.0,250.0
Ferrar Nagar,4 BHK,2145.0,4.0,125.0
Koramangala,4 Bedroom,2400.0,6.0,600.0
Kasavanhalli,3 BHK,2170.0,3.0,151.0
Bank Of Baroda Colony,2 BHK,1080.0,2.0,55.0
Electronic City Phase II,3 BHK,1790.0,3.0,100.0
Doddathoguru,1 BHK,550.0,1.0,17.0
Poorna Pragna Layout,3 BHK,1270.0,2.0,50.79
Somasundara Palya,2 BHK,1033.0,2.0,48.0
Kamala Nagar,2 Bedroom,1000.0,2.0,80.0
Binny Pete,4 BHK,2940.0,6.0,280.0
Kumarapalli,2 BHK,1240.0,2.0,52.6
Kasturi Nagar,5 Bedroom,1650.0,5.0,450.0
Kambipura,2 BHK,883.0,2.0,39.0
Outer Ring Road East,3 BHK,1500.0,2.0,97.0
Marathahalli,3 BHK,1730.0,3.0,139.0
Kasavanhalli,3 BHK,1915.0,3.0,80.0
Whitefield,3 BHK,1545.0,3.0,79.0
Marenahalli,3 BHK,1865.0,4.0,140.0
Hebbal Kempapura,2 BHK,1150.0,2.0,40.0
HAL 3rd Stage,2 BHK,1200.0,2.0,49.0
Kengeri,2 BHK,963.0,2.0,40.0
Marsur,3 Bedroom,1200.0,3.0,120.0
Basavangudi,4 BHK,2600.0,4.0,260.0
Kaikondrahalli,4 BHK,1700.0,4.0,108.0
Lingadheeranahalli,3 BHK,1682.0,3.0,120.0
Yelahanka,3 BHK,1371.0,2.0,65.0
Hennur Road,2 BHK,901.0,2.0,49.5
Vishwapriya Layout,7 Bedroom,600.0,7.0,73.0
Ambalipura,3 BHK,1730.0,3.0,120.0
Konanakunte,4 Bedroom,1200.0,4.0,125.0
EPIP Zone,3 BHK,1500.0,3.0,102.0
Sarjapur  Road,4 BHK,3785.0,6.0,280.0
Nagawara Junction,4 BHK,3500.0,4.0,245.0
Lingarajapuram,2 BHK,1203.0,2.0,59.86
Horamavu Banaswadi,2 BHK,1357.0,2.0,54.0
Vasantha Vallabha Nagar,3 BHK,1600.0,3.0,76.0
Yelahanka New Town,1 BHK,350.0,1.0,13.5
Varthur,3 BHK,1665.0,3.0,53.0
Ramamurthy Nagar,3 Bedroom,1400.0,3.0,200.0
Sarjapur  Road,1 BHK,835.0,1.0,46.95
Chandra Layout,2 Bedroom,815.0,3.0,160.0
Haralur Road,3 BHK,1444.0,2.0,80.0
Kanakapura,2 BHK,1277.0,2.0,55.0
Lingadheeranahalli,3 BHK,1521.0,3.0,94.71
Maithri Layout,2 BHK,1134.0,2.0,40.0
Vasanthapura,2 BHK,995.0,2.0,34.82
Old Madras Road,3 BHK,2760.0,5.0,157.0
Marathahalli,2 BHK,1325.0,1.0,92.0
Kothanur,6 Bedroom,4000.0,6.0,150.0
Marathahalli,3 BHK,1525.0,3.0,90.0
Raja Rajeshwari Nagar 5th Stage,3 BHK,1320.0,2.0,73.0
Electronics City Phase 1,1 BHK,650.0,1.0,23.0
Old Airport Road,3 BHK,1858.0,2.0,167.0
Electronic City,2 BHK,1150.0,2.0,38.0
Electronic City Phase II,2 BHK,769.0,2.0,40.0
Electronic City,3 BHK,1571.0,3.0,105.0
Hennur Road,3 BHK,1445.0,3.0,86.56
Hosur Road,3 BHK,1590.0,2.0,135.0
Bommasandra,2 BHK,902.0,2.0,49.0
Sarjapur,3 Bedroom,2238.0,3.0,140.0
Electronic City,2 BHK,1090.0,2.0,31.49
Yelahanka,3 BHK,1712.0,3.0,82.0
Haralur Road,2 BHK,1088.0,2.0,68.0
Somasundara Palya,3 BHK,1575.0,3.0,63.1
Nanjappa Garden,6 Bedroom,2150.0,6.0,205.0
Kundalahalli,3 BHK,1920.0,3.0,150.0
Margondanahalli,2 Bedroom,1000.0,2.0,57.0
Chennammana Kere,2 BHK,1100.0,2.0,56.1
Electronic City,2 BHK,1089.0,2.0,45.0
Horamavu Agara,2 BHK,1106.0,2.0,43.09
Kengeri,2 BHK,927.0,2.0,37.0
Kanakpura Road,2 BHK,1339.0,2.0,58.0
Thanisandra,1 BHK,923.0,1.0,45.69
Sarjapur  Road,3 Bedroom,2900.0,3.0,285.0
Lakshminarayana Pura,2 BHK,1175.0,2.0,75.0
Thubarahalli,2 BHK,975.0,2.0,55.0
Hebbal,3 BHK,2400.0,4.0,180.0
Subramanyapura,3 BHK,1330.0,3.0,72.0
Thanisandra,2 BHK,1183.0,2.0,59.74
Harlur,3 BHK,1758.0,3.0,133.0
Nagarbhavi,3 Bedroom,1200.0,3.0,265.0
Hebbal,3 BHK,1255.0,2.0,77.68
Nagadevanahalli,3 Bedroom,600.0,4.0,110.0
Pai Layout,2 BHK,1100.0,2.0,50.0
Ramamurthy Nagar,2 BHK,1170.0,2.0,46.8
Vayunandana Layout,5 Bedroom,2400.0,5.0,120.0
Raja Rajeshwari Nagar,3 BHK,1530.0,3.0,51.77
Hebbal,2 BHK,1420.0,2.0,107.0
Geetanjali Layout,4 Bedroom,1200.0,4.0,300.0
7th Phase JP Nagar,6 Bedroom,1045.0,6.0,160.0
Kanakpura Road,3 BHK,1591.0,3.0,115.0
7th Phase JP Nagar,3 BHK,1680.0,3.0,120.0
Kenchenhalli,2 Bedroom,675.0,3.0,52.0
Hoodi,2 BHK,1055.0,2.0,57.63
Iblur Village,3 BHK,1918.0,3.0,129.0
Sarjapur  Road,2 BHK,1280.0,2.0,76.0
Nagarbhavi,3 BHK,1560.0,3.0,66.0
Sarjapur  Road,2 BHK,1145.0,2.0,49.5
Talaghattapura,3 BHK,2106.0,3.0,126.0
"EPIP AREA, WHITEFIELD",3 BHK,1801.0,3.0,139.0
Seegehalli,5 Bedroom,1200.0,5.0,120.0
Rajaji Nagar,2 BHK,1718.0,3.0,288.0
Whitefield,3 BHK,1306.0,3.0,54.65
Hebbal,2 BHK,1320.0,2.0,92.0
1st Stage Domlur,3 BHK,1350.0,2.0,65.0
"RMV extension stage 2, rmv extension",4 BHK,2990.0,4.0,324.0
Kalyan nagar,4 BHK,3800.0,5.0,300.0
Bannerghatta Road,3 BHK,1344.0,2.0,42.0
Bannerghatta Road,3 BHK,1893.0,3.0,100.0
Chandapura,3 BHK,1107.0,2.0,43.0
R.T. Nagar,9 Bedroom,1200.0,10.0,180.0
Lakshminarayana Pura,2 BHK,1190.0,2.0,75.0
Whitefield,2 BHK,1000.0,2.0,35.0
Kalhalli,2 Bedroom,2400.0,2.0,160.0
Kumaraswami Layout,2 BHK,1000.0,2.0,48.5
Jalahalli,3 BHK,2113.0,3.0,155.0
KR Puram,2 BHK,1100.0,2.0,46.0
Sector 2 HSR Layout,5 Bedroom,1200.0,4.0,160.0
Harlur,4 BHK,1884.0,4.0,120.0
Electronic City,2 BHK,1110.0,2.0,40.0
Kudlu,2 BHK,1027.0,2.0,43.0
Tavarekere,3 BHK,1250.0,3.0,40.0
Sarjapur  Road,3 BHK,1470.0,3.0,62.0
Kamakshipalya,2 BHK,1150.0,2.0,75.0
Hadosiddapura,3 Bedroom,1200.0,3.0,165.0
Kudlu Gate,1 BHK,703.0,1.0,52.0
Vijaya Bank Colony,3 BHK,1400.0,2.0,62.0
Bellandur,2 BHK,1195.0,2.0,51.0
Narayanapura,2 BHK,1302.0,2.0,69.1
Begur Road,3 BHK,1583.0,3.0,74.4
Kumarapalli,3 BHK,1488.0,2.0,60.0
Lakshmi Layout,4 Bedroom,600.0,5.0,85.0
Kammasandra,3 BHK,1385.0,2.0,34.63
Whitefield,4 BHK,3262.0,4.0,260.0
Electronic City,3 BHK,1600.0,3.0,104.0
Old Airport Road,2 BHK,1150.0,2.0,90.0
Lakkasandra,9 Bedroom,4500.0,9.0,166.0
Sarjapur  Road,2 BHK,1263.0,2.0,78.0
KR Puram,7 Bedroom,1200.0,8.0,110.0
Kanakpura Road,2 BHK,1299.0,2.0,85.0
Banashankari,2 BHK,1330.0,2.0,78.0
Devanahalli,3 BHK,1282.0,2.0,52.43
"JP Nagar 8th Phase, ",3 BHK,1853.0,3.0,82.0
Kachanayakanahalli,2 BHK,861.0,2.0,35.0
Bannerghatta Road,3 BHK,1600.0,3.0,95.0
Nagaraja Garden,2 BHK,1256.0,2.0,62.8
Tejaswini Nagar,3 BHK,1390.0,2.0,80.0
Ashwath Nagar,3 BHK,1550.0,2.0,90.0
1 Annasandrapalya,11 Bedroom,1200.0,6.0,150.0
Hebbal,2 BHK,919.0,2.0,49.0
Margondanahalli,3 Bedroom,1625.0,3.0,80.0
Gunjur,2 BHK,1195.0,2.0,44.0
Domlur,6 BHK,2400.0,4.0,600.0
Yelenahalli,2 BHK,1159.0,2.0,60.0
Whitefield,3 BHK,1386.0,3.0,57.46
Harlur,2 BHK,1197.0,2.0,79.0
Old Airport Road,4 BHK,2690.0,4.0,191.0
Bommasandra,3 BHK,1295.0,2.0,50.28
Huskur,3 BHK,1310.0,2.0,37.83
Whitefield,2 BHK,1132.0,2.0,79.28
6th block Koramangala,3 BHK,2350.0,3.0,400.0
4th Block Koramangala,4 Bedroom,2400.0,4.0,500.0
Hebbal,3 BHK,1645.0,3.0,135.0
Whitefield,2 BHK,1200.0,2.0,45.84
Whitefield,4 Bedroom,3000.0,4.0,330.0
Marathahalli,3 BHK,1937.0,3.0,140.0
Doddathoguru,2 BHK,1015.0,2.0,33.5
Nagadevanahalli,2 BHK,1080.0,2.0,39.0
Kathriguppe,3 BHK,1350.0,2.0,80.99
Kengeri Satellite Town,3 BHK,1149.0,2.0,29.0
Kothanur,2 BHK,1185.0,2.0,59.0
Domlur,3 BHK,1720.0,3.0,135.0
Hebbal,3 BHK,2080.0,3.0,175.0
Tindlu,3 Bedroom,1500.0,3.0,87.0
Yelahanka,3 BHK,1566.0,3.0,97.0
Rajaji Nagar,3 BHK,2386.0,3.0,334.0
KSRTC Layout,4 Bedroom,1500.0,4.0,110.0
KR Puram,2 BHK,1290.0,2.0,49.02
"JP nagar 9th Phase, ",3 BHK,1531.0,3.0,72.0
Keshava Nagar,3 BHK,1839.0,3.0,165.0
Dollars Layout,4 Bedroom,4200.0,4.0,760.0
Electronic City Phase II,3 BHK,1400.0,2.0,40.43
Electronic City,2 BHK,550.0,1.0,15.0
Whitefield,2 BHK,1140.0,2.0,39.0
Banashankari Stage III,4 Bedroom,2000.0,4.0,100.0
Kaval Byrasandra,2 BHK,1100.0,2.0,46.0
Vignana Nagar,2 BHK,1200.0,2.0,55.0
Bannerghatta,3 BHK,1618.0,3.0,68.0
Whitefield,4 BHK,2830.0,5.0,160.0
Uttarahalli,3 BHK,1315.0,2.0,74.0
Anandapura,2 BHK,1141.0,2.0,42.75
AECS Layout,2 BHK,1080.0,2.0,55.0
HBR Layout,2 BHK,1200.0,2.0,60.0
Varthur,2 BHK,1111.0,2.0,41.88
NGR Layout,2 BHK,1022.0,2.0,45.9
Bannerghatta Road,2 BHK,1275.0,2.0,65.0
4th Block Jayanagar,2 BHK,900.0,2.0,70.0
Rachenahalli,2 BHK,1224.0,2.0,39.2
Battarahalli,2 BHK,1135.0,2.0,43.0
Rachenahalli,2 BHK,1050.0,2.0,52.1
Kudlu Gate,3 BHK,1535.0,3.0,86.0
Nagavarapalya,2 BHK,1392.0,2.0,130.0
Bellandur,2 BHK,1050.0,2.0,72.0
Hosa Road,3 BHK,1513.0,3.0,103.0
Gottigere,3 BHK,1621.0,3.0,72.0
Bannerghatta Road,2 BHK,892.0,2.0,39.0
Whitefield,2 BHK,1205.0,2.0,40.0
Hebbal,3 BHK,1355.0,3.0,83.87
2nd Block Hrbr Layout,5 Bedroom,1250.0,5.0,300.0
Kuvempu Nagar,7 Bedroom,1650.0,9.0,345.0
Karnataka Shabarimala,4 BHK,1200.0,6.0,70.0
Indira Nagar,2 BHK,1400.0,2.0,168.0
Kengeri,2 BHK,726.0,2.0,35.0
Singena Agrahara,3 Bedroom,1500.0,3.0,149.0
Hebbal,4 BHK,3895.0,4.0,405.0
Horamavu Agara,2 BHK,1079.0,2.0,41.0
Begur Road,2 BHK,1170.0,2.0,46.0
Doddathoguru,2 BHK,1104.0,2.0,39.0
Kanakpura Road,2 BHK,950.0,2.0,45.0
Hormavu,4 Bedroom,4818.0,4.0,390.0
Canara Bank Colony,3 BHK,1650.0,2.0,52.0
Kogilu,3 BHK,1559.0,3.0,127.0
Hanumagiri,2 BHK,1100.0,2.0,38.0
Benson Town,3 BHK,1750.0,3.0,150.0
Ramagondanahalli,2 BHK,1215.0,2.0,45.5
Talaghattapura,3 BHK,1868.0,3.0,135.0
Electronic City,2 BHK,1130.0,2.0,32.63
Kanakpura Road,3 BHK,1570.0,3.0,64.5
Sarjapur  Road,3 BHK,1691.0,3.0,98.0
Ardendale,5 Bedroom,4355.0,3.0,350.0
Hulimavu,2 BHK,1225.0,2.0,55.0
JP Nagar,3 BHK,1690.0,3.0,112.0
Thigalarapalya,2 BHK,1418.0,2.0,103.0
Kasturi Nagar,4 BHK,1896.0,3.0,125.0
Sonnenahalli,1 BHK,605.0,1.0,40.0
Begur Road,5 Bedroom,800.0,5.0,95.0
Electronic City Phase II,2 BHK,900.0,2.0,32.5
Cholanayakanahalli,1 Bedroom,750.0,2.0,50.0
Hoodi,3 Bedroom,780.0,3.0,62.0
Ananth Nagar,2 BHK,908.0,2.0,26.0
Thanisandra,4 BHK,3216.0,4.0,226.0
BEML Layout,5 Bedroom,2400.0,4.0,225.0
Iblur Village,2 BHK,1400.0,2.0,68.0
Kudlu,2 BHK,1092.0,2.0,44.0
Hulimavu,2 BHK,1255.0,2.0,74.0
Electronic City,3 BHK,1500.0,2.0,100.0
Thanisandra,2 BHK,1296.0,2.0,72.0
Horamavu Banaswadi,2 BHK,925.0,2.0,38.0
Raja Rajeshwari Nagar,2 BHK,1023.0,2.0,42.0
Seshadripuram,2 BHK,600.0,3.0,75.0
Thanisandra,2 BHK,1020.0,2.0,44.5
Choodasandra,3 BHK,1530.0,3.0,77.0
Gubbalala,3 BHK,1650.0,3.0,71.0
Vijaya Bank Layout,3 BHK,1605.0,2.0,85.0
Hosakerehalli,2 BHK,1925.0,2.0,50.0
Kogilu,2 BHK,1190.0,2.0,50.66
Jakkur,3 BHK,1374.0,3.0,68.0
6th Phase JP Nagar,2 BHK,1140.0,2.0,65.0
Green Glen Layout,3 BHK,1725.0,3.0,130.0
Bisuvanahalli,3 BHK,1075.0,2.0,50.0
Kannamangala,3 BHK,1574.0,3.0,93.34
Sanjay nagar,1 BHK,965.0,1.0,32.0
Marathahalli,3 BHK,1550.0,3.0,83.0
Akshayanagara West,2 BHK,1205.0,2.0,60.0
Kambipura,3 BHK,1082.0,2.0,55.0
Uttarahalli,3 BHK,1215.0,2.0,52.85
Hebbal,4 BHK,2483.0,5.0,230.0
Prasanth Extension,2 Bedroom,1200.0,3.0,46.14
Chikkathoguru,1 BHK,1500.0,1.0,19.5
1st Block Koramangala,4 Bedroom,2360.0,4.0,600.0
Ardendale,4 BHK,3198.0,4.0,250.0
Kanakpura Road,3 BHK,1452.0,3.0,60.98
Electronic City Phase II,3 BHK,1329.0,2.0,41.0
Doctors Layout,2 BHK,1125.0,2.0,44.0
Anand nagar,2 Bedroom,1200.0,2.0,70.0
Sarjapur  Road,3 BHK,1350.0,3.0,39.97
Hebbal,3 BHK,2600.0,3.0,195.0
West of Chord Road,2 Bedroom,1200.0,2.0,160.0
Electronic City Phase II,3 BHK,1220.0,3.0,35.23
Pai Layout,2 BHK,1255.0,2.0,80.0
Keshava Nagar,3 BHK,1904.0,3.0,155.0
Somasundara Palya,2 BHK,1329.0,2.0,70.0
Chandapura,2 Bedroom,1200.0,2.0,60.0
Murugeshpalya,3 BHK,2135.0,3.0,160.0
Ramakrishnappa Layout,3 BHK,2770.0,4.0,315.0
"Hoodi Circle, ",1 BHK,813.0,1.0,39.0
Junnasandra,4 Bedroom,3884.0,4.0,240.0
Doddaballapur,3 Bedroom,3876.0,3.0,300.0
Kalena Agrahara,2 BHK,800.0,2.0,30.0
Handenahalli,4 Bedroom,4750.0,2.0,120.0
Hormavu,3 BHK,1500.0,3.0,70.0
Bannerghatta Road,3 BHK,1880.0,3.0,95.0
Electronic City,3 BHK,1440.0,2.0,55.0
Akshaya Nagar,3 BHK,1575.0,3.0,90.0
Banagiri Nagar,3 BHK,1630.0,2.0,97.78
Yelahanka,3 BHK,1180.0,3.0,55.0
Nagadevanahalli,2 BHK,1090.0,2.0,36.0
NGR Layout,2 BHK,1020.0,2.0,48.45
"Sarjapur Road, ",4 BHK,2425.0,4.0,173.0
Varthur,2 BHK,1097.0,2.0,33.82
Raja Rajeshwari Nagar,2 BHK,1070.0,2.0,50.0
Kumaraswami Layout,2 BHK,1000.0,2.0,58.0
Hoodi,8 Bedroom,1120.0,8.0,150.0
manyata tech park,2 BHK,1150.0,2.0,56.0
Frazer Town,3 BHK,1900.0,4.0,145.0
Divya Unnathi Layout,2 BHK,1141.0,2.0,49.0
Jigani,2 BHK,937.0,2.0,44.0
Green Glen Layout,2 BHK,1075.0,2.0,60.0
Panathur,2 BHK,1000.0,2.0,65.3
Kasavanhalli,3 BHK,1450.0,3.0,77.41
Yelachenahalli,5 Bedroom,897.0,2.0,85.0
Ashwathnagar,2 BHK,936.0,2.0,43.0
Gopalkrishna Nagar,2 BHK,1280.0,2.0,75.0
Babusapalaya,2 BHK,1050.0,2.0,45.0
Marathahalli,2 BHK,1350.0,2.0,86.0
Mallasandra,2 BHK,1325.0,2.0,70.0
Devanahalli,2 BHK,1174.0,2.0,59.0
Hosur Road,3 BHK,1890.0,3.0,162.0
Wilson Garden,1 BHK,735.0,1.0,75.0
Sarvabhouma Nagar,1 BHK,500.0,1.0,24.0
Gottigere,3 BHK,1304.0,3.0,80.0
Yelahanka,3 BHK,1653.0,3.0,120.0
Bisuvanahalli,3 BHK,1075.0,2.0,52.0
7th Phase JP Nagar,2 BHK,1212.0,3.0,42.0
Hoysalanagar,2 BHK,1100.0,2.0,50.0
Rajaji Nagar,4 BHK,3436.0,6.0,500.0
SMV layout,3 Bedroom,1200.0,4.0,145.0
Billekahalli,2 BHK,1140.0,2.0,50.0
Roopena Agrahara,2 Bedroom,1200.0,2.0,100.0
Kudlu Gate,3 BHK,1532.0,3.0,83.0
Doddaballapur,3 Bedroom,2776.0,4.0,195.0
Padmanabhanagar,3 BHK,1531.0,2.0,75.0
Poorna Pragna Layout,3 BHK,1270.0,2.0,50.79
Uttarahalli,2 BHK,1325.0,2.0,53.0
CQAL LAYOUT C BLOCK,3 Bedroom,1200.0,3.0,160.0
Electronic City,3 BHK,1156.0,2.0,44.0
R.T. Nagar,4 Bedroom,2000.0,4.0,320.0
Bannerghatta Road,2 BHK,1260.0,2.0,70.0
Vittasandra,2 BHK,1934.0,2.0,90.0
Malleshpalya,2 BHK,1060.0,2.0,40.0
Kasavanhalli,3 BHK,1476.0,3.0,95.0
Murugeshpalya,2 BHK,1185.0,2.0,85.0
Channasandra Layout,3 BHK,1265.0,2.0,82.0
"Near Electronic City, ",4 BHK,3200.0,5.0,150.0
Virat Nagar,2 BHK,1196.0,2.0,56.81
EPIP Zone,2 BHK,1280.0,2.0,69.0
Marathahalli,4 Bedroom,800.0,4.0,86.0
Hulimavu,2 BHK,1175.0,2.0,45.0
Kacharakanahalli,3 BHK,1850.0,3.0,98.0
Indira Nagar,4 Bedroom,2400.0,4.0,525.0
Whitefield,2 BHK,1195.0,2.0,70.0
Ulsoor,3 BHK,2000.0,3.0,185.0
Veerannapalya,7 BHK,600.0,4.0,100.0
Hebbal Kempapura,4 Bedroom,800.0,5.0,155.0
Hosur Road,2 BHK,1180.0,2.0,36.5
Jakkur,2 BHK,1050.0,2.0,49.87
Electronic City,3 BHK,1400.0,2.0,40.44
Bagalakunte,4 Bedroom,2360.0,4.0,150.0
Banashankari stage 2,2 BHK,1030.0,2.0,77.25
Doddanakundi Industrial Area 2,2 BHK,1512.0,1.0,65.01
Subramanyapura,2 BHK,929.0,2.0,48.0
Jigani,3 BHK,1252.0,3.0,61.0
Green Glen Layout,3 BHK,1485.0,3.0,115.0
Electronics City Phase 1,3 BHK,1124.0,2.0,55.0
TC Palaya,6 Bedroom,2400.0,6.0,370.0
Indira Nagar,3 BHK,1407.0,3.0,120.0
Hennur Road,3 BHK,1482.0,2.0,97.0
Sector 7 HSR Layout,2 BHK,1163.0,2.0,98.86
Jalahalli,3 BHK,1570.0,3.0,140.0
Whitefield,3 BHK,3480.0,4.0,284.0
Chandapura,1 BHK,520.0,1.0,14.04
OLd Gurappanapalya,3 BHK,2000.0,3.0,160.0
Prithvi Layout,2 BHK,1352.0,2.0,75.0
Electronic City,2 BHK,1152.0,2.0,65.0
"ECC Road, Whitefield, ",3 BHK,1575.0,3.0,93.0
Hegde Nagar,3 BHK,1965.0,4.0,125.0
Ramanjaneyanagar,3 BHK,1300.0,2.0,70.0
Sarjapur  Road,4 Bedroom,1.0,4.0,120.0
Marathahalli,2 BHK,957.0,2.0,47.0
Hoskote,3 BHK,1740.0,3.0,60.0
Kanakpura Road,5 Bedroom,1080.0,6.0,65.0
Neeladri Nagar,2 BHK,1060.0,2.0,35.0
Chikkadunnasandra,2 BHK,975.0,2.0,50.0
Ramamurthy Nagar,2 BHK,1150.0,2.0,51.0
Whitefield,3 BHK,1738.0,2.0,79.0
Bommanahalli,3 BHK,1250.0,3.0,55.0
Bannerghatta Road,3 BHK,1788.0,3.0,90.0
Kanakapura,2 BHK,1151.0,2.0,59.0
Uttarahalli,3 BHK,1300.0,2.0,60.0
Garudachar Palya,2 BHK,1150.0,2.0,52.8
Akshya Nagar,2 BHK,1380.0,2.0,75.0
Hebbal,3 BHK,1645.0,3.0,117.0
Babusapalaya,2 BHK,1141.0,2.0,45.9
7th Phase JP Nagar,2 BHK,1175.0,2.0,82.5
Banashankari Stage V,3 BHK,1355.0,2.0,61.0
Dasarahalli,2 BHK,1150.0,2.0,70.0
Indranagar  100ft road defence colony,5 BHK,5800.0,5.0,80.0
Canara Bank Colony,2 BHK,1000.0,2.0,45.0
Balagere,2 BHK,1007.0,2.0,65.0
Wajid layout thanisandra,4 BHK,3000.0,5.0,100.0
Kothanur,3 BHK,1436.0,3.0,70.0
Marathahalli,4 BHK,4000.0,4.0,220.0
Somasundara Palya,3 BHK,2372.0,3.0,140.0
R.T. Nagar,6 Bedroom,1500.0,6.0,240.0
Rajaji Nagar,2 Bedroom,1200.0,2.0,150.0
Rayasandra,2 BHK,1016.0,2.0,58.0
Dodda Nekkundi,2 BHK,1100.0,2.0,48.0
B Channasandra,2 BHK,1080.0,2.0,45.0
Electronic City,2 BHK,1070.0,2.0,60.0
Kadubeesanahalli,3 BHK,1532.0,3.0,115.0
Hennur,2 BHK,1040.0,2.0,42.12
Laxmi Sagar Layout,3 Bedroom,3100.0,3.0,250.0
Thanisandra,3 BHK,1430.0,2.0,51.6
Rajaji Nagar,2 Bedroom,1160.0,1.0,163.0
ITPL,4 BHK,3262.0,5.0,205.0
Achins Road,7 Bedroom,2100.0,7.0,410.0
Uvce Layout,2 BHK,1190.0,2.0,100.0
Panduranga Nagar,3 BHK,1827.0,3.0,100.0
HRBR Layout,2 BHK,1210.0,2.0,75.0
New Thippasandra,3 BHK,1500.0,3.0,95.0
Rachenahalli,2 BHK,1050.0,2.0,53.5
Hebbal,2 BHK,1251.0,2.0,88.73
HSR Layout,3 BHK,1600.0,2.0,115.0
Electronic City,2 BHK,1128.0,2.0,65.5
Budigere,3 BHK,1820.0,3.0,93.0
Thigalarapalya,3 BHK,2072.0,4.0,159.0
Raja Rajeshwari Nagar,3 BHK,1510.0,2.0,59.0
Hoodi,3 BHK,1925.0,2.0,114.0
Hennur Road,3 Bedroom,2651.0,2.0,225.0
Thigalarapalya,3 BHK,2072.0,4.0,147.0
Kumaraswami Layout,2 BHK,1000.0,2.0,36.0
KR Puram,3 Bedroom,1752.0,3.0,145.0
Sahakara Nagar,2 BHK,960.0,2.0,56.0
Gattigere,2 BHK,1180.0,2.0,63.0
Benson Town,3 BHK,2270.0,3.0,180.0
NRI Layout,2 Bedroom,650.0,2.0,59.0
Lakshminarayana Pura,2 BHK,1200.0,2.0,75.0
Bisuvanahalli,3 BHK,1180.0,2.0,46.0
Roopena Agrahara,3 BHK,1300.0,3.0,47.0
Bannerghatta Road,2 BHK,1157.0,2.0,40.0
Kanakpura Road,3 BHK,1300.0,3.0,69.0
Banashankari Stage III,3 BHK,1305.0,2.0,59.0
Hegde Nagar,3 BHK,2006.0,4.0,196.0
Jakkur,2 BHK,1290.0,2.0,80.0
Hoskote,2 BHK,1170.0,2.0,45.0
Cottonpet,4 Bedroom,971.0,2.0,135.0
Yelachenahalli,2 BHK,1400.0,2.0,78.0
Lakshminarayana Pura,2 BHK,1200.0,2.0,75.0
Kamakshipalya,3 BHK,1155.0,2.0,60.0
Hormavu,3 BHK,1725.0,3.0,85.0
Kanakpura Road,2 BHK,700.0,2.0,40.0
Yemlur,4 Bedroom,7000.0,5.0,2050.0
Hoodi,2 BHK,1112.0,2.0,88.0
Somasundara Palya,2 BHK,1178.0,2.0,78.0
Badavala Nagar,2 BHK,1274.0,2.0,81.0
Doddathoguru,2 BHK,915.0,2.0,32.0
6th Phase JP Nagar,8 Bedroom,1650.0,6.0,135.0
Hosur Road,1 BHK,760.0,1.0,21.28
Maragondanahalli,3 BHK,1540.0,3.0,68.0
P&T Layout,2 BHK,1206.0,2.0,38.5
Basavanna Nagar,3 BHK,1645.0,3.0,95.0
Canara Bank Layout,4 Bedroom,1200.0,4.0,170.0
singapura paradise,4 Bedroom,1200.0,4.0,140.0
Nehru Nagar,4 BHK,2342.0,3.0,115.0
Kannur,3 BHK,1200.0,2.0,55.0
Yelenahalli,2 BHK,1056.0,2.0,33.0
Raja Rajeshwari Nagar,8 Bedroom,4800.0,8.0,225.0
Kanakpura Road,3 BHK,1450.0,3.0,54.3
Thirumenahalli,2 BHK,1161.0,2.0,36.69
Dollars Colony,2 BHK,1097.0,2.0,65.0
Uttarahalli,2 BHK,850.0,2.0,35.0
Green Glen Layout,3 BHK,1715.0,3.0,115.0
Basavangudi,3 BHK,2300.0,3.0,317.0
Electronic City,2 BHK,1200.0,2.0,59.0
8th Phase JP Nagar,2 BHK,1080.0,2.0,38.0
Kasavanhalli,2 BHK,1200.0,2.0,50.3
4th Block Koramangala,4 Bedroom,2400.0,4.0,550.0
Banashankari,3 BHK,1400.0,2.0,78.0
Whitefield,4 Bedroom,1500.0,4.0,200.0
Marathahalli,2 BHK,1230.0,2.0,57.0
Kalyan nagar,3 BHK,1640.0,3.0,88.0
Banashankari,3 BHK,1700.0,3.0,125.0
Bommasandra,3 BHK,1478.0,2.0,44.0
Defence Colony,4 BHK,6600.0,4.0,986.0
Banashankari,2 BHK,1020.0,2.0,40.79
Nagarbhavi,2 Bedroom,1200.0,2.0,150.0
Yelahanka,3 BHK,1275.0,2.0,95.0
Cambridge Layout,4 Bedroom,1600.0,3.0,165.0
Kanakapura,2 BHK,1110.0,2.0,38.85
Uttarahalli,3 BHK,1627.86,3.0,88.0
Byagadadhenahalli,2 BHK,620.0,2.0,22.0
Whitefield,4 Bedroom,3004.0,4.0,285.0
Hosa Road,2 BHK,1133.0,2.0,52.0
Hennur Road,2 BHK,1182.0,2.0,82.5
Tumkur Road,3 BHK,1500.0,3.0,100.0
Hebbal Kempapura,4 BHK,3900.0,5.0,360.0
Marathahalli,2 BHK,1200.0,2.0,58.0
Raja Rajeshwari Nagar,2 BHK,1128.0,2.0,48.79
Jayanagar,2 BHK,900.0,2.0,110.0
Amruthahalli,2 BHK,1100.0,2.0,45.0
Kengeri Satellite Town,2 BHK,635.0,1.0,22.0
Ardendale,4 BHK,2062.0,3.0,140.0
Thanisandra,3 BHK,1874.0,4.0,130.0
Vidyaranyapura,4 Bedroom,600.0,3.0,78.0
Old Madras Road,2 BHK,1171.0,2.0,75.0
Sarjapur,3 BHK,2020.0,3.0,85.0
8th Phase JP Nagar,2 BHK,1059.0,2.0,34.5
Panathur,3 BHK,1315.0,2.0,59.1
Jakkur,3 BHK,1760.0,3.0,110.0
Sampangi Rama Nagar,2 Bedroom,1200.0,2.0,125.0
Hennur Road,3 BHK,1192.0,2.0,62.0
Hebbal,3 BHK,1645.0,3.0,121.0
Whitefield,2 BHK,1250.0,2.0,72.0
Whitefield,2 BHK,1340.0,2.0,77.0
Cooke Town,3 BHK,2388.0,4.0,239.0
Hosa Road,2 BHK,1369.1,2.0,104.0
Jalahalli West,2 BHK,1355.0,2.0,75.0
Bannerghatta Road,2 BHK,1150.0,2.0,65.0
Kanakapura,3 BHK,1938.0,3.0,113.0
Begur Road,4 BHK,2462.0,4.0,124.0
Budigere,3 BHK,1636.0,3.0,85.0
Akshaya Nagar,3 BHK,1430.0,2.0,75.0
BEML Layout 5th stage,3 BHK,2000.0,3.0,85.0
Electronic City Phase II,3 BHK,993.0,2.0,50.0
Laggere,4 Bedroom,1260.0,4.0,150.0
Kanakpura Road,3 BHK,1700.0,3.0,88.0
Yelahanka,2 BHK,1270.0,2.0,78.0
Anjanapura,3 Bedroom,1500.0,3.0,121.0
Koramangala,3 BHK,2300.0,3.0,290.0
Hunasamaranahalli,4 Bedroom,7500.0,4.0,900.0
Marathahalli,3 BHK,1650.0,3.0,86.45
Panathur,2 BHK,1109.0,2.0,63.0
Pragathi Nagar,2 BHK,1280.0,2.0,49.75
Sarjapur,4 Bedroom,2885.0,3.0,185.0
Banashankari,9 Bedroom,1200.0,9.0,145.0
Devanahalli,3 Bedroom,1600.0,3.0,180.0
Kothanur,3 BHK,1462.0,3.0,71.0
Marathahalli,1 BHK,607.0,1.0,35.0
Kammasandra,2 BHK,930.0,2.0,25.0
Varthur,4 Bedroom,4500.0,5.0,300.0
Sahakara Nagar,5 Bedroom,1200.0,5.0,160.0
Malleshwaram,3 BHK,2600.0,3.0,237.0
JP Nagar,4 BHK,3000.0,4.0,140.0
Electronic City Phase II,3 BHK,1418.0,3.0,52.47
Ramesh Nagar,2 Bedroom,4200.0,1.0,160.0
EPIP Zone,2 BHK,1125.0,2.0,65.0
CV Raman Nagar,3 BHK,1825.0,3.0,126.0
Whitefield,2 BHK,1320.0,2.0,79.5
JP Nagar,4 Bedroom,3000.0,4.0,140.0
HAL 2nd Stage,3 BHK,1490.0,2.0,300.0
8th block Koramangala,4 Bedroom,1650.0,3.0,300.0
Whitefield,2 BHK,750.0,2.0,52.7
Yelahanka,3 BHK,1400.0,2.0,80.54
Sathya Sai Layout,4 BHK,4104.0,4.0,360.0
Rajaji Nagar,4 BHK,5000.0,4.0,375.0
Mahadevpura,5 Bedroom,3295.0,4.0,260.0
A Narayanapura,4 Bedroom,1150.0,3.0,110.0
Whitefield,3 Bedroom,1200.0,3.0,61.96
Poorna Pragna Layout,2 BHK,965.0,2.0,48.0
Gottigere,1 Bedroom,812.0,1.0,26.0
KR Puram,2 BHK,1100.0,2.0,43.0
Whitefield,2 BHK,1180.0,2.0,41.0
HSR Layout,2 BHK,1145.0,2.0,48.0
Haralur Road,2 BHK,1027.0,2.0,44.0
Silk Board,2 BHK,1215.0,2.0,49.85
Hegde Nagar,2 Bedroom,1200.0,2.0,75.0
Kenchenahalli,2 BHK,1015.0,2.0,58.0
Kaggalipura,3 Bedroom,2400.0,3.0,165.0
Whitefield,4 Bedroom,3000.0,4.0,306.0
7th Phase JP Nagar,3 Bedroom,3300.0,4.0,160.0
Puttanahalli,2 BHK,1076.0,2.0,52.0
JP Nagar,2 BHK,1300.0,2.0,109.0
Hebbal Kempapura,2 BHK,1300.0,2.0,102.0
Hosa Road,3 BHK,1512.0,3.0,123.0
Bhoganhalli,3 BHK,1053.4,3.0,88.91
Hormavu,2 BHK,1153.0,2.0,65.0
Virat Nagar,2 Bedroom,2080.0,2.0,150.0
Hulimavu,2 BHK,1255.0,2.0,69.0
Marathahalli,3 BHK,1583.0,3.0,109.0
Kundalahalli Colony,2 BHK,1505.0,2.0,90.0
Kathriguppe,3 BHK,1365.0,2.0,75.08
Dwarka Nagar,3 Bedroom,1200.0,3.0,95.75
Amblipura,3 BHK,1810.0,4.0,148.0
Magadi Road,1 Bedroom,440.0,1.0,35.0
Subramanyapura,2 BHK,975.0,2.0,63.0
Doddagubbi,2 BHK,1250.0,2.0,39.0
Gopalkrishna Nagar,3 BHK,1530.0,2.0,97.0
Kereguddadahalli,3 BHK,1300.0,2.0,39.0
Channasandra,2 BHK,1115.0,2.0,40.0
Sarjapur  Road,2 BHK,1308.0,2.0,83.0
Parappana Agrahara,2 BHK,1194.0,2.0,47.0
Uttarahalli,3 BHK,1490.0,2.0,59.6
Bannerghatta Road,4 Bedroom,10000.0,4.0,450.0
Sarjapur  Road,3 BHK,1592.0,3.0,91.0
Rajaji Nagar,2 BHK,1222.0,2.0,112.0
Raja Rajeshwari Nagar,2 BHK,1267.0,2.0,42.85
Balagere,1 BHK,656.0,1.0,53.0
Dodda Nekkundi,4 Bedroom,3400.0,4.0,530.0
Garudachar Palya,4 BHK,4500.0,5.0,400.0
Chandapura,2 Bedroom,1200.0,1.0,36.0
Thanisandra,3 BHK,1698.0,3.0,102.0
Tata Nagar,3 BHK,1500.0,3.0,70.0
Sunkadakatte,4 Bedroom,2000.0,5.0,80.0
Electronic City,2 BHK,1152.0,2.0,65.75
Raja Rajeshwari Nagar,1 BHK,550.0,1.0,21.0
Pattandur Agrahara,2 BHK,900.0,2.0,42.0
Rajarajeshwari nagar,3 BHK,1410.0,2.0,45.12
Akshaya Nagar,3 BHK,1419.0,2.0,73.0
Amruthahalli,2 BHK,1200.0,2.0,55.0
AECS Layout,3 BHK,1800.0,3.0,65.0
Gottigere,2 BHK,990.0,2.0,40.0
Sarjapur  Road,2 BHK,1016.0,2.0,45.0
Bannerghatta Road,2 BHK,1100.0,2.0,39.0
Ramamurthy Nagar,4 BHK,850.0,2.0,65.0
Whitefield,2 BHK,1095.0,2.0,35.0
Rajarajeshwarinagar,3 BHK,2000.0,3.0,85.0
Budigere,2 BHK,1444.0,2.0,70.0
Whitefield,2 BHK,1415.0,2.0,67.0
Jinkethimmanahalli,3 Bedroom,1500.0,2.0,130.0
Daadys Gaarden Layout,3 BHK,1600.0,3.0,72.0
Whitefield,2 BHK,1105.0,2.0,41.36
Electronic City,3 BHK,1225.0,3.0,45.03
Frazer Town,3 BHK,2560.0,3.0,265.0
Kanakpura Road,2 BHK,1080.0,2.0,37.8
Dasarahalli,7 Bedroom,2400.0,3.0,150.0
Talaghattapura,3 BHK,1856.0,3.0,135.0
Haralur Road,3 BHK,1464.0,3.0,56.0
Vishwapriya Nagar,6 Bedroom,2100.0,6.0,71.0
Sarjapur  Road,2 BHK,1150.0,2.0,77.0
Abbigere,5 Bedroom,1200.0,4.0,98.0
5th Phase JP Nagar,3 BHK,1485.0,2.0,67.0
Vimanapura,3 BHK,2500.0,3.0,75.0
Whitefield,2 Bedroom,1200.0,2.0,45.0
Hennur Road,2 BHK,1036.0,2.0,59.46
Whitefield,4 Bedroom,3445.0,5.0,270.0
Dodsworth Layout,2 BHK,1400.0,2.0,80.0
Bommanahalli,2 BHK,1110.0,2.0,33.0
Kodichikkanahalli,2 BHK,1150.0,2.0,48.0
Kenchenahalli,1 BHK,715.0,1.0,45.0
Magadi Road,4 Bedroom,1200.0,4.0,130.0
Rajaji Nagar,5 Bedroom,1200.0,3.0,260.0
Jakkur,4 BHK,2283.0,4.0,130.0
1st Stage Radha Krishna Layout,6 Bedroom,1790.0,5.0,250.0
Hormavu,3 BHK,1453.0,2.0,43.58
Nagarbhavi,3 BHK,1400.0,2.0,85.0
Padmanabhanagar,3 BHK,1400.0,3.0,65.0
Whitefield,3 BHK,1700.0,3.0,140.0
Kanakpura Road,3 BHK,1591.0,3.0,120.0
Nagarbhavi,3 BHK,1515.0,2.0,79.0
Marathahalli,5 Bedroom,2500.0,3.0,200.0
Chandapura,2 BHK,975.0,2.0,24.86
Yeshwanthpur,3 BHK,1382.0,2.0,76.18
Nagasandra,7 Bedroom,1750.0,5.0,350.0
Sector 1 HSR Layout,3 BHK,1533.0,3.0,150.0
Cunningham Road,3 BHK,3815.0,3.0,763.0
Amarjyothi Colony,2 BHK,1100.0,2.0,38.0
Dairy Circle,4 BHK,3730.0,6.0,450.0
Banashankari Stage II,3 BHK,1500.0,2.0,120.0
Yelahanka,3 BHK,1391.0,2.0,64.5
Begur Road,2 BHK,1160.0,2.0,42.92
Chandapura,1 BHK,620.0,1.0,27.0
MS Pallya,8 Bedroom,2400.0,9.0,350.0
Vidyaranyapura,8 Bedroom,1200.0,7.0,130.0
Whitefield,4 Bedroom,4827.0,4.0,400.0
Kanakpura Road,3 BHK,1482.0,3.0,60.98
Whitefield,2 BHK,1405.0,2.0,84.5
Gunjur,2 BHK,1190.0,2.0,40.0
Harlur,2 BHK,1174.0,2.0,78.0
Seegehalli,2 Bedroom,1155.0,2.0,72.0
Thanisandra,3 BHK,1411.0,3.0,93.04
Jalahalli West,2 BHK,745.0,2.0,50.0
Kereguddadahalli,2 BHK,1000.0,2.0,30.0
Jigani,2 BHK,923.0,2.0,50.0
Yeshwanthpur,2 BHK,1000.0,2.0,32.0
Battarahalli,2 BHK,1276.0,2.0,45.0
Devasthanagalu,3 BHK,1460.0,3.0,70.0
Yemlur,2 BHK,1355.0,2.0,95.0
Avalahalli,1 BHK,833.0,1.0,49.0
Bapuji Layout,8 Bedroom,1200.0,8.0,275.0
Cambridge Layout,5 Bedroom,1750.0,5.0,450.0
Ramamurthy Nagar,2 BHK,1200.0,2.0,48.0
Yeshwanthpur,1 BHK,669.0,1.0,36.85
7th Phase JP Nagar,3 Bedroom,2200.0,4.0,105.0
Koramangala,3 BHK,1594.0,3.0,125.0
Kothanur,3 BHK,1790.0,3.0,105.0
NGR Layout,2 BHK,1020.0,2.0,45.0
Doddanekundi,4 Bedroom,3250.0,5.0,850.0
Vasantapura main road,2 BHK,1037.0,2.0,36.28
Whitefield,3 BHK,1345.0,2.0,57.0
Kodichikkanahalli,2 BHK,1070.0,2.0,43.0
Sector 6 HSR Layout,4 BHK,3000.0,5.0,270.0
Yeshwanthpur,3 BHK,1385.0,2.0,76.18
Kanakpura Road,2 BHK,1207.0,2.0,79.9
Varthur,2 BHK,1140.0,2.0,55.5
Basavanapura,2 BHK,1220.0,2.0,68.0
CQAL Layout,4 Bedroom,3811.0,3.0,475.0
Iblur Village,4 BHK,3596.0,5.0,252.0
Sarjapur  Road,3 BHK,1965.0,3.0,120.0
Koramangala,3 BHK,1760.0,2.0,115.0
Haralur Road,2 BHK,1225.0,2.0,70.0
Marathahalli,2 BHK,1075.0,2.0,52.43
Panathur,2 BHK,1000.0,2.0,68.0
Hennur Road,3 BHK,1891.0,3.0,109.0
Yelahanka,2 BHK,1322.0,2.0,86.0
Mathikere,3 Bedroom,1095.0,3.0,215.0
Bellandur,4 Bedroom,3600.0,4.0,260.0
AECS Layout,2 BHK,1045.0,2.0,36.58
Venugopal Reddy Layout,3 BHK,1545.0,3.0,85.0
Thanisandra,3 BHK,1996.0,3.0,135.0
Brookefield,2 BHK,1125.0,2.0,70.0
Mysore Road,3 BHK,1560.0,3.0,115.0
BEML Layout,3 BHK,2000.0,2.0,85.0
Murugeshpalya,4 BHK,3100.0,4.0,310.0
Lake City,2 BHK,780.0,2.0,35.0
Lakshmipura,2 Bedroom,1350.0,2.0,110.0
Sarjapur  Road,3 BHK,2275.0,4.0,180.0
Pragathi Nagar,2 BHK,1350.0,2.0,41.0
Haralur Road,3 BHK,1464.0,3.0,56.0
Kanakpura Road,3 BHK,1570.0,3.0,64.5
Dasanapura,1 BHK,708.0,1.0,28.32
Sarjapur  Road,3 BHK,1680.0,3.0,160.0
Hoodi,2 BHK,1400.0,2.0,82.0
Bellandur,2 BHK,1310.0,2.0,72.0
BTM Layout,6 Bedroom,3300.0,6.0,165.0
Electronics City Phase 1,2 BHK,1175.0,2.0,57.0
Chikkalasandra,3 BHK,1428.0,2.0,80.0
Akshaya Nagar,4 Bedroom,750.0,4.0,62.0
Whitefield,4 BHK,3252.0,4.0,280.0
Haralur Road,2 BHK,1194.0,2.0,46.0
Old Town,8 Bedroom,750.0,8.0,200.0
8th Phase JP Nagar,2 BHK,1080.0,2.0,35.0
Vijaya Bank Layout,3 BHK,1200.0,2.0,68.0
Whitefield,2 Bedroom,1200.0,2.0,45.0
Okalipura,5 Bedroom,1200.0,4.0,120.0
Bommasandra Industrial Area,3 BHK,1320.0,2.0,38.13
Badavala Nagar,3 BHK,1842.0,3.0,115.0
Sector 2 HSR Layout,2 BHK,1146.0,2.0,55.0
Rachenahalli,1 BHK,440.0,1.0,28.0
Sahakara Nagar,2 BHK,1048.0,2.0,50.0
Thanisandra,3 BHK,1801.0,3.0,115.0
Hennur Road,2 BHK,1232.0,2.0,69.61
Whitefield,2 BHK,1150.0,2.0,90.0
Talaghattapura,3 BHK,1868.0,3.0,120.0
Begur,3 BHK,1445.0,2.0,47.1
Hebbal Kempapura,3 BHK,1466.0,2.0,140.0
Harlur,3 BHK,1730.0,3.0,100.0
JP Nagar,3 BHK,3860.0,3.0,402.0
Somasundara Palya,2 BHK,1185.0,2.0,70.0
Yeshwanthpur,3 BHK,3027.0,4.0,260.0
Whitefield,4 BHK,2400.0,4.0,147.0
Kaval Byrasandra,2 BHK,1185.0,2.0,49.0
Hongasandra,2 BHK,1150.0,2.0,49.0
Maruthi Extension,5 Bedroom,2000.0,4.0,180.0
Vidyapeeta,6 Bedroom,875.0,3.0,98.0
Pai Layout,2 BHK,1075.0,2.0,35.0
Hebbal,3 BHK,1760.0,3.0,123.0
Banashankari,2 BHK,1600.0,2.0,63.98
Madiwala,4 Bedroom,910.0,4.0,140.0
Haralur Road,2 BHK,1000.0,2.0,78.0
7th Phase JP Nagar,2 BHK,1215.0,2.0,90.0
EPIP Zone,3 BHK,1734.0,3.0,125.0
Akshaya Nagar,2 BHK,1280.0,2.0,60.0
Rachenahalli,2 BHK,1113.0,2.0,55.0
Horamavu Banaswadi,2 BHK,1272.0,2.0,48.0
Kereguddadahalli,3 BHK,1240.0,3.0,41.0
Varthur,8 Bedroom,704.0,8.0,92.0
Yelahanka,2 BHK,1100.0,2.0,70.0
Ambalipura,2 BHK,896.0,2.0,30.13
Rachenahalli,4 BHK,3657.0,5.0,220.0
BTM 2nd Stage,2 BHK,1200.0,2.0,35.0
Ramagondanahalli,4 BHK,2800.0,4.0,155.0
Hebbal,4 BHK,2790.0,4.0,198.0
Ambalipura,3 BHK,3500.0,3.0,198.0
Ramamurthy Nagar,3 Bedroom,3600.0,3.0,150.0
Sarjapur,2 BHK,1500.0,2.0,30.0
Meenakshi Layout,8 Bedroom,1200.0,7.0,220.0
S R Layout,2 BHK,1096.0,2.0,48.0
Cholanayakanahalli,2 Bedroom,580.0,2.0,95.0
GD Layout,2 BHK,1094.0,2.0,44.0
Vittal Nagar,2 BHK,1100.0,2.0,49.0
Koramangala,4 BHK,2503.0,6.0,325.0
Nagarbhavi,2 BHK,1145.0,2.0,40.0
Rachenahalli,3 BHK,1550.0,3.0,74.5
Seegehalli,3 BHK,1830.0,4.0,82.0
Hoodi,3 BHK,1746.0,3.0,84.95
Maruthi Sevanagar,4 Bedroom,1280.0,4.0,115.0
Kengeri,2 BHK,918.0,2.0,27.54
Chandapura,1 BHK,645.0,1.0,16.45
Banashankari Stage III,3 BHK,1305.0,2.0,60.0
Thigalarapalya,2 BHK,1207.0,2.0,62.0
Thanisandra,3 BHK,1678.0,3.0,125.0
Kaggalipura,2 BHK,950.0,2.0,50.0
Munnekollal,10 Bedroom,1200.0,7.0,240.0
Electronic City,2 BHK,1070.0,2.0,55.0
Ardendale,3 BHK,1732.46,3.0,92.0
Attibele,3 BHK,1639.0,2.0,40.98
Marathahalli,2 BHK,1360.0,2.0,103.0
Malleshpalya,4 Bedroom,2592.0,4.0,250.0
RMV 2nd Stage,3 Bedroom,4470.0,3.0,700.0
Kithaganur,5 Bedroom,720.0,4.0,62.0
Lakshminarayana Pura,3 BHK,1656.0,3.0,150.0
Sarjapur  Road,2 BHK,985.0,2.0,49.0
Dodda Nekkundi,3 BHK,1999.0,3.0,135.0
7th Phase JP Nagar,2 BHK,1050.0,2.0,75.0
Whitefield,3 BHK,1440.0,2.0,64.0
Basavangudi,3 BHK,1600.0,2.0,160.0
Ramagondanahalli,2 BHK,1253.0,2.0,52.66
Shirdi Sai Nagar,3 Bedroom,1200.0,3.0,85.0
Padmanabhanagar,3 BHK,1360.0,2.0,75.0
Hagadur,2 BHK,1086.0,2.0,47.5
Wilson Garden,3 BHK,1655.0,3.0,155.0
Old Madras Road,4 Bedroom,2600.0,4.0,260.0
Sarjapur  Road,2 BHK,1418.0,2.0,78.0
Kalena Agrahara,2 BHK,1270.0,2.0,100.0
Begur Road,3 BHK,1410.0,2.0,52.17
"JP Nagar 7th Phase, ",2 BHK,1150.0,2.0,74.0
Ramamurthy Nagar,2 Bedroom,600.0,3.0,45.0
Raghuvanahalli,3 BHK,1440.0,3.0,65.8
J C Nagar,3 Bedroom,1200.0,2.0,108.0
Sadduguntepalya,2 BHK,1200.0,2.0,75.0
Begur Road,3 BHK,1410.0,2.0,50.06
Chandapura,4 Bedroom,1200.0,5.0,92.0
Jalahalli,3 Bedroom,600.0,3.0,60.0
Whitefield,1 BHK,624.0,1.0,35.0
Electronic City,2 BHK,1060.0,2.0,58.0
Hebbal,4 BHK,3960.0,5.0,386.0
Whitefield,2 Bedroom,1200.0,2.0,45.0
Vidyaranyapura,4 Bedroom,1200.0,4.0,175.0
Sarjapur,4 BHK,1917.0,3.0,60.0
KR Puram,2 BHK,950.0,2.0,40.0
Channasandra,2 Bedroom,3040.0,2.0,48.0
BTM 2nd Stage,3 BHK,1250.0,3.0,50.0
Vishwapriya Layout,2 BHK,1235.0,2.0,60.0
Budigere,1 BHK,722.0,1.0,46.0
Kanakpura Road,4 Bedroom,2775.0,3.0,165.0
Sarjapur  Road,2 BHK,1200.0,2.0,93.0
Bannerghatta Road,3 BHK,1400.0,3.0,68.0
Mallathahalli,3 BHK,1225.0,3.0,60.0
Marathahalli,2 BHK,1220.0,2.0,58.5
Nagavarapalya,1 BHK,705.0,1.0,52.5
Battarahalli,3 BHK,1880.0,3.0,94.36
Yelahanka,2 Bedroom,1200.0,2.0,70.0
Doddakammanahalli,3 BHK,1550.0,2.0,60.0
Lingadheeranahalli,3 BHK,1893.0,3.0,130.0
HMT Layout,3 BHK,1650.0,3.0,75.0
Chikkathoguru,2 BHK,1113.0,2.0,46.0
BEL Road,2 Bedroom,1500.0,2.0,203.0
Kamakshipalya,9 Bedroom,1800.0,9.0,180.0
Sarjapur  Road,3 BHK,1586.0,3.0,70.0
Seegehalli,3 Bedroom,4000.0,3.0,235.0
Yelahanka New Town,3 BHK,1541.0,3.0,80.0
Haralur Road,3 BHK,1830.0,3.0,101.0
Kodigehalli,2 BHK,1200.0,2.0,48.0
Bidrahalli,3 Bedroom,1800.0,2.0,72.0
Bommasandra,2 BHK,1015.0,2.0,40.0
Raja Rajeshwari Nagar,2 BHK,1120.0,2.0,37.95
Hoodi,1 BHK,706.0,1.0,48.24
Medi Agrahara,4 Bedroom,1350.0,4.0,85.0
Kumaraswami Layout,6 Bedroom,610.0,4.0,95.0
Kanakpura Road,3 Bedroom,1900.0,3.0,99.0
Harlur,4 Bedroom,1200.0,4.0,243.0
Seegehalli,4 BHK,3000.0,5.0,150.0
Bisuvanahalli,3 BHK,1075.0,2.0,42.0
Kanakpura Road,2 BHK,1290.0,2.0,80.0
Akshaya Nagar,2 BHK,1200.0,2.0,50.0
Hormavu,2 BHK,1150.0,2.0,53.11
Uttarahalli,3 BHK,1360.0,2.0,61.2
4th Block Koramangala,9 BHK,4500.0,9.0,500.0
whitefiled,2 BHK,935.0,2.0,32.73
Cox Town,3 BHK,1730.0,3.0,140.0
Sarjapur  Road,2 BHK,1260.0,2.0,53.0
Banagiri Nagar,6 Bedroom,675.0,6.0,125.0
Marathahalli,4 Bedroom,4000.0,4.0,650.0
Marathahalli,2 BHK,950.0,2.0,45.68
Subbannaiah Palya,2 Bedroom,600.0,3.0,85.0
Vadarpalya,5 Bedroom,2500.0,5.0,120.0
Hegde Nagar,4 BHK,3216.0,5.0,300.0
N R Layout,6 Bedroom,800.0,3.0,120.0
Budigere,3 BHK,1991.0,4.0,88.0
Sarjapur  Road,2 BHK,1115.0,2.0,60.0
Koramangala,3 BHK,1900.0,3.0,150.0
Whitefield,2 BHK,1109.0,2.0,41.49
Rajiv Nagar,4 BHK,2340.0,5.0,129.0
Judicial Layout,6 Bedroom,1200.0,6.0,300.0
Whitefield,4 Bedroom,4356.0,5.0,850.0
9th Phase JP Nagar,2 BHK,1005.0,2.0,43.0
Kengeri,1 BHK,416.0,1.0,19.5
1st Phase JP Nagar,2 BHK,1394.0,2.0,100.0
Harlur,3 BHK,2138.0,3.0,110.0
Richards Town,3 BHK,1550.0,3.0,160.0
Nagavarapalya,3 BHK,1300.0,3.0,80.0
Thanisandra,2 BHK,1265.0,2.0,82.0
Manorayana Palya,2 BHK,1140.0,2.0,52.0
BCC Layout,2 BHK,1050.0,2.0,40.0
Thanisandra,2 BHK,1100.0,2.0,48.0
Varthur,2 BHK,1012.0,2.0,59.0
Varthur,4 Bedroom,1600.0,4.0,112.0
Yelahanka,2 BHK,1326.0,2.0,57.0
Hebbal Kempapura,3 BHK,1654.0,2.0,85.0
Jeevan bima nagar,3 Bedroom,1705.0,2.0,290.0
Chikkalasandra,2 BHK,1070.0,2.0,42.8
Whitefield,3 BHK,1700.0,3.0,95.0
Bhoganhalli,2 BHK,910.2,2.0,80.64
Kogilu,2 BHK,1140.0,2.0,50.66
Whitefield,4 Bedroom,4960.0,4.0,400.0
Talaghattapura,3 BHK,2254.0,3.0,170.0
Kanakapura,2 BHK,945.0,2.0,47.0
Begur Road,4 BHK,2462.0,6.0,150.0
Giri Nagar,3 Bedroom,1350.0,3.0,240.0
Marathahalli,1 BHK,615.0,1.0,44.0
Ramamurthy Nagar,2 Bedroom,1110.0,2.0,65.0
Haralur Road,1 BHK,575.0,1.0,88.0
Electronic City,2 BHK,1025.0,2.0,54.1
Vinayak Nagar,3 BHK,1758.0,3.0,95.0
Gopalapura,4 BHK,3179.0,5.0,351.0
Kaikondrahalli,3 BHK,1342.0,3.0,92.0
Kalyan nagar,3 BHK,1800.0,3.0,85.0
Whitefield,4 BHK,2928.0,4.0,198.0
Doddathoguru,2 BHK,1140.0,2.0,32.0
Raja Rajeshwari Nagar,2 BHK,1608.0,2.0,85.0
Kadugodi,3 BHK,1645.0,2.0,82.0
Ramamurthy Nagar,3 BHK,1410.0,2.0,56.4
Harlur,2 BHK,1200.0,2.0,52.0
8th Phase JP Nagar,3 BHK,1275.0,2.0,41.5
Dodda Nekkundi,4 Bedroom,3800.0,4.0,600.0
Kada Agrahara,3 BHK,909.0,2.0,40.0
Basavanapura,2 Bedroom,1200.0,3.0,85.0
Kalyan nagar,2 BHK,1080.0,2.0,73.0
Madanayakahalli,2 Bedroom,1200.0,2.0,34.0
Akshaya Nagar,2 BHK,1092.0,2.0,60.0
Jalahalli,3 BHK,1932.0,4.0,135.0
KR Puram,2 BHK,1156.0,2.0,72.0
Bellandur,2 BHK,924.0,2.0,35.11
Thubarahalli,2 BHK,1330.0,2.0,75.0
Thanisandra,3 BHK,1917.0,4.0,113.0
Chandapura,2 BHK,985.0,2.0,25.12
Mahalakshmi Puram,6 Bedroom,2400.0,6.0,408.0
Richmond Town,4 Bedroom,1800.0,5.0,500.0
Mahalakshmi Puram,2 Bedroom,1290.0,1.0,225.0
Kodigehalli,1 BHK,655.0,1.0,53.0
4th Block Koramangala,3 BHK,1800.0,3.0,140.0
Margondanahalli,4 Bedroom,1360.0,2.0,45.0
Bellandur,3 BHK,1785.0,3.0,118.0
Kadugodi,7 BHK,4000.0,7.0,130.0
Hebbal,3 BHK,1645.0,3.0,120.0
Gottigere,2 BHK,1235.0,2.0,63.0
Anandapura,2 Bedroom,900.0,2.0,48.0
Thanisandra,1 BHK,662.0,1.0,42.0
TC Palaya,5 Bedroom,1440.0,5.0,100.0
Whitefield,2 BHK,1215.0,2.0,62.0
Bisuvanahalli,2 BHK,845.0,2.0,37.0
Sarjapur  Road,3 BHK,1525.0,2.0,87.0
Jaladarsini Layout,2 BHK,1000.0,2.0,48.0
Hebbal,3 BHK,1255.0,2.0,90.0
Mysore Road,3 BHK,1560.0,3.0,120.0
Kasavanhalli,3 Bedroom,2100.0,3.0,110.0
Kodichikkanahalli,3 BHK,1620.0,2.0,85.0
Marathahalli,3 BHK,1595.0,3.0,90.0
Basavanapura,2 BHK,1095.0,2.0,38.52
9th Phase JP Nagar,2 BHK,835.0,2.0,37.0
Hennur Road,3 BHK,2182.0,3.0,72.04
Thigalarapalya,2 BHK,1418.0,2.0,106.0
Sanjay nagar,3 BHK,1900.0,2.0,180.0
Whitefield,3 BHK,2700.0,5.0,175.0
BTM 2nd Stage,2 BHK,1070.0,2.0,48.0
Ramamurthy Nagar,9 Bedroom,2000.0,9.0,150.0
Munnekollal,43 Bedroom,2400.0,40.0,660.0
Electronics City Phase 1,1 BHK,755.0,1.0,42.41
Hebbal,3 BHK,1645.0,3.0,117.0
Sarjapur,3 Bedroom,2400.0,3.0,190.0
Chandapura,1 BHK,645.0,1.0,16.45
4th T block Jayanagar,4 BHK,3900.0,4.0,333.0
Attur Layout,3 Bedroom,2400.0,4.0,200.0
1st Block HRBR Layout,10 Bedroom,2416.0,10.0,600.0
Electronics City Phase 1,2 BHK,919.0,2.0,28.0
Bannerghatta Road,3 BHK,1725.0,3.0,110.0
Sarjapur  Road,2 BHK,1346.0,2.0,71.32
Electronic City Phase II,2 BHK,1070.0,2.0,45.0
Begur Road,2 BHK,1225.0,2.0,35.52
Sarakki Nagar,6 Bedroom,880.0,6.0,75.0
Neeladri Nagar,1 BHK,640.0,1.0,20.5
Chikkalasandra,3 BHK,1310.0,2.0,52.4
Kanakapura,2 BHK,1190.0,2.0,39.0
Basavanna Nagar,3 BHK,1645.0,3.0,87.5
Marathahalli,2 BHK,1350.0,2.0,89.0
Vittasandra,2 BHK,1404.0,2.0,68.8
Electronic City,3 BHK,1105.0,2.0,35.0
Kanakpura Road,2 BHK,900.0,2.0,41.0
A Narayanapura,4 Bedroom,1650.0,4.0,320.0
Dodda Nekkundi,2 BHK,1100.0,2.0,41.15
Thanisandra,4 Bedroom,2100.0,4.0,95.0
Thanisandra,3 BHK,1948.0,3.0,130.0
Singasandra,3 BHK,1464.0,3.0,56.0
Raja Rajeshwari Nagar,2 BHK,1210.0,2.0,45.0
Yelahanka,5 Bedroom,4000.0,5.0,220.0
Brooke Bond First Cross,2 BHK,1252.0,2.0,55.0
Nagarbhavi,5 Bedroom,1200.0,4.0,240.0
Sarjapur  Road,5 BHK,3905.0,7.0,290.0
Kundalahalli Colony,3 BHK,2600.0,3.0,140.0
7th Phase JP Nagar,3 BHK,1300.0,3.0,89.13
7th Phase JP Nagar,2 BHK,1130.0,2.0,73.0
Budigere,4 Bedroom,1200.0,3.0,135.0
Thanisandra,3 BHK,1690.0,3.0,125.0
Padmanabhanagar,3 Bedroom,4500.0,4.0,360.0
Tasker Town,2 BHK,950.0,2.0,60.0
Marathahalli,2 BHK,1020.0,2.0,57.0
"Hoodi Circle, ",4 BHK,2107.0,4.0,95.0
Marathahalli,3 BHK,1735.0,3.0,72.0
Sarjapur  Road,2 BHK,915.0,2.0,37.0
Glass Factory Layout,3 BHK,1450.0,3.0,68.0
Thigalarapalya,3 BHK,2215.0,4.0,156.0
Raghavendra Nagar,3 BHK,2431.0,3.0,100.0
Hennur Road,3 BHK,1804.0,3.0,102.0
Marathahalli,2 BHK,1600.0,3.0,88.0
Uttarahalli,2 BHK,1280.0,2.0,75.0
Hebbal,3 BHK,1255.0,3.0,77.68
Koramangala,2 BHK,1320.0,2.0,150.0
Hoodi,2 BHK,1257.0,2.0,69.0
Raja Rajeshwari Nagar,2 BHK,1240.0,2.0,53.27
Milk Colony,4 Bedroom,1200.0,4.0,240.0
Bannerghatta Road,6 Bedroom,1850.0,6.0,150.0
Hulimavu,2 BHK,1255.0,2.0,66.0
Ananth Nagar,2 BHK,870.0,2.0,36.0
Tumkur Road,3 BHK,1789.0,3.0,98.0
Basaveshwara Nagar,6 Bedroom,800.0,6.0,110.0
Electronic City,2 BHK,660.0,1.0,18.0
"Basnashankari,6th stage,",3 Bedroom,600.0,3.0,54.0
Coffee Board Layout,2 BHK,1155.0,2.0,56.0
R.T. Nagar,2 BHK,1235.0,2.0,65.0
Yelahanka,4 Bedroom,2675.0,4.0,140.0
CV Raman Nagar,2 BHK,1025.0,2.0,50.0
Raja Rajeshwari Nagar,3 BHK,1395.0,2.0,72.0
Rachenahalli,3 BHK,1530.0,2.0,74.4
Dodda Nekkundi,3 BHK,1252.0,2.0,71.0
Hennur Road,2 BHK,1081.0,2.0,30.27
Haralur Road,3 BHK,1255.0,3.0,130.0
Ardendale,4 BHK,2062.0,3.0,150.0
Choodasandra,3 BHK,1220.0,3.0,56.0
Jigani,3 Bedroom,1408.0,2.0,55.0
Bisuvanahalli,3 BHK,1180.0,2.0,60.0
Sarjapur  Road,1 BHK,715.0,1.0,29.0
Sarjapur  Road,2 BHK,1230.0,2.0,94.5
Kaggadasapura,2 BHK,1035.0,2.0,45.5
EPIP Zone,4 BHK,3360.0,5.0,225.0
Kathriguppe,3 BHK,1300.0,3.0,77.99
Kanakpura Road,3 BHK,1100.0,3.0,52.97
Whitefield,2 BHK,1216.0,2.0,84.0
Shirdi Sai Layout,2 BHK,1450.0,2.0,62.63
Nagavarapalya,1 BHK,705.0,1.0,57.0
Gottigere,3 BHK,1385.0,3.0,64.0
Anekal,2 Bedroom,1200.0,2.0,36.1
Electronic City Phase II,3 BHK,1310.0,2.0,32.75
Sarjapur  Road,2 BHK,1043.0,2.0,39.5
Koramangala,2 BHK,1320.0,2.0,110.0
Near ullas theater,3 BHK,1900.0,3.0,205.0
Varthur,2 BHK,1140.0,2.0,39.9
Kadugodi,2 BHK,1100.0,2.0,45.0
Hebbal,3 BHK,1586.0,3.0,90.0
Chandapura,2 BHK,975.0,2.0,24.86
Amruthnagar,2 BHK,1365.0,3.0,60.0
Rajaji Nagar,2 BHK,1263.0,2.0,107.0
Begur Road,3 BHK,1565.0,2.0,59.76
Karuna Nagar,3 Bedroom,1163.0,3.0,180.0
Whitefield,4 BHK,2882.0,5.0,204.0
Hennur Road,3 BHK,2320.0,3.0,170.0
Sarjapur  Road,3 BHK,1750.0,3.0,99.0
Kudlu,2 BHK,1143.0,2.0,55.0
Hennur Road,3 BHK,1936.0,3.0,118.0
Electronic City,2 BHK,660.0,1.0,15.0
Chandapura,2 BHK,700.0,1.0,19.0
Chikkakannalli,3 BHK,1402.0,2.0,85.0
Hebbal,4 BHK,4640.0,4.0,600.0
Electronic City,2 BHK,1000.0,2.0,41.0
Gottigere,2 BHK,1000.0,2.0,35.0
Kengeri Satellite Town,2 BHK,818.0,2.0,26.0
Bommenahalli,4 Bedroom,1680.0,3.0,135.0
Kalyan nagar,4 BHK,2422.0,3.0,150.0
Indira Nagar,2 BHK,1145.0,2.0,100.0
Chandapura,3 BHK,1190.0,2.0,30.35
Sarjapur  Road,2 BHK,1145.0,2.0,62.0
Somasundara Palya,3 BHK,1575.0,3.0,68.0
Bannerghatta Road,3 Bedroom,9000.0,4.0,390.0
Thanisandra,2 BHK,1200.0,2.0,46.0
Yelahanka,3 BHK,1500.0,2.0,63.0
Ramamurthy Nagar,4 BHK,2560.0,4.0,75.0
Kothanur,3 BHK,1583.0,3.0,76.1
Kanakpura Road,2 BHK,700.0,2.0,34.98
Bannerghatta Road,2 BHK,950.0,2.0,38.0
Banashankari,2 BHK,1041.0,2.0,36.44
Thubarahalli,2 BHK,1085.0,2.0,70.0
Anjanapura,2 BHK,1070.0,2.0,37.0
Raja Rajeshwari Nagar,2 BHK,1165.0,2.0,45.0
Bommasandra,2 BHK,1000.0,2.0,35.0
Horamavu Agara,2 BHK,1169.0,2.0,64.0
A Narayanapura,4 Bedroom,1150.0,4.0,110.0
Whitefield,3 BHK,1840.0,3.0,140.0
Bhuvaneswari Nagar,3 BHK,1550.0,3.0,75.0
Kaval Byrasandra,2 BHK,997.0,2.0,53.0
Gunjur,2 BHK,1457.0,2.0,60.0
ISRO Layout,2 BHK,1000.0,2.0,60.0
KR Puram,2 Bedroom,1000.0,2.0,60.0
Sarjapur  Road,3 Bedroom,1500.0,3.0,88.0
Cottonpet,5 Bedroom,958.0,3.0,210.0
Lakshminarayana Pura,2 BHK,1165.0,2.0,75.0
Upkar Layout,7 Bedroom,1200.0,7.0,169.0
Kasavanhalli,3 BHK,1787.0,3.0,123.0
Raja Rajeshwari Nagar,3 BHK,1288.0,2.0,70.0
Thanisandra,3 BHK,1430.0,2.0,54.11
Hulimavu,3 BHK,3035.0,5.0,271.0
Doddathoguru,1 BHK,750.0,1.0,25.5
Yelachenahalli,4 Bedroom,900.0,2.0,115.0
Channasandra,3 Bedroom,1200.0,3.0,67.77
Electronic City,3 BHK,1500.0,2.0,78.0
Ambalipura,2 BHK,1230.0,2.0,66.25
Marathahalli,1 BHK,780.0,1.0,55.0
Bannerghatta Road,2 BHK,1220.0,2.0,80.0
Kanakpura Road,2 BHK,1110.0,2.0,43.0
Yeshwanthpur Industrial Suburb,3 BHK,2100.0,3.0,240.0
Hosakerehalli,9 Bedroom,1380.0,9.0,150.0
Akshaya Nagar,3 BHK,1690.0,3.0,85.0
Bannerghatta Road,2 BHK,1130.0,2.0,78.0
Electronic City,2 BHK,1213.0,2.0,59.32
Kengeri,2 BHK,900.0,2.0,45.0
Panathur,2 BHK,1199.0,2.0,85.0
Nandi Hills,4 Bedroom,5000.0,4.0,290.0
Bellandur,7 Bedroom,700.0,8.0,100.0
Uttarahalli,1 BHK,661.0,1.0,36.0
Thanisandra main road,2 BHK,1804.0,2.0,285.0
Marathahalli,3 BHK,1710.0,3.0,100.0
Kengeri Satellite Town,2 BHK,1030.0,2.0,50.0
Choodasandra,3 BHK,1220.0,3.0,56.0
Marathahalli,3 BHK,1530.0,3.0,73.5
Ramamurthy Nagar,2 Bedroom,1200.0,2.0,78.0
Rajarajeshwari nagar,3 BHK,2000.0,3.0,85.0
Nagarbhavi,1 BHK,300.0,1.0,20.0
Green Glen Layout,3 BHK,1751.0,2.0,115.0
R.T. Nagar,2 Bedroom,800.0,1.0,170.0
Panathur,2 BHK,1255.0,2.0,79.0
Whitefield,3 BHK,1778.0,3.0,122.0
Ashirvad Colony,2 BHK,1100.0,2.0,45.0
Hennur Road,2 BHK,1480.0,2.0,65.0
Marathahalli,2 BHK,1358.0,2.0,81.0
Electronics City Phase 1,1 BHK,580.0,1.0,27.0
Choodasandra,2 BHK,1197.0,2.0,63.0
HRBR Layout,4 Bedroom,1200.0,2.0,170.0
Lingadheeranahalli,3 BHK,1705.0,3.0,110.0
Electronic City Phase II,3 BHK,1310.0,2.0,37.83
Hoodi,2 BHK,1132.0,2.0,67.9
SMV layout,3 Bedroom,1200.0,3.0,140.0
Peenya,2 BHK,814.0,2.0,55.0
Electronic City,3 BHK,1575.0,3.0,90.0
Pattandur Agrahara,2 BHK,1302.0,2.0,66.0
Sultan Palaya,6 Bedroom,1800.0,8.0,175.0
Hegde Nagar,3 BHK,2006.8,4.0,196.0
Saptagiri Layout,2 BHK,1100.0,2.0,44.0
Vijaya Bank Layout,5 Bedroom,2400.0,5.0,400.0
Doddabanahalli,2 BHK,830.0,2.0,37.0
 Electronic City,1 RK,435.0,1.0,19.5
Mathikere,3 BHK,1590.0,3.0,120.0
Electronic City Phase II,2 BHK,1140.0,2.0,33.06
Kasavanhalli,2 BHK,1090.0,2.0,59.8
Thanisandra,3 BHK,1922.0,3.0,106.0
Thanisandra,2 BHK,965.0,2.0,67.0
Mysore Road,2 BHK,883.0,2.0,40.95
8th Phase JP Nagar,2 BHK,1062.0,2.0,42.47
Babusapalaya,3 BHK,1358.0,2.0,43.1
Hoodi,2 BHK,1108.0,2.0,87.0
Harlur,2 BHK,1197.0,2.0,79.0
Sarjapur  Road,2 BHK,1190.0,2.0,50.0
Dairy Circle,4 BHK,3754.0,6.0,430.0
Vijayanagar,3 BHK,1749.0,3.0,117.0
Sarjapur  Road,4 Bedroom,1750.0,3.0,215.0
Kasavanhalli,3 BHK,1691.0,3.0,104.0
Electronic City,3 BHK,1449.0,3.0,100.0
Whitefield,2 BHK,1400.0,2.0,80.0
Electronic City,3 BHK,1310.0,2.0,37.83
Vijayabank bank layout,2 BHK,1100.0,2.0,48.0
Ramanjaneyanagar,3 BHK,1230.0,2.0,53.51
Green Glen Layout,3 BHK,1750.0,3.0,130.0
7th Phase JP Nagar,3 BHK,1450.0,3.0,100.0
Haralur Road,3 BHK,1810.0,3.0,126.0
Vittasandra,2 BHK,1246.0,2.0,62.3
Brookefield,3 BHK,1420.0,3.0,85.0
Old Airport Road,4 BHK,2658.0,5.0,187.0
6th block Koramangala,3 BHK,1450.0,2.0,89.6
D Group Employees Layout,4 BHK,1200.0,4.0,230.0
Outer Ring Road East,2 BHK,1367.0,2.0,62.0
Talaghattapura,3 BHK,2254.0,3.0,170.0
Begur Road,2 BHK,1160.0,2.0,42.0
Sanjay nagar,5 Bedroom,1200.0,4.0,185.0
Kadugodi,3 BHK,1711.0,3.0,75.0
Hosahalli Extension,9 Bedroom,750.0,6.0,112.0
Raja Rajeshwari Nagar,2 BHK,1120.0,2.0,37.97
Kaggalipura,2 BHK,950.0,2.0,47.0
Basavangudi,2 BHK,1560.0,2.0,145.0
1Channasandra,14 BHK,1250.0,15.0,125.0
Kanakpura Road,2 BHK,1225.0,2.0,60.0
TC Palaya,3 Bedroom,1200.0,2.0,66.0
Tala Cauvery Layout,2 BHK,1340.0,2.0,77.0
Sarjapur  Road,3 BHK,1846.0,3.0,145.0
Dodda Nekkundi,2 BHK,1155.0,2.0,46.0
Balagere,2 BHK,1205.0,2.0,70.0
Thanisandra,2 BHK,1140.0,2.0,36.0
Raja Rajeshwari Nagar,2 BHK,1140.0,2.0,38.65
Jalahalli East,3 BHK,1300.0,2.0,63.0
Bellandur,2 BHK,1051.0,2.0,60.0
Uttarahalli,2 BHK,1134.0,2.0,45.36
Kodihalli,3 BHK,2500.0,4.0,260.0
Yemlur,8 Bedroom,12000.0,9.0,1900.0
Basavanapura,2 BHK,1135.0,2.0,32.91
"Whitefield, ",3 BHK,1745.0,3.0,77.0
Banashankari,5 Bedroom,500.0,5.0,92.0
Kempegowda Nagar,3 BHK,1665.0,3.0,105.0
Bellari Road,2 BHK,1220.0,2.0,48.79
Kanakpura Road,3 BHK,1868.0,3.0,113.0
Anandapura,3 Bedroom,640.0,3.0,45.0
Vaderahalli,4 Bedroom,2300.0,4.0,200.0
Akshayanagara East,2 BHK,1210.0,2.0,76.0
Ambalipura,2 BHK,1351.0,2.0,77.0
Hebbal,3 BHK,1636.0,3.0,119.0
R.T. Nagar,5 Bedroom,2400.0,6.0,450.0
Haralur Road,2 BHK,1464.0,2.0,56.0
Attibele,1 BHK,418.0,1.0,12.0
Kanakpura Road,2 BHK,1339.0,2.0,62.0
Bannerghatta,3 BHK,2370.0,4.0,195.0
Rachenahalli,3 BHK,1530.0,2.0,74.5
Mallathahalli,2 BHK,1100.0,2.0,46.0
7th Phase JP Nagar,3 BHK,1350.0,3.0,58.0
Marathahalli,2 BHK,1290.0,2.0,52.0
Bommasandra Industrial Area,3 BHK,1220.0,2.0,35.23
Sarjapur  Road,3 BHK,1846.0,3.0,155.0
Hegde Nagar,3 BHK,1847.0,3.0,135.0
Whitefield,4 Bedroom,3100.0,4.0,350.0
Hoodi,2 BHK,1430.0,2.0,110.0
Old Madras Road,2 BHK,935.0,2.0,45.0
Attibele,3 Bedroom,1350.0,3.0,85.0
Kammanahalli,3 Bedroom,540.0,3.0,60.0
Hennur Road,3 BHK,1590.0,3.0,96.5
Peenya,3 BHK,1286.0,3.0,67.0
Samethanahalli,2 BHK,1141.0,2.0,40.0
Shivaji Nagar,2 BHK,1554.0,3.0,130.0
Hebbal,3 BHK,3520.0,3.0,430.0
Malleshwaram,5 BHK,7500.0,7.0,1700.0
Harlur,3 BHK,1749.0,3.0,112.0
4th Phase JP Nagar,5 Bedroom,2250.0,5.0,360.0
K R C kothanur,2 BHK,1140.0,2.0,45.0
Bommenahalli,4 Bedroom,1632.0,3.0,128.0
Ramamurthy Nagar,3 BHK,1000.0,2.0,41.0
Nyanappana Halli,2 BHK,1065.0,2.0,58.0
Haralur Road,3 BHK,1520.0,2.0,96.0
Bisuvanahalli,3 BHK,1075.0,2.0,43.0
Srirampuram,7 BHK,5.0,7.0,115.0
Gubbalala,3 BHK,1539.0,2.0,52.36
Sector 7 HSR Layout,2 BHK,1342.0,2.0,115.0
HBR Layout,2 BHK,1004.0,2.0,49.0
Ramagondanahalli,2 BHK,1295.0,2.0,95.0
Thanisandra,2 BHK,1098.0,2.0,74.0
Kothanur,2 BHK,1070.0,2.0,45.5
Hosa Road,2 BHK,1016.0,2.0,40.0
Bellandur,3 BHK,1450.0,3.0,68.0
Yelahanka,1 BHK,654.0,1.0,37.0
Koramangala,4 BHK,5985.0,4.0,775.0
Yelachenahalli,2 BHK,1080.0,2.0,38.0
Vijayanagar,2 BHK,1046.0,2.0,75.0
Domlur,3 BHK,1950.0,3.0,165.0
Bhoganhalli,3 BHK,1610.0,3.0,84.53
Doddakallasandra,3 BHK,2493.0,3.0,115.0
Ramagondanahalli,2 BHK,1151.0,2.0,50.5
Electronic City,2 BHK,1125.0,2.0,58.0
Kammasandra,2 BHK,992.0,2.0,25.79
1st Block Jayanagar,2 BHK,1000.0,3.0,60.0
Banashankari Stage II,5 Bedroom,2400.0,3.0,510.0
Bommanahalli,3 BHK,1850.0,3.0,90.0
Harlur,2 BHK,1174.0,2.0,75.0
Sultan Palaya,2 BHK,1100.0,2.0,45.0
Raja Rajeshwari Nagar,2 BHK,1095.0,2.0,38.33
Banashankari,3 BHK,3580.0,3.0,411.0
Choodasandra,3 Bedroom,900.0,4.0,155.0
Kengeri Hobli,3 BHK,1082.0,2.0,42.0
Uttarahalli,3 BHK,1350.0,2.0,47.24
Kadugodi,2 BHK,1314.0,2.0,78.0
Maithri Layout,2 BHK,1290.0,2.0,40.63
Kaggadasapura,2 BHK,1010.0,2.0,55.0
Shivaji Nagar,2 Bedroom,2200.0,2.0,110.0
"Sarjapur Road, ",3 BHK,1636.0,3.0,97.0
9th Phase JP Nagar,2 BHK,1050.0,2.0,39.0
7th Phase JP Nagar,2 Bedroom,1200.0,2.0,200.0
Haralur Road,3 BHK,1520.0,2.0,125.0
5th Phase JP Nagar,5 BHK,2500.0,5.0,110.0
Sarjapur  Road,2 BHK,1067.0,2.0,60.0
NRI Layout,2 BHK,1060.0,2.0,35.0
Bommasandra,2 BHK,955.0,2.0,35.28
Thigalarapalya,2 BHK,1418.0,2.0,104.0
8th Phase JP Nagar,9 Bedroom,1200.0,8.0,225.0
Anekal,2 BHK,700.0,1.0,19.4
Kanakpura Road,2 BHK,1366.0,2.0,83.0
Electronic City,2 BHK,1090.0,2.0,35.03
Jigani,3 BHK,1250.0,3.0,58.0
Richards Town,4 BHK,3600.0,4.0,450.0
Electronics City Phase 1,2 BHK,950.0,2.0,33.0
Indira Nagar,2 BHK,1470.0,2.0,170.0
Yelahanka,2 BHK,1250.0,2.0,40.0
HBR Layout,4 Bedroom,800.0,4.0,180.0
Badavala Nagar,3 BHK,1494.0,2.0,94.55
Hennur Road,3 BHK,1445.0,2.0,105.0
Kundalahalli,3 BHK,1397.0,3.0,105.0
Vijayanagar,1 BHK,606.0,1.0,40.0
Gollarapalya Hosahalli,2 BHK,861.0,2.0,34.5
 Devarachikkanahalli,2 BHK,1170.0,2.0,40.0
Koramangala,4 BHK,2461.0,6.0,353.0
Marathahalli,2 BHK,1205.0,2.0,75.0
Cottonpet,8 Bedroom,1224.0,4.0,200.0
Rajaji Nagar,1 BHK,660.0,1.0,75.0
Dommasandra,2 BHK,1153.0,2.0,43.5
OMBR Layout,5 Bedroom,2400.0,5.0,275.0
Old Madras Road,5 BHK,4500.0,7.0,294.0
Vijayanagar,2 BHK,1200.0,2.0,62.0
Vignana Nagar,3 BHK,1450.0,3.0,42.0
Budigere,2 BHK,1139.0,2.0,60.0
Green Glen Layout,3 BHK,1530.0,3.0,105.0
2nd Block Jayanagar,6 Bedroom,825.0,6.0,400.0
Electronic City,3 BHK,1575.0,3.0,101.0
Whitefield,1 BHK,650.0,1.0,25.0
Sai Gardens,2 BHK,1120.0,2.0,40.0
Akshaya Nagar,3 BHK,1700.0,3.0,80.0
Varthur,2 BHK,1090.0,2.0,48.0
Akshaya Nagar,3 BHK,1897.0,4.0,93.0
Nelamangala,3 Bedroom,1200.0,3.0,72.0
Kanakpura Road,2 BHK,700.0,2.0,40.0
Thanisandra,2 BHK,1437.0,2.0,71.13
Ambedkar Nagar,3 BHK,1856.0,3.0,120.0
Singanayakanahalli,3 Bedroom,1500.0,2.0,65.0
Hennur Road,2 BHK,1036.0,2.0,59.45
Attur Layout,6 BHK,3000.0,8.0,90.0
Mico Layout,2 BHK,1125.0,2.0,40.0
Uttarahalli,3 BHK,1320.0,2.0,55.44
Malleshwaram,3 BHK,2215.0,4.0,310.0
Electronic City,2 BHK,660.0,1.0,16.0
Marathahalli,3 BHK,1730.0,3.0,110.0
Mahalakshmi Puram,4 Bedroom,750.0,4.0,85.0
Talaghattapura,3 BHK,1804.0,3.0,115.0
Thanisandra,3 BHK,1795.0,3.0,140.0
7th Phase JP Nagar,2 BHK,1050.0,2.0,50.0
Dasarahalli,3 BHK,2100.0,3.0,120.0
Rayasandra,3 BHK,1199.0,2.0,48.5
SBM Colony,3 Bedroom,1350.0,2.0,280.0
Vignana Nagar,2 BHK,1100.0,2.0,47.0
Udaya Nagar,2 Bedroom,1000.0,1.0,75.0
Kanakapura,3 BHK,1254.0,2.0,70.0
Medahalli,8 Bedroom,600.0,8.0,70.0
Electronics City Phase 1,2 BHK,940.0,2.0,49.0
BTM 2nd Stage,2 BHK,1280.0,2.0,80.0
Whitefield,4 BHK,2155.0,3.0,125.0
Sarjapur  Road,5 Bedroom,3200.0,5.0,140.0
Kasavanhalli,4 BHK,4260.0,4.0,272.0
Hebbal,3 BHK,1255.0,2.0,95.0
Suraksha Nagar,3 BHK,1388.0,3.0,69.99
 Whitefield,1 RK,905.0,1.0,52.0
VGP Layout,2 BHK,1176.0,2.0,44.0
Uttarahalli,3 BHK,1390.0,2.0,61.16
Giri Nagar,4 Bedroom,2400.0,4.0,400.0
Sahakara Nagar,2 BHK,1160.0,2.0,55.0
Seegehalli,4 BHK,2800.0,4.0,140.0
5th Block Hbr Layout,4 Bedroom,1200.0,4.0,205.0
Marathahalli,3 BHK,1583.0,3.0,115.0
Jigani,3 BHK,1252.0,3.0,63.0
Rustam Bagh Layout,2 BHK,1170.0,2.0,86.0
Bannerghatta Road,3 BHK,1350.0,2.0,51.0
Gottigere,2 BHK,1075.0,2.0,30.0
Hosa Road,2 BHK,972.0,2.0,40.0
Bannerghatta Road,3 BHK,1486.0,3.0,83.22
Margondanahalli,2 Bedroom,555.0,1.0,37.0
Vaishnavi Layout,4 Bedroom,4830.0,5.0,390.0
Cottonpet,2 BHK,850.0,2.0,75.0
Binny Pete,3 BHK,1282.0,3.0,178.0
Hebbal,4 BHK,2790.0,4.0,198.0
Sarjapur  Road,4 BHK,2383.0,5.0,215.0
Naganathapura,2 BHK,1103.0,2.0,55.0
Rayasandra,3 BHK,1577.0,3.0,67.0
Yelahanka,3 BHK,1465.0,3.0,80.01
Vimanapura,3 BHK,1600.0,3.0,64.0
Uttarahalli,2 BHK,1090.0,2.0,45.0
Yelahanka,3 BHK,1721.0,3.0,80.86
Seetharampalya,2 BHK,1100.0,2.0,55.0
Varthur,3 BHK,1450.0,3.0,71.0
Battarahalli,2 BHK,1071.0,2.0,62.0
Old Madras Road,3 BHK,2266.0,3.0,169.0
Kundalahalli Colony,3 BHK,2065.0,3.0,130.0
Kanakpura Road,3 BHK,1800.0,3.0,90.0
Defence Colony,2 BHK,1150.0,2.0,125.0
Housing Board Layout Vijay Nagar,8 Bedroom,1200.0,8.0,220.0
Hormavu,2 BHK,1123.0,2.0,56.0
Akshaya Nagar,3 BHK,1884.0,3.0,98.0
1st Block Jayanagar,7 Bedroom,930.0,4.0,85.0
Lakshminarayana Pura,2 BHK,1145.0,2.0,75.0
Hebbal,3 BHK,1328.0,2.0,60.0
Subramanyapura,2 BHK,950.0,2.0,55.0
Thomas Town,2 BHK,1250.0,2.0,59.0
Pragathi Nagar,2 BHK,1115.0,2.0,46.0
Gollarapalya Hosahalli,3 BHK,1318.0,3.0,54.0
JP Nagar,3 BHK,3300.0,4.0,160.0
Kalyan nagar,2 BHK,1280.0,2.0,48.0
Whitefield,2 BHK,1230.0,2.0,59.0
Raja Rajeshwari Nagar,3 BHK,1420.0,2.0,60.0
Kasavanhalli,3 Bedroom,2111.0,4.0,120.0
Vidyaranyapura,2 BHK,1100.0,2.0,54.0
Harlur,3 BHK,1750.0,3.0,136.0
RMV 2nd Stage,3 BHK,2550.0,4.0,290.0
Shampura,2 BHK,700.0,1.0,35.0
Uttarahalli,2 BHK,1050.0,2.0,42.0
Uttarahalli,2 BHK,1235.0,2.0,90.0
Yeshwanthpur,2 Bedroom,1200.0,2.0,63.0
Kengeri,2 BHK,900.0,2.0,30.0
Thanisandra,2 BHK,1146.0,2.0,38.0
Yeshwanthpur,4 Bedroom,1200.0,4.0,110.0
Banashankari,1 BHK,2400.0,1.0,200.0
Marathahalli,6 Bedroom,1200.0,5.0,108.0
Devarachikkanahalli,1 BHK,615.0,1.0,24.0
Mysore Road,2 BHK,1070.0,2.0,49.65
Rajaji Nagar,5 Bedroom,1538.0,5.0,300.0
Poorna Pragna Layout,3 BHK,1355.0,2.0,58.25
Venkatapura,4 BHK,3080.0,2.0,285.0
Kundalahalli,3 BHK,1800.0,3.0,80.0
Begur Road,3 BHK,1400.0,2.0,50.06
Uttarahalli,2 BHK,1123.0,2.0,48.0
Konanakunte,4 Bedroom,1200.0,2.0,130.0
Kengeri,2 BHK,787.0,2.0,31.0
Kambipura,3 BHK,1082.0,2.0,45.0
Seegehalli,2 BHK,1096.0,2.0,41.0
Vidyaranyapura,7 Bedroom,1200.0,7.0,140.0
R.T. Nagar,3 Bedroom,1140.0,3.0,130.0
Venugopal Reddy Layout,2 BHK,1130.0,2.0,52.0
Electronic City,1 BHK,550.0,1.0,12.0
Mahadevpura,2 BHK,1058.0,2.0,85.0
Hebbal,3 BHK,1269.0,2.0,73.0
Prithvi Layout,3 Bedroom,946.0,3.0,140.0
4th Block Koramangala,4 BHK,3400.0,6.0,420.0
Kanakpura Road,4 BHK,2689.0,6.0,245.0
Hennur Road,3 BHK,1976.0,3.0,65.21
Kothanur,3 BHK,1820.0,3.0,77.0
Uttarahalli,3 BHK,1329.0,2.0,56.0
Kathriguppe,3 BHK,1350.0,2.0,80.99
Nagarbhavi,4 Bedroom,1250.0,3.0,175.0
Whitefield,2 BHK,1205.0,2.0,40.0
Manganahalli,6 Bedroom,800.0,6.0,98.0
Kanakpura Road,2 BHK,1339.0,2.0,71.5
Uttarahalli,2 BHK,938.0,2.0,35.0
Kuvempu Nagar,1 BHK,450.0,1.0,25.0
BTM 2nd Stage,2 BHK,1100.0,2.0,70.0
2nd Stage Nagarbhavi,4 Bedroom,600.0,3.0,95.0
Yelahanka,2 BHK,1060.0,2.0,40.0
Whitefield,2 BHK,1125.0,2.0,40.0
Whitefield,1 BHK,810.0,1.0,21.0
Bellandur,2 BHK,1060.0,2.0,65.0
Anandapura,4 Bedroom,1749.0,4.0,90.0
Sahakara Nagar,3 BHK,1200.0,2.0,75.0
Cleveland Town,2 BHK,1100.0,2.0,85.0
Jalahalli East,4 Bedroom,720.0,4.0,48.0
Gunjur,5 Bedroom,6613.0,7.0,950.0
Hoodi,3 BHK,1925.0,3.0,110.0
Kengeri,1 BHK,502.0,1.0,25.0
Bommenahalli,3 Bedroom,3339.0,3.0,250.0
Begur,3 BHK,1475.0,2.0,74.0
Indra Nagar,3 BHK,1550.0,3.0,258.0
Peenya,2 BHK,966.0,2.0,49.0
t.c palya,6 Bedroom,1350.0,6.0,160.0
Haralur Road,2 BHK,1300.0,2.0,75.0
Bagalur Main Road,5 Bedroom,4400.0,4.0,350.0
Kogilu,3 BHK,1559.0,3.0,120.0
Vittasandra,2 BHK,1246.0,2.0,63.0
Rajaji Nagar,3 Bedroom,2790.0,3.0,950.0
Begur Road,3 BHK,1410.0,2.0,53.58
Varthur Road,4 Bedroom,1300.0,3.0,75.0
Kanakpura Road,2 BHK,1339.0,2.0,58.0
Ilyas Nagar,4 Bedroom,900.0,4.0,75.0
Channasandra,2 BHK,1104.0,2.0,35.5
Sultan Palaya,2 BHK,900.0,2.0,45.0
3rd Phase JP Nagar,3 BHK,1550.0,2.0,79.0
Kanakpura Road,1 BHK,670.0,1.0,35.0
Jakkur,2 BHK,1483.0,2.0,98.0
Basapura,3 BHK,1540.0,2.0,70.0
Naganathapura,8 Bedroom,1200.0,7.0,100.0
Hennur,2 BHK,1255.0,2.0,54.5
OMBR Layout,3 Bedroom,600.0,3.0,100.0
Jayanagar,2 BHK,1036.0,2.0,110.0
Bannerghatta Road,3 BHK,1460.0,2.0,75.0
Devarachikkanahalli,2 BHK,1230.0,2.0,58.0
Kanakpura Road,2 BHK,1340.0,2.0,60.0
Yelenahalli,3 BHK,1600.0,3.0,61.37
Hegde Nagar,3 BHK,2162.0,3.0,200.0
Electronic City,2 BHK,919.0,2.0,40.0
4th Phase JP Nagar,2 BHK,1070.0,2.0,38.9
Hosur Road,3 BHK,1733.0,2.0,85.0
Jigani,3 BHK,1221.0,3.0,72.0
kanakapura main road,2 BHK,1041.0,2.0,36.44
Ambalipura,4 BHK,2550.0,4.0,149.0
Shampura,3 BHK,1400.0,3.0,70.0
Anjanapura,1 Bedroom,600.0,2.0,55.0
Nagarbhavi,1 BHK,710.0,2.0,40.0
Electronic City,3 BHK,1500.0,2.0,78.25
Thigalarapalya,4 BHK,3122.0,6.0,237.0
Akshaya Nagar,3 BHK,2061.0,3.0,175.0
Brookefield,5 Bedroom,2400.0,5.0,325.0
Hebbal,3 BHK,1255.0,2.0,95.0
Malleshwaram,7 BHK,2425.0,7.0,140.0
Electronic City Phase II,2 BHK,1031.0,2.0,55.0
Balagere,2 BHK,1210.0,2.0,74.0
Anjanapura,2 BHK,950.0,2.0,40.0
Nagaraja Garden,4 Bedroom,1376.0,4.0,156.0
Hosa Road,2 BHK,1161.0,2.0,55.15
Raja Rajeshwari Nagar,2 BHK,1303.0,2.0,44.17
Thigalarapalya,2 BHK,1418.0,2.0,105.0
Kengeri Satellite Town,2 Bedroom,1200.0,2.0,65.0
Basavangudi,3 BHK,1825.0,3.0,175.0
Bannerghatta Road,2 BHK,1015.0,2.0,48.0
Mathikere,3 BHK,1150.0,2.0,60.0
Singasandra,2 BHK,1010.0,2.0,40.0
Reliaable Tranquil Layout,3 BHK,1508.0,3.0,75.0
7th Phase JP Nagar,2 BHK,1275.0,2.0,87.0
7th Phase JP Nagar,3 BHK,1460.0,3.0,70.0
Old Airport Road,2 BHK,946.0,2.0,58.0
Vignana Nagar,2 BHK,1110.0,2.0,58.0
Hennur Road,3 BHK,1832.0,3.0,125.0
Hebbal,2 BHK,1088.0,2.0,61.45
Thanisandra,3 BHK,1564.0,3.0,104.0
Kadugodi,2 BHK,1030.0,2.0,35.02
9th Phase JP Nagar,2 BHK,660.0,2.0,27.0
Sarjapur  Road,3 BHK,1700.0,3.0,95.0
BTM 1st Stage,4 Bedroom,1100.0,5.0,121.0
Panathur,2 BHK,1205.0,2.0,62.9
Lottegolla Halli,3 BHK,1950.0,3.0,90.0
Devanahalli Int. Airport,2 BHK,1080.0,2.0,62.0
Ardendale,4 BHK,2800.0,4.0,140.0
Mailasandra,2 BHK,999.0,2.0,43.66
Basvasamithi Layout Vidyaranyapura,4 Bedroom,900.0,4.0,175.0
Kanakpura Road,2 BHK,1300.0,2.0,89.76
HRBR Layout,2 BHK,1265.0,2.0,78.0
Attibele,2 BHK,1200.0,2.0,42.0
Bhoganhalli,4 BHK,1974.0,4.0,106.0
Chelekare,2 BHK,1180.0,2.0,40.0
Amruthahalli,3 BHK,1350.0,2.0,63.0
Kodichikkanahalli,3 BHK,1560.0,2.0,65.0
8th Block Jayanagar,2 Bedroom,2800.0,2.0,650.0
Hosakerehalli,2 BHK,1085.0,2.0,41.23
Vijayanagar,3 BHK,1300.0,2.0,75.0
Marathahalli,3 BHK,1600.0,3.0,56.0
Atmananda Colony,2 BHK,1127.0,2.0,55.0
Kengeri Satellite Town,2 BHK,795.0,2.0,32.0
Nagarbhavi,3 BHK,1850.0,3.0,88.0
Bommasandra Industrial Area,2 BHK,1020.0,2.0,29.45
Doopanahalli,3 BHK,1475.0,2.0,200.0
Baba Nagar,3 Bedroom,1200.0,3.0,96.25
Uttarahalli,3 BHK,1345.0,2.0,47.0
Kaikondrahalli,2 BHK,849.0,2.0,25.4
Kanakpura Road,3 BHK,1706.0,3.0,135.0
Yelahanka,4 BHK,2100.0,4.0,180.0
Nagadevanahalli,3 BHK,1250.0,2.0,65.0
Kanakpura Road,3 BHK,1260.0,3.0,63.58
Horamavu Agara,3 BHK,1265.0,2.0,65.0
Abbigere,3 BHK,1260.0,2.0,45.0
Jalahalli,2 BHK,1045.0,2.0,58.0
Hebbal Kempapura,4 BHK,3895.0,4.0,495.0
Bellandur,2 BHK,1100.0,2.0,62.0
Kudlu Gate,2 BHK,1113.0,2.0,50.0
Old Airport Road,4 BHK,2774.0,4.0,208.0
Varthur,2 BHK,1210.0,2.0,60.0
Kogilu,1 BHK,700.0,1.0,30.84
Kanakpura Road,2 BHK,1155.0,2.0,55.5
Hoodi,2 BHK,1132.0,2.0,89.0
Hennur Road,2 BHK,1359.0,2.0,104.0
Byatarayanapura,4 BHK,2631.0,3.0,200.0
Kothanur,2 BHK,1145.0,2.0,56.0
5th Phase JP Nagar,1 BHK,600.0,1.0,30.0
Laggere,1 Bedroom,1200.0,1.0,125.0
Mahalakshmi Puram,2 BHK,830.0,2.0,60.0
HSR Layout,2 BHK,1009.0,2.0,56.0
Basavangudi,3 BHK,1800.0,3.0,195.0
Yelahanka,2 BHK,1226.0,2.0,52.71
Badrappa Layout,2 BHK,1500.0,2.0,88.0
Electronic City,2 BHK,1363.0,2.0,79.0
Poorna Pragna Layout,3 Bedroom,1400.0,2.0,240.0
Bommasandra Industrial Area,2 BHK,1165.0,2.0,33.64
HSR Layout,4 Bedroom,2792.0,4.0,220.0
Kammanahalli,1 Bedroom,700.0,1.0,59.0
Kaval Byrasandra,2 BHK,1060.0,2.0,42.0
Marathahalli,2 BHK,1200.0,2.0,67.0
"Off Sarjapur Road, ",3 BHK,1518.0,3.0,76.0
Nagappa Reddy Layout,3 BHK,1495.0,2.0,75.0
Sanjay nagar,2 BHK,1575.0,2.0,90.0
Rajaji Nagar,2 BHK,1440.0,2.0,170.0
Kasavanhalli,3 BHK,1545.0,3.0,69.0
Kengeri,3 BHK,1470.0,3.0,50.0
Cooke Town,3 BHK,1500.0,3.0,95.0
BTM Layout,3 BHK,1450.0,2.0,81.0
Hosur Road,2 BHK,1179.0,2.0,49.0
7th Phase JP Nagar,3 BHK,1650.0,3.0,110.0
Chandapura,3 BHK,1095.0,2.0,32.0
Lal Bahadur Shastri Nagar,2 BHK,856.0,2.0,48.0
Naganathapura,2 BHK,1143.0,2.0,62.0
Hebbal,2 BHK,1349.0,2.0,97.8
Anjanapura,3 BHK,1280.0,2.0,45.0
Malleshwaram,1 BHK,480.0,1.0,60.0
Whitefield,2 BHK,1216.0,2.0,69.06
Doddakallasandra,3 BHK,2493.0,3.0,115.0
Malleshwaram,2 BHK,1290.0,2.0,120.0
Banjara Layout,5 Bedroom,1200.0,5.0,96.0
Electronic City,2 BHK,1156.0,2.0,42.0
Thanisandra,2 BHK,1230.0,2.0,44.0
Volagerekallahalli,2 BHK,1070.0,2.0,33.15
Ramagondanahalli,2 BHK,1235.0,2.0,49.3
6th block Koramangala,2 BHK,1117.0,2.0,110.0
Kundalahalli,3 BHK,1724.0,3.0,124.0
Jalahalli,4 Bedroom,1200.0,4.0,90.0
Venkatadri Layout,1 BHK,600.0,1.0,43.0
KR Puram,3 BHK,1930.0,2.0,57.9
Whitefield,2 BHK,1216.0,2.0,75.0
KR Puram,3 BHK,1452.0,3.0,60.0
Whitefield,2 BHK,1355.0,2.0,78.0
HMT Layout,4 Bedroom,7500.0,4.0,425.0
Sarjapur  Road,3 BHK,2145.0,3.0,190.0
Bommanahalli,2 BHK,957.0,2.0,53.0
Shantiniketan Layout,2 BHK,925.0,2.0,48.0
Bellandur,2 BHK,1550.0,2.0,59.0
Yelahanka New Town,4 Bedroom,4000.0,2.0,899.0
Kanakpura Road,3 Bedroom,2100.0,3.0,140.0
Bannerghatta Road,2 BHK,1115.0,2.0,61.0
Yelahanka,3 BHK,1692.0,3.0,83.0
Baba Nagar,2 BHK,1100.0,2.0,52.0
Hormavu,3 BHK,1385.0,2.0,69.0
Hosa Road,1 BHK,760.0,1.0,24.9
Electronics City Phase 1,2 BHK,1335.0,2.0,67.0
Bommanahalli,2 BHK,910.0,2.0,45.0
Kanakpura Road,3 BHK,1610.0,2.0,55.0
Hennur Road,2 BHK,1341.0,2.0,75.76
Kurubarahalli,3 Bedroom,1200.0,3.0,70.0
Uttarahalli,3 BHK,1285.0,2.0,44.98
HAL 2nd Stage,3 BHK,2100.0,3.0,252.0
Yeshwanthpur,3 BHK,1679.0,3.0,92.13
Puttappa Layout,4 Bedroom,2675.0,4.0,290.0
"Ananthanagar Phase 1,Electronic City , phase 2",2 BHK,1016.0,2.0,45.9
Banashankari Stage II,4 Bedroom,1500.0,2.0,650.0
Palace Guttahalli,3 Bedroom,660.0,2.0,100.0
Rajaji Nagar,3 BHK,2448.0,3.0,400.0
Bellandur,2 BHK,924.0,2.0,35.11
8th Phase JP Nagar,1 BHK,500.0,1.0,31.0
Ngef Layout,3 BHK,1800.0,3.0,88.0
Whitefield,2 BHK,1255.0,2.0,77.0
Hennur Road,2 BHK,1040.0,2.0,50.0
Kattigenahalli,2 BHK,1062.0,2.0,47.0
Hosur Road,2 BHK,950.0,2.0,60.0
Whitefield,2 BHK,1216.0,2.0,73.0
HSR Layout,2 BHK,1300.0,2.0,98.0
5th Phase JP Nagar,2 BHK,1390.0,2.0,65.0
Yelahanka,2 BHK,1033.0,2.0,52.58
Yelahanka,2 BHK,1390.0,2.0,65.31
Jalahalli,2 BHK,1020.0,2.0,52.0
Whitefield,2 BHK,1140.0,2.0,45.0
Yeshwanthpur,1 BHK,670.0,1.0,36.85
Bhoganhalli,4 BHK,2171.0,4.0,111.0
Bannerghatta Road,2 BHK,1136.0,2.0,48.0
Doddakannelli,3 BHK,1477.0,2.0,80.0
KR Puram,2 BHK,1001.0,2.0,30.0
Yelahanka,2 BHK,1040.0,2.0,48.86
Garudachar Palya,2 BHK,1060.0,2.0,48.5
Sarjapur,2 BHK,1240.0,2.0,44.3
Byadarahalli,4 BHK,3500.0,5.0,450.0
Doddabommasandra,9 BHK,42000.0,8.0,175.0
Varthur,2 BHK,1070.0,2.0,46.0
Electronic City Phase II,2 BHK,1253.0,2.0,65.8
Whitefield,2 BHK,1190.0,2.0,60.0
Whitefield,2 BHK,1312.0,2.0,55.0
KR Puram,2 BHK,750.0,2.0,40.0
Koramangala,3 BHK,1615.0,3.0,115.0
Marathahalli,2 BHK,1095.0,2.0,60.0
Whitefield,3 BHK,1745.0,3.0,100.0
Rachenahalli,2 BHK,1050.0,2.0,52.5
4th T block Jayanagar,4 Bedroom,2080.0,4.0,440.0
Thanisandra,2 BHK,1220.0,2.0,44.6
Kempegowda Nagar,3 BHK,1793.0,3.0,98.0
Uttarahalli,2 BHK,1100.0,1.0,45.0
Yelahanka New Town,2 BHK,1385.0,2.0,65.0
Begur Road,2 BHK,1200.0,2.0,45.0
Haralur Road,3 BHK,2017.0,2.0,125.0
Attibele,1 BHK,400.0,1.0,10.0
Bellandur,3 BHK,1400.0,2.0,44.81
Bethel Nagar,2 BHK,960.0,2.0,33.0
Uttarahalli,2 BHK,1125.0,2.0,47.0
Akshaya Nagar,3 BHK,1551.0,2.0,60.0
BTM Layout,4 Bedroom,600.0,4.0,122.0
Vittasandra,2 BHK,1246.0,2.0,67.4
Whitefield,4 BHK,3200.0,4.0,224.0
Marathahalli,2 BHK,1060.0,2.0,48.0
Bharathi Nagar,2 BHK,1384.0,2.0,59.0
Byagadadhenahalli,2 BHK,620.0,2.0,23.0
Bommasandra,2 BHK,1005.0,2.0,39.77
Sarakki Nagar,3 Bedroom,1200.0,3.0,128.0
Kirloskar Layout,3 BHK,1400.0,3.0,35.0
HSR Layout,3 BHK,2400.0,3.0,88.0
Whitefield,2 BHK,1096.0,2.0,39.0
Kaggadasapura,2 BHK,1180.0,1.0,50.0
Uttarahalli,3 BHK,1300.0,2.0,47.0
tc.palya,2 Bedroom,1020.0,2.0,62.0
Margondanahalli,2 Bedroom,600.0,2.0,35.0
Dollar Scheme Colony,4 BHK,3563.0,6.0,310.0
Konanakunte Cross,2 BHK,1165.0,2.0,47.0
Bellandur,3 BHK,1685.0,3.0,100.0
Raja Rajeshwari Nagar,3 BHK,1580.0,3.0,53.56
Balagere,2 BHK,1210.0,2.0,83.0
Kammasandra,2 BHK,1030.0,1.0,25.75
Nagappa Reddy Layout,2 BHK,1100.0,2.0,43.5
Hebbal,3 BHK,1255.0,3.0,77.68
Jakkur,3 BHK,1482.0,3.0,86.0
Hebbal,2 BHK,1344.0,2.0,108.0
Kothannur,3 BHK,1275.0,2.0,39.8
Vidyaranyapura,3 Bedroom,462.0,3.0,38.0
Omarbagh Layout,4 BHK,3300.0,5.0,318.0
Panathur,2 BHK,1210.0,2.0,85.0
Hebbal,3 BHK,1320.0,3.0,226.0
Hosa Road,3 BHK,1532.0,3.0,98.13
JP Nagar,2 BHK,1245.0,2.0,110.0
Nagarbhavi,2 BHK,1212.0,2.0,50.0
Sarjapur  Road,2 BHK,1230.0,2.0,65.0
Indira Nagar,5 Bedroom,1000.0,5.0,180.0
Ramagondanahalli,3 BHK,2257.0,3.0,159.0
Vittasandra,2 BHK,1246.0,2.0,65.4
Gunjur,2 BHK,1080.0,2.0,41.0
Varthur,3 BHK,1360.0,2.0,85.0
Yelenahalli,2 BHK,1260.0,2.0,47.88
Kengeri Satellite Town,4 Bedroom,1200.0,3.0,110.0
Thigalarapalya,2 BHK,1418.0,2.0,104.0
anjananager magdi road,3 Bedroom,1200.0,3.0,165.0
Kasavanhalli,2 BHK,950.0,2.0,39.0
Nagarbhavi,2 BHK,1020.0,2.0,55.0
Electronic City Phase II,3 BHK,1400.0,2.0,40.44
Kodipalya,4 Bedroom,1440.0,4.0,88.0
Huskur,6 BHK,800.0,6.0,75.0
Electronics City Phase 1,2 BHK,1175.0,2.0,69.0
Raja Rajeshwari Nagar,2 BHK,1185.0,2.0,40.17
Aishwarya Crystal Layout,3 BHK,2250.0,3.0,113.0
Sarjapur  Road,2 BHK,1178.0,2.0,40.43
Ulsoor,4 BHK,36000.0,4.0,450.0
Whitefield,1 BHK,825.0,1.0,44.9
Madiwala,3 BHK,1250.0,3.0,43.0
Electronics City Phase 1,2 BHK,1113.12,2.0,55.0
2nd Block Jayanagar,3 BHK,1718.0,3.0,223.0
Gottigere,2 BHK,1010.0,2.0,35.0
Kanakpura Road,2 BHK,900.0,2.0,41.0
Syndicate Bank Colony,4 Bedroom,1500.0,4.0,240.0
Rayasandra,1 Bedroom,540.0,1.0,16.5
Electronic City,2 BHK,1020.0,2.0,29.46
Hosur Road,2 BHK,1194.0,2.0,71.64
Vijayanagar,8 Bedroom,1470.0,6.0,300.0
2nd Stage Nagarbhavi,3 Bedroom,600.0,4.0,100.0
Electronic City,2 BHK,1108.0,2.0,67.15
Hebbal,4 BHK,3895.0,2.0,451.0
Kanakpura Road,2 BHK,700.0,2.0,34.99
Somasundara Palya,3 BHK,1600.0,3.0,68.0
Nagarbhavi,3 BHK,1850.0,3.0,90.0
Tumkur Road,2 BHK,1250.0,2.0,33.0
Ramamurthy Nagar,1 Bedroom,600.0,1.0,43.0
Raja Rajeshwari Nagar,2 BHK,1140.0,2.0,49.27
CQAL Layout,3 BHK,1200.0,2.0,75.0
Nayandanahalli,2 BHK,985.0,2.0,55.0
Bellandur,2 BHK,982.0,2.0,55.0
9th Phase JP Nagar,1 BHK,600.0,1.0,20.0
Old Madras Road,3 BHK,2640.0,5.0,142.0
Akshaya Nagar,2 BHK,1314.0,2.0,68.8
Vijaya Bank Layout,3 BHK,1700.0,2.0,68.5
1st Phase JP Nagar,2 BHK,1077.0,2.0,93.0
Varanasi,5 BHK,2000.0,4.0,99.0
DUO Layout,3 BHK,1643.0,3.0,75.0
Kengeri,3 Bedroom,1200.0,3.0,67.0
Whitefield,2 BHK,1116.0,2.0,51.91
Abbigere,2 BHK,1020.0,2.0,41.82
Vittasandra,7 Bedroom,621.0,7.0,64.0
Daadys Gaarden Layout,3 BHK,1740.0,3.0,55.0
GM Palaya,2 BHK,1225.0,2.0,47.0
Thanisandra,3 BHK,1241.0,2.0,61.0
Hennur,2 BHK,1041.0,2.0,40.6
Bommanahalli,2 BHK,1050.0,2.0,46.0
Srinivas Colony,3 BHK,4400.0,3.0,901.0
Kanakpura Road,2 BHK,1309.0,2.0,64.39
Dodda Nekkundi,2 BHK,1128.0,2.0,45.0
Raja Rajeshwari Nagar,3 BHK,1430.0,2.0,50.0
Old Madras Road,2 BHK,1065.0,2.0,47.86
OMBR Layout,2 BHK,1085.0,2.0,64.0
Vishveshwarya Layout,1 Bedroom,750.0,1.0,30.0
Bellandur,2 BHK,981.0,2.0,37.28
Bhoganhalli,4 BHK,1548.3,4.0,129.0
Hebbal Kempapura,4 BHK,2302.0,4.0,300.0
Kalyan nagar,3 BHK,1410.0,2.0,60.0
Hosa Road,3 BHK,1525.84,3.0,117.0
Begur Road,2 BHK,1200.0,2.0,42.6
Sampangi Rama Nagar,2 BHK,1030.0,2.0,80.0
BTM 1st Stage,3 BHK,1852.0,2.0,95.0
Electronic City,2 BHK,1160.0,2.0,33.5
Jigani,2 BHK,918.0,2.0,49.0
Hebbal,3 BHK,1255.0,2.0,90.0
HRBR Layout,6 Bedroom,1200.0,6.0,250.0
JP Nagar,3 BHK,1150.0,2.0,49.9
Indira Nagar,3 BHK,2700.0,3.0,324.0
Moodalapalya,2 BHK,1150.0,2.0,69.0
Whitefield,2 BHK,1227.0,2.0,53.49
Hebbal,3 BHK,1255.0,3.0,77.68
Moodalapalya,6 Bedroom,840.0,8.0,120.0
Panathur,2 BHK,1198.0,2.0,82.0
 Devarachikkanahalli,3 Bedroom,1200.0,3.0,160.0
Nelamangala,4 Bedroom,2600.0,3.0,95.0
Thigalarapalya,3 BHK,2072.0,4.0,139.0
Pattandur Agrahara,2 BHK,797.0,2.0,32.0
Nayandanahalli,3 BHK,1350.0,2.0,68.0
Sahakara Nagar,4 BHK,2500.0,4.0,200.0
Thigalarapalya,3 BHK,2215.0,4.0,160.0
Kanakpura Road,1 BHK,525.0,1.0,30.0
Bannerghatta Road,4 BHK,2700.0,4.0,260.0
Gokaula Extension,3 BHK,1500.0,2.0,90.0
Subash Nagar,2 Bedroom,900.0,2.0,55.0
Poorna Pragna Layout,3 BHK,1355.0,2.0,58.27
Kudlu Gate,3 BHK,1465.0,2.0,49.81
Ramamurthy Nagar,2 Bedroom,1006.0,2.0,57.0
Vishveshwarya Layout,4 BHK,2000.0,4.0,75.0
Electronic City,2 BHK,1128.0,2.0,65.7
Pattanagere,2 BHK,850.0,2.0,35.0
ISRO Layout,3 BHK,1310.0,2.0,68.0
Banashankari,2 BHK,1390.0,2.0,86.0
Kathriguppe,3 BHK,1390.0,2.0,76.45
Marathahalli,4 Bedroom,2396.0,4.0,325.0
Electronic City,2 BHK,1170.0,2.0,33.0
Gottigere,3 BHK,1385.0,2.0,50.0
Old Madras Road,2 BHK,1160.0,2.0,42.0
Electronic City Phase II,2 BHK,1160.0,2.0,33.5
Bannerghatta Road,3 BHK,1200.0,2.0,69.0
Mahadevpura,2 BHK,1475.0,2.0,55.0
Sarjapur  Road,3 Bedroom,1939.0,3.0,98.0
7th Phase JP Nagar,2 BHK,850.0,2.0,42.0
Balagere,1 BHK,675.0,1.0,45.0
Electronic City,2 BHK,1060.0,2.0,51.0
Whitefield,2 BHK,1235.0,2.0,47.0
RTO ullalu,2 Bedroom,600.0,4.0,110.0
Austin Town,2 BHK,1250.0,2.0,60.0
Banashankari,2 BHK,1460.0,2.0,70.0
Akshaya Nagar,3 BHK,1690.0,3.0,85.0
Indira Nagar,1 BHK,850.0,1.0,57.0
Kanakpura Road,3 BHK,1843.0,3.0,82.0
7th Phase JP Nagar,3 BHK,1680.0,3.0,117.0
Kundalahalli,2 BHK,1047.0,2.0,84.0
8th Phase JP Nagar,2 BHK,1100.0,2.0,35.0
Indira Nagar,8 Bedroom,3250.0,8.0,600.0
Nagarbhavi,2 BHK,1120.0,2.0,53.0
Raja Rajeshwari Nagar,2 BHK,1095.0,2.0,38.33
Carmelaram,2 BHK,970.0,2.0,35.0
Bommanahalli,5 Bedroom,1200.0,7.0,125.0
Hosa Road,3 BHK,1100.0,2.0,85.0
Uttarahalli,3 BHK,1685.0,3.0,85.0
Doddanekundi,2 BHK,1148.0,2.0,59.0
Marathahalli,2 BHK,1050.0,2.0,65.0
Bannerghatta Road,3 BHK,1465.0,2.0,76.0
Kothanur,4 Bedroom,3401.0,5.0,230.0
Electronic City,1 BHK,630.0,1.0,60.0
7th Phase JP Nagar,3 BHK,1850.0,3.0,150.0
Vidyaranyapura,9 Bedroom,1200.0,9.0,175.0
Cottonpet,4 Bedroom,1750.0,2.0,225.0
Shikaripalya,3 BHK,1350.0,3.0,60.0
Sector 7 HSR Layout,3 BHK,1760.0,3.0,160.0
Rajaji Nagar,2 BHK,1440.0,2.0,185.0
Banashankari Stage III,2 BHK,1200.0,2.0,42.0
Hennur Bande,2 BHK,1100.0,2.0,78.0
Kaggadasapura,2 BHK,1140.0,2.0,46.0
Gottigere,2 BHK,1410.0,2.0,45.0
Mahadevpura,3 BHK,1434.0,2.0,67.39
"ravindra nagar, T.dasarahalli peenya",2 Bedroom,1180.0,2.0,74.0
Begur Road,2 BHK,1160.0,2.0,42.0
EPIP Zone,2 BHK,1343.0,2.0,86.0
LB Shastri Nagar,2 BHK,1184.0,2.0,69.0
Koramangala,3 BHK,2246.0,3.0,300.0
Rajankunte,3 Bedroom,4510.0,4.0,200.0
Banashankari Stage III,3 BHK,1305.0,2.0,59.0
Sarjapur  Road,4 BHK,3785.0,5.0,280.0
1st Block BEL Layout,3 BHK,1540.0,3.0,85.0
Kanakpura Road,3 BHK,1550.0,3.0,65.11
Yelahanka,3 BHK,1345.0,2.0,57.0
Electronic City Phase II,3 BHK,975.0,2.0,45.0
HSR Layout,2 BHK,1140.0,2.0,46.0
JP Nagar,2 BHK,1152.0,2.0,34.56
Old Airport Road,4 Bedroom,3200.0,4.0,700.0
Kodathi,3 BHK,1033.0,2.0,31.5
Richards Town,3 BHK,1800.0,3.0,230.0
Marathahalli,2 BHK,1102.0,2.0,53.67
Subramanyapura,3 BHK,1223.0,2.0,42.81
Kadugodi,3 BHK,1762.0,3.0,112.0
Kengeri Satellite Town,2 BHK,560.0,2.0,16.6
KR Puram,6 Bedroom,2000.0,6.0,85.0
Electronic City,3 BHK,1410.0,2.0,38.0
Thanisandra,3 BHK,1853.0,3.0,64.86
Kothanur,2 BHK,1455.0,2.0,69.0
Hebbal,2 BHK,1138.0,2.0,110.0
Sarjapur  Road,3 Bedroom,2556.0,3.0,169.0
TC Palaya,3 BHK,1200.0,2.0,66.5
Anantapura,2 BHK,1200.0,2.0,37.0
Anekal,2 Bedroom,1200.0,1.0,36.0
Whitefield,3 BHK,1870.0,3.0,138.0
Panathur,2 BHK,1199.0,2.0,86.0
Prakruthi Township,6 Bedroom,800.0,8.0,150.0
Doddakallasandra,3 BHK,1360.0,2.0,54.4
Babusapalaya,3 BHK,1230.0,3.0,53.0
Hosahalli Extension,3 BHK,2000.0,3.0,120.0
Kasturi Nagar,4 Bedroom,1200.0,4.0,250.0
Kundalahalli,2 BHK,1047.0,2.0,83.0
Electronic City Phase II,4 Bedroom,6000.0,4.0,260.0
Ramamurthy Nagar,2 Bedroom,1200.0,2.0,76.0
Kengeri,2 BHK,725.0,2.0,30.0
Jakkur,3 BHK,1645.0,3.0,100.0
Sultan Palaya,2 BHK,870.0,2.0,65.0
Marathahalli,2 BHK,1026.0,2.0,49.95
Bennigana Halli,3 BHK,2000.0,3.0,145.0
Cooke Town,2 BHK,1710.0,2.0,200.0
Hosur Road,3 BHK,1766.0,3.0,130.0
Makali,1 BHK,500.0,1.0,15.0
JP Nagar,2 BHK,1100.0,1.0,15.0
Jigani,3 BHK,1221.0,3.0,52.0
Rachenahalli,1 BHK,680.0,1.0,46.0
Sarjapur  Road,2 BHK,1278.0,2.0,90.0
Kodichikkanahalli,2 BHK,1025.0,2.0,66.0
Whitefield,2 BHK,1175.0,2.0,39.0
6th Phase JP Nagar,1 Bedroom,600.0,1.0,75.0
Seethappa Layout,2 BHK,850.0,2.0,42.0
Anjanapura,2 BHK,710.0,2.0,25.0
Huskur,2 BHK,1165.0,2.0,33.64
Sarjapur,1 BHK,625.0,1.0,19.0
Kaggadasapura,3 BHK,1340.0,3.0,66.0
Ananth Nagar,2 BHK,937.0,2.0,35.0
Lakkasandra,7 Bedroom,1500.0,6.0,210.0
JP Nagar,1 BHK,750.0,1.0,52.5
Shampura,3 BHK,1475.0,3.0,78.0
Singapura Village,4 Bedroom,2230.0,4.0,130.0
Jnanabharathi Layout,4 Bedroom,2200.0,5.0,100.0
Mysore Road,2 Bedroom,900.0,2.0,65.0
Electronic City Phase II,2 BHK,1116.0,2.0,37.0
Hoodi,2 BHK,948.0,2.0,75.0
R.T. Nagar,2 BHK,970.0,2.0,55.0
Akshayanagara East,3 BHK,1519.0,3.0,67.23
Thanisandra,3 BHK,1200.0,2.0,65.0
Bhoganhalli,3 BHK,1760.0,3.0,127.0
Whitefield,4 Bedroom,4400.0,5.0,525.0
Sahakara Nagar,3 BHK,1914.0,3.0,179.0
Budigere,3 BHK,1820.0,3.0,85.5
Budigere,3 BHK,1820.0,3.0,93.0
Kalena Agrahara,3 BHK,1565.0,3.0,78.0
Begur Road,2 BHK,1334.0,2.0,42.69
Sarakki Nagar,2 BHK,924.0,2.0,76.23
Jigani,2 BHK,914.0,2.0,49.0
Kengeri,1 BHK,500.0,1.0,17.0
Yelahanka,3 BHK,2145.0,3.0,125.0
Yelahanka,5 Bedroom,1200.0,5.0,162.0
Electronic City,3 BHK,1650.0,3.0,100.0
Marathahalli,4 BHK,3940.0,4.0,220.0
Electronic City,2 BHK,1020.0,2.0,29.45
Basaveshwara Nagar,2 BHK,1180.0,2.0,58.0
Ulsoor,2 BHK,1255.0,2.0,120.0
Langford Gardens,3 BHK,2777.29,5.0,650.0
Bommasandra,2 BHK,1014.0,2.0,35.0
Shampura,4 Bedroom,920.0,2.0,90.0
Attibele,2 BHK,695.0,1.0,25.0
Prithvi Layout,3 Bedroom,2273.0,4.0,220.0
GM Palaya,2 BHK,1140.0,2.0,48.95
Giri Nagar,6 Bedroom,3000.0,4.0,375.0
Whitefield,2 BHK,1180.0,2.0,41.0
Begur Road,4 BHK,2400.0,4.0,152.0
Attibele,2 BHK,850.0,1.0,25.0
Banashankari,2 BHK,1200.0,2.0,60.0
"Bellandur, ",4 BHK,3160.0,4.0,206.0
Hoodi,3 BHK,1769.0,3.0,96.87
Bhoganhalli,4 BHK,1554.3,4.0,131.0
Haralur Road,2 BHK,1243.0,2.0,46.0
2nd Block Jayanagar,4 Bedroom,4920.0,5.0,1150.0
Mallasandra,2 BHK,905.0,2.0,40.0
Kothanur,1 Bedroom,627.0,1.0,30.0
Domlur,3 BHK,2180.0,3.0,285.0
Frazer Town,3 BHK,2400.0,3.0,260.0
Marathahalli,3 BHK,1435.0,3.0,73.0
Jakkur,4 BHK,3405.1,6.0,400.0
Kodihalli,3 BHK,1620.0,3.0,130.0
Whitefield,3 BHK,1862.0,3.0,125.0
Kaikondrahalli,2 BHK,674.0,1.0,19.9
Marathahalli,2 BHK,1220.0,2.0,59.0
Haralur Road,2 BHK,1027.0,2.0,44.0
Electronic City,2 BHK,1025.0,2.0,49.0
Thanisandra,3 BHK,1430.0,2.0,54.5
Panathur,2 BHK,1235.0,2.0,65.0
Electronics City Phase 1,3 BHK,1291.0,2.0,32.0
Kanakpura Road,3 BHK,1498.0,3.0,95.0
Sarjapur  Road,3 BHK,2180.0,3.0,240.0
Electronic City,2 BHK,1000.0,2.0,29.7
Ejipura,2 Bedroom,922.0,2.0,70.0
Victoria Layout,2 BHK,850.0,2.0,72.0
New Thippasandra,3 Bedroom,750.0,3.0,155.0
AECS Layout,2 BHK,1123.0,2.0,64.0
Raja Rajeshwari Nagar,2 BHK,1235.0,2.0,75.0
Kogilu,2 BHK,1250.0,2.0,55.55
Whitefield,4 Bedroom,2403.0,5.0,360.0
Sarjapur  Road,2 BHK,984.0,2.0,45.91
Sarjapur  Road,2 BHK,1305.0,2.0,99.0
Attur Layout,2 Bedroom,1200.0,1.0,65.0
1st Block HRBR Layout,3 Bedroom,600.0,3.0,90.0
Hebbal,4 BHK,2790.0,5.0,204.0
Old Madras Road,4 BHK,2010.0,3.0,125.0
Electronics City Phase 1,2 BHK,995.0,2.0,42.0
Varthur Road,2 BHK,1277.0,2.0,59.0
7th Phase JP Nagar,2 BHK,1236.0,2.0,61.33
Akshaya Nagar,2 BHK,1265.0,2.0,67.0
Kanakpura Road,1 BHK,525.0,,27.0
Gubbalala,5 BHK,2570.0,4.0,141.0
Hennur Road,4 Bedroom,2400.0,5.0,390.0
Shikaripalya,3 BHK,1442.0,3.0,56.24
Ardendale,2 BHK,1224.0,2.0,70.0
Bellandur,2 BHK,1205.0,2.0,59.0
Richmond Town,2 BHK,1233.0,2.0,100.0
5th Block Hbr Layout,2 BHK,1312.0,2.0,69.0
Electronic City,3 BHK,1449.0,3.0,90.0
Yelenahalli,2 BHK,1090.0,2.0,54.0
Kaggadasapura,5 Bedroom,2100.0,5.0,150.0
Uttarahalli,3 BHK,1390.0,2.0,62.55
JP Nagar,2 BHK,1200.0,2.0,78.0
Mallasandra,4 Bedroom,600.0,2.0,50.0
BTM 2nd Stage,2 BHK,1000.0,2.0,58.0
Devanahalli,4 Bedroom,2400.0,5.0,190.0
Thanisandra,3 BHK,1732.0,3.0,85.73
Banashankari,2 BHK,1290.0,2.0,80.0
Marasandra,3 BHK,1840.0,3.0,85.0
Thanisandra,3 BHK,1917.0,4.0,100.0
Bhuvaneshwari Nagar,2 BHK,1100.0,2.0,57.0
Kudlu,3 BHK,1455.0,2.0,60.0
Old Airport Road,4 BHK,2774.0,4.0,208.0
Haralur Road,5 Bedroom,1200.0,5.0,255.0
 Devarachikkanahalli,3 BHK,1425.0,2.0,65.0
Whitefield,3 BHK,1655.0,3.0,113.0
Haralur Road,4 BHK,2805.0,5.0,160.0
R.T. Nagar,7 Bedroom,600.0,7.0,93.0
AGS Layout,2 BHK,1040.0,2.0,46.79
Akshaya Nagar,2 BHK,1126.0,2.0,55.0
Kodichikkanahalli,6 Bedroom,1600.0,4.0,200.0
Hebbal,2 BHK,1250.0,2.0,55.55
Yelahanka,4 Bedroom,1800.0,4.0,180.0
Kalkere Channasandra,2 Bedroom,1200.0,2.0,53.0
Ashirvad Colony,4 BHK,2050.0,3.0,100.0
Whitefield,1 BHK,530.0,1.0,29.44
Kambipura,2 BHK,883.0,2.0,37.0
Uttarahalli,3 BHK,1490.0,2.0,59.6
Ramagondanahalli,2 BHK,1295.0,2.0,95.0
Sompura,3 BHK,1275.0,3.0,59.0
Doddabanahalli,2 BHK,800.0,2.0,30.0
Devanahalli,1 BHK,1200.0,1.0,95.0
Bellandur,2 BHK,1063.0,2.0,58.0
Balagere,1 BHK,656.0,1.0,43.0
Shakthi Nagar,2 BHK,1125.0,2.0,36.0
Marathahalli,2 BHK,881.0,2.0,48.06
Nayandanahalli,9 Bedroom,1350.0,8.0,200.0
Bisuvanahalli,2 BHK,700.0,1.0,32.0
AGS Layout,3 Bedroom,1936.0,3.0,110.0
Hosa Road,3 BHK,1680.0,3.0,101.0
Rayasandra,2 BHK,1253.0,2.0,57.0
Rajaji Nagar,3 BHK,1640.0,3.0,230.0
Mysore Road,3 BHK,1082.0,3.0,50.0
Electronic City,2 BHK,1065.0,2.0,30.75
Iblur Village,3 BHK,2100.0,4.0,145.0
Electronic City,2 BHK,1070.0,2.0,58.0
Raja Rajeshwari Nagar,3 BHK,1280.0,3.0,57.6
6th block Koramangala,5 Bedroom,1200.0,5.0,300.0
Electronic City Phase II,2 BHK,1125.0,2.0,29.25
Sarjapur  Road,3 BHK,1755.0,3.0,122.0
Electronic City,2 BHK,1210.0,2.0,54.0
Talaghattapura,2 BHK,951.0,2.0,30.43
Electronic City,3 BHK,1500.0,2.0,75.0
Coffee Board Layout,3 BHK,1652.5,3.0,90.0
Yeshwanthpur,3 BHK,1381.0,2.0,76.18
Whitefield,2 BHK,1085.0,2.0,57.0
Whitefield,1 BHK,905.0,1.0,50.0
Hennur Road,3 BHK,1685.0,3.0,95.0
Somasundara Palya,2 BHK,1200.0,2.0,75.0
Anandapura,2 BHK,1151.0,2.0,42.9
Brookefield,4 Bedroom,3532.0,3.0,170.0
Kanakpura Road,3 BHK,1665.0,3.0,86.91
Kengeri Satellite Town,2 BHK,800.0,2.0,40.0
Chamrajpet,2 Bedroom,1050.0,2.0,162.0
Rajiv Nagar,2 BHK,1030.0,2.0,46.5
Hoodi,2 BHK,1257.0,2.0,71.03
Whitefield,3 BHK,1600.0,3.0,82.0
Choodasandra,3 BHK,1465.0,3.0,75.0
Jakkur,3 BHK,1650.0,3.0,111.0
Haralur Road,2 BHK,1243.0,2.0,46.0
Yelahanka New Town,2 Bedroom,680.0,1.0,80.0
Whitefield,4 Bedroom,1230.0,4.0,80.0
Koramangala,2 BHK,1300.0,2.0,82.0
KR Puram,2 BHK,1000.0,2.0,44.5
Mahadevpura,2 BHK,1146.0,2.0,53.8
Hennagara,6 BHK,1200.0,6.0,120.0
Indira Nagar,3 BHK,2601.0,4.0,312.0
Vishwanatha Nagenahalli,3 BHK,2159.0,3.0,110.0
Whitefield,2 BHK,1255.0,2.0,40.0
Hebbal Kempapura,2 BHK,1130.0,2.0,60.0
Padmanabhanagar,2 BHK,1200.0,2.0,60.0
Sarjapur  Road,2 BHK,1040.0,2.0,37.0
TC Palaya,8 Bedroom,1500.0,8.0,150.0
Byrathi Village,4 Bedroom,906.0,3.0,55.0
Uttarahalli,2 BHK,1180.0,2.0,41.3
Ullal Uppanagar,7 Bedroom,1200.0,7.0,169.0
Govindpura,6 Bedroom,850.0,7.0,100.0
KR Puram,2 BHK,1200.0,2.0,47.0
Sarjapur  Road,3 BHK,1374.0,3.0,51.0
Vidyaranyapura,9 BHK,4700.0,10.0,130.0
 south,3 Bedroom,2400.0,2.0,480.0
Haralur Road,2 BHK,1027.0,2.0,44.0
Ittamadu,5 Bedroom,1200.0,4.0,130.0
Jalahalli,3 BHK,2384.0,4.0,165.0
Electronic City,3 BHK,1033.0,2.0,28.41
Yelahanka,2 BHK,1200.0,2.0,54.0
Haralur Road,3 BHK,2017.0,3.0,105.0
Rainbow Drive,3 Bedroom,1500.0,3.0,138.0
Kamala Nagar,2 BHK,700.0,2.0,43.0
Shampura,6 Bedroom,1150.0,6.0,75.0
Kanakpura Road,3 BHK,1495.0,2.0,52.33
Kothanur,2 BHK,1302.0,2.0,68.5
Whitefield,1 BHK,905.0,1.0,52.0
Raja Rajeshwari Nagar,2 BHK,1303.0,2.0,55.79
Electronics City Phase 1,3 BHK,1350.0,3.0,71.0
Gottigere,3 BHK,1380.0,2.0,95.0
Harlur,3 BHK,1620.0,3.0,110.0
Chandapura,4 Bedroom,4800.0,4.0,250.0
Sarjapur  Road,2 BHK,1000.0,2.0,38.5
Ramamurthy Nagar,3 Bedroom,800.0,4.0,88.0
Thanisandra,2 BHK,1250.0,1.0,54.0
3rd Block Koramangala,3 BHK,1750.0,3.0,170.0
Anekal,3 BHK,997.0,3.0,55.0
Kothanur,3 BHK,1760.0,3.0,111.0
Yelahanka,2 BHK,1322.0,2.0,75.0
Kanaka Nagar,3 Bedroom,1365.0,3.0,99.0
Sahakara Nagar,3 BHK,1500.0,3.0,125.0
Kaggadasapura,3 BHK,1256.0,2.0,50.0
Brookefield,2 BHK,941.0,2.0,48.0
Devanahalli,4 Bedroom,5000.0,4.0,465.0
Kanakpura Road,3 BHK,1665.0,3.0,86.58
Hennur Road,2 BHK,1414.0,2.0,84.18
Chikkalasandra,3 BHK,1270.0,2.0,55.25
Madiwala,3 Bedroom,800.0,2.0,80.0
Kengeri Satellite Town,4 Bedroom,4100.0,3.0,300.0
Mathikere,6 Bedroom,1800.0,3.0,105.0
Pattanagere,2 BHK,850.0,2.0,35.0
Kanakpura Road,1 BHK,712.0,1.0,38.44
Basaveshwara Nagar Yelahanka,3 Bedroom,900.0,4.0,180.0
TC Palaya,2 Bedroom,900.0,2.0,55.0
Hebbal,2 BHK,1200.0,2.0,49.0
Kengeri Satellite Town,1 BHK,654.0,1.0,22.0
Peenya,2 BHK,708.0,1.0,55.0
Singapura Village,4 Bedroom,600.0,5.0,75.0
Wilson Garden,3 BHK,1680.0,3.0,135.0
Jakkasandra Extension,2 BHK,990.0,2.0,58.0
Uttarahalli,2 BHK,1380.0,2.0,42.0
Hebbal,2 BHK,1088.0,2.0,62.0
Harlur,3 BHK,1414.0,3.0,77.5
Seshadripuram,2 BHK,1240.0,2.0,100.0
Ganesha Block,3 BHK,1810.0,3.0,118.0
4th Block Jayanagar,3 BHK,2005.0,3.0,240.0
Kothanur,2 BHK,1185.0,2.0,58.0
Whitefield,3 Bedroom,1200.0,3.0,57.15
Electronic City,2 BHK,1070.0,2.0,52.0
Shikaripalya,2 BHK,1265.0,2.0,58.0
Sahakara Nagar,2 BHK,1100.0,2.0,55.0
Friends Colony,2 BHK,1035.0,2.0,44.0
2nd Block Jayanagar,2 BHK,1000.0,2.0,97.0
Hegde Nagar,2 BHK,1179.0,2.0,49.35
Vittasandra,3 BHK,1650.0,3.0,84.0
Malur Hosur Road,6 Bedroom,2800.0,4.0,100.0
Lakshmipura Vidyaanyapura,8 Bedroom,3500.0,6.0,120.0
Nagaraja Garden,3 BHK,1430.0,3.0,78.65
Marathahalli,3 BHK,1130.0,2.0,58.0
JP Nagar,3 BHK,1850.0,2.0,110.0
Hennur,3 BHK,1340.0,3.0,54.24
Nagawara Junction,2 Bedroom,600.0,2.0,30.0
Banashankari,3 BHK,2582.0,5.0,250.0
Channasandra,2 BHK,1160.0,2.0,55.0
Hegganahalli,1 Bedroom,1200.0,2.0,45.0
Rajanna Layout,2 BHK,1116.0,2.0,37.6
Nagarbhavi  BDA Complex,3 Bedroom,600.0,2.0,85.0
Sarakki Nagar,3 BHK,2663.0,4.0,338.0
Devasthanagalu,2 BHK,1090.0,2.0,45.0
JP Nagar,2 BHK,1100.0,2.0,45.0
Kammasandra,3 BHK,1365.0,2.0,34.13
Vijayanagar,3 BHK,1484.0,3.0,79.19
Green Glen Layout,3 BHK,1630.0,3.0,68.0
Whitefield,3 BHK,1451.0,2.0,52.43
Kanakpura Road,2 BHK,1330.0,2.0,107.0
Thanisandra,3 BHK,2127.0,3.0,135.0
Adityanagar,5 Bedroom,875.0,5.0,120.0
Hallehalli,4 Bedroom,1260.0,4.0,65.0
Sarjapur  Road,3 BHK,1173.0,2.0,45.75
Electronics City Phase 1,3 BHK,1445.0,2.0,56.0
Jayamahal Extension,4 BHK,2250.0,4.0,400.0
Bannerghatta Road,3 Bedroom,1500.0,4.0,239.0
JP Nagar,2 BHK,1197.0,2.0,47.88
2nd Stage Nagarbhavi,4 Bedroom,1200.0,4.0,225.0
Sarjapur  Road,5 BHK,3930.0,7.0,329.0
Kanakpura Road,3 BHK,1450.0,3.0,62.4
Whitefield,2 BHK,1187.0,2.0,37.85
Wilson Garden,6 Bedroom,4000.0,6.0,850.0
Channasandra,2 BHK,1050.0,2.0,41.0
Panathur,3 BHK,1370.0,2.0,54.8
Yelahanka,2 BHK,1036.0,2.0,39.37
JP Nagar,3 BHK,1275.0,3.0,41.2
Old Madras Road,4 BHK,2010.0,3.0,115.0
Thigalarapalya,2 BHK,1418.0,2.0,106.0
Thanisandra,2 BHK,1265.0,2.0,46.6
Anandapura,3 BHK,1576.0,3.0,58.0
Dodda Nekkundi,2 BHK,1148.0,2.0,56.0
Green View Layout,2 BHK,1000.0,2.0,36.0
Kudlu,3 BHK,1293.0,2.0,85.0
TC Palaya,3 Bedroom,1200.0,2.0,66.0
Munnekollal,2 BHK,1210.0,2.0,75.0
HSR Layout,2 BHK,1126.0,2.0,69.0
Sarakki Nagar,3 BHK,1840.0,4.0,175.0
Vidyaranyapura,3 BHK,1440.0,2.0,70.0
Ramamurthy Nagar,3 BHK,1300.0,2.0,52.0
Thanisandra,2 BHK,1276.0,2.0,75.0
Gidada Konnenahalli,6 Bedroom,600.0,4.0,105.0
Whitefield,2 BHK,1216.0,2.0,83.0
Marenahalli,1 BHK,840.0,1.0,75.0
Sector 1 HSR Layout,5 Bedroom,1240.0,5.0,300.0
Sompura,2 BHK,1126.0,2.0,39.0
Mysore Road,1 Bedroom,45.0,1.0,23.0
Raja Rajeshwari Nagar,2 BHK,1162.0,2.0,65.0
Whitefield,2 BHK,1301.0,2.0,65.0
Devanahalli,1 BHK,658.0,1.0,34.0
Sahakara Nagar,3 Bedroom,1350.0,3.0,250.0
Whitefield,3 BHK,2500.0,3.0,280.0
Chandapura,3 BHK,1208.51,3.0,42.0
Raja Rajeshwari Nagar,2 BHK,1133.0,2.0,38.41
Shettigere,3 BHK,1760.0,2.0,116.0
Bisuvanahalli,3 BHK,1075.0,2.0,52.0
Sarjapur,2 BHK,940.0,2.0,25.38
Badavala Nagar,2 BHK,1145.0,2.0,57.0
Rahat Bagh,4 Bedroom,3900.0,5.0,550.0
Dasarahalli,2 BHK,1300.0,2.0,50.0
Malleshwaram,3 BHK,2475.0,4.0,326.0
6th Phase JP Nagar,3 BHK,2040.0,3.0,200.0
Hosakerehalli,1 Bedroom,1200.0,1.0,150.0
Jigani,4 Bedroom,2420.0,4.0,190.0
Thubarahalli,2 BHK,1216.0,2.0,80.0
Tumkur Road,3 BHK,1459.0,2.0,110.0
Jakkur,3 BHK,1622.0,2.0,80.0
Kanakpura Road,3 BHK,1843.0,3.0,85.0
Badavala Nagar,2 BHK,1274.0,2.0,81.0
Chikkasandra,2 Bedroom,600.0,1.0,52.0
Malleshpalya,3 BHK,1430.0,2.0,69.5
Kammanahalli,4 Bedroom,1800.0,2.0,280.0
Begur Road,3 BHK,1565.0,2.0,57.91
 Devarabeesana Halli,3 BHK,1670.0,3.0,160.0
Lakshminarayana Pura,3 BHK,1695.0,3.0,150.0
Akshayanagara West,2 BHK,1410.0,2.0,75.0
Kengeri Satellite Town,2 BHK,1060.0,2.0,42.0
Sarjapur  Road,2 BHK,1120.0,2.0,50.0
Hosa Road,2 Bedroom,880.0,2.0,50.0
Jalahalli,2 BHK,1083.0,2.0,32.49
Dodda Nekkundi,3 BHK,1435.0,3.0,57.2
Doddakallasandra,3 BHK,1425.0,2.0,56.99
Arekere,2 BHK,900.0,2.0,50.0
Escorts Colony,5 BHK,2400.0,5.0,93.0
Thanisandra,1 BHK,693.0,1.0,34.3
Kengeri,3 Bedroom,600.0,3.0,90.0
Electronic City,4 BHK,2435.0,4.0,119.0
Iblur Village,3 BHK,1920.0,3.0,150.0
Electronic City,1 BHK,630.0,1.0,47.0
Bisuvanahalli,3 BHK,1075.0,2.0,50.0
Hulimavu,5 Bedroom,1200.0,5.0,101.0
Nagavarapalya,1 BHK,705.0,1.0,55.0
Srinivasa Nagar,3 BHK,1200.0,2.0,75.6
Mahadevpura,2 BHK,1532.0,2.0,62.0
Rajiv Nagar,2 BHK,1330.0,2.0,93.0
3rd Block Hrbr Layout,4 Bedroom,1200.0,3.0,210.0
Sarjapur  Road,3 BHK,1530.0,2.0,60.0
Kasavanhalli,2 BHK,1105.0,2.0,42.0
1st Phase JP Nagar,2 Bedroom,1566.0,2.0,180.0
Harlur,3 BHK,1630.0,3.0,95.1
5th Phase JP Nagar,2 BHK,1256.0,2.0,62.8
Banashankari,6 BHK,1200.0,6.0,180.0
Brookefield,3 BHK,1595.0,2.0,75.0
7th Phase JP Nagar,2 BHK,1000.0,2.0,53.0
Poorna Pragna Layout,3 BHK,1475.0,2.0,58.99
"asha township, off hennur road",5 Bedroom,2400.0,5.0,285.0
Electronic City Phase II,2 BHK,1000.0,2.0,28.88
1A Block Koramangala,4 Bedroom,2360.0,4.0,650.0
Uttarahalli,3 BHK,1737.0,2.0,95.0
Electronic City Phase II,2 BHK,1000.0,2.0,28.88
Near International Airport,4 BHK,2100.0,4.0,150.0
Hosakerehalli,8 Bedroom,3600.0,6.0,145.0
Mysore Road,2 BHK,883.0,2.0,50.0
Haralur Road,2 BHK,1243.0,2.0,46.0
BTM Layout,3 BHK,1776.0,2.0,75.0
Anjanapura,3 BHK,1347.0,2.0,37.72
Whitefield,3 BHK,1330.0,2.0,55.0
Sector 1 HSR Layout,2 Bedroom,600.0,2.0,120.0
Rajaji Nagar,4 BHK,3730.0,4.0,370.0
Harlur,3 BHK,1459.0,3.0,135.0
Thanisandra,4 BHK,2259.0,5.0,135.0
JP Nagar,7 Bedroom,2700.0,4.0,160.0
Gubbalala,2 BHK,1008.0,2.0,32.25
NTI Layout,2 BHK,1200.0,2.0,52.5
Vasanth nagar,4 BHK,2328.0,4.0,528.0
BTM 1st Stage,7 Bedroom,600.0,7.0,110.0
Electronic City,2 BHK,660.0,1.0,15.5
Rajaji Nagar,3 BHK,1800.0,2.0,250.0
Rajaji Nagar,4 BHK,3100.0,4.0,550.0
Yelahanka,1 BHK,602.0,1.0,26.0
Marathahalli,3 BHK,1710.0,3.0,100.0
JP Nagar,3 BHK,1500.0,2.0,82.0
Glass Factory Layout,3 BHK,1539.0,3.0,60.0
Fraser town,6 Bedroom,806.0,3.0,128.0
Judicial Layout,3 BHK,1100.0,2.0,53.0
Raja Rajeshwari Nagar,2 BHK,1151.0,2.0,49.0
Dasappa Layout,2 BHK,920.0,2.0,46.0
Kathriguppe,3 BHK,1350.0,3.0,78.3
Bannerghatta Road,2 BHK,1200.0,2.0,65.0
Thanisandra,2 BHK,1265.0,2.0,78.0
Chelekare,8 Bedroom,600.0,6.0,60.0
Sarjapur  Road,3 BHK,1700.0,3.0,93.5
Ramamurthy Nagar,3 Bedroom,1600.0,3.0,75.0
4th T block Jayanagar,4 Bedroom,1550.0,4.0,120.0
R.T. Nagar,3 BHK,1560.0,3.0,125.0
Horamavu Agara,6 Bedroom,1000.0,5.0,98.0
Haralur Road,2 BHK,1243.0,2.0,46.0
Raja Rajeshwari Nagar,4 Bedroom,1200.0,4.0,160.0
Sarjapur  Road,3 BHK,1403.0,3.0,56.0
Doddakallasandra,2 BHK,1010.0,2.0,40.39
Tumkur Road,3 BHK,1416.0,3.0,94.0
Kanakpura Road,2 BHK,1628.0,2.0,68.0
Chamrajpet,4 Bedroom,1660.4,4.0,211.0
7th Phase JP Nagar,3 BHK,1680.0,3.0,125.0
Doddathoguru,3 BHK,1595.0,3.0,62.0
Kanakpura Road,3 BHK,1507.0,2.0,95.0
Frazer Town,3 BHK,2560.0,3.0,288.0
Hennur Road,3 BHK,1949.0,3.0,133.0
BTM 2nd Stage,2 Bedroom,800.0,2.0,175.0
Electronic City Phase II,2 BHK,1000.0,2.0,28.88
Sonam Layout,2 BHK,905.0,2.0,50.0
Hosakerehalli,3 BHK,2480.0,3.0,245.0
CR Layout,3 BHK,1495.0,3.0,200.0
Kaikondrahalli,3 BHK,1605.0,3.0,105.0
Bommanahalli,2 BHK,1290.0,2.0,73.0
Yelahanka,2 BHK,1100.0,2.0,60.0
Vishveshwarya Layout,6 BHK,2100.0,6.0,92.0
Electronics City Phase 1,2 BHK,995.0,2.0,49.8
Banashankari Stage II,2 Bedroom,500.0,2.0,55.0
Rajaji Nagar,4 BHK,3526.0,4.0,598.0
Gottigere,3 BHK,1425.0,2.0,47.0
BTM 4th Stage,3 BHK,1455.0,2.0,55.0
Jalahalli West,1 BHK,550.0,1.0,23.0
Uttarahalli,3 BHK,1385.0,2.0,48.48
Vishveshwarya Layout,4 Bedroom,7000.0,4.0,210.0
Srinivasa Nagar,5 BHK,4000.0,3.0,130.0
Gollahalli,2 BHK,1060.0,2.0,53.0
AGS Layout,3 BHK,1080.0,2.0,75.0
HBR Layout,3 BHK,1783.0,3.0,125.0
Haralur Road,3 BHK,1520.0,2.0,90.0
Sarjapur  Road,2 BHK,1060.0,2.0,55.0
Raja Rajeshwari Nagar,2 BHK,1267.0,2.0,54.35
Whitefield,2 BHK,1155.0,2.0,55.0
Karuna Nagar,3 Bedroom,2500.0,3.0,180.0
Bannerghatta Road,2 BHK,1240.0,2.0,65.0
Gollahalli,3 BHK,1570.0,3.0,78.0
NGR Layout,2 BHK,1019.0,2.0,45.9
Whitefield,2 BHK,1355.0,3.0,76.0
Arekempanahalli,3 BHK,1537.0,3.0,110.0
Whitefield,4 BHK,4075.0,5.0,226.0
Raja Rajeshwari Nagar,3 BHK,1550.0,3.0,52.45
Raja Rajeshwari Nagar,2 BHK,1100.0,2.0,50.0
 Devarabeesana Halli,3 BHK,1750.0,3.0,150.0
9th Phase JP Nagar,2 BHK,1466.0,2.0,71.0
Rachenahalli,3 BHK,1550.0,3.0,72.5
Akshaya Nagar,3 BHK,2300.0,4.0,102.0
Kengeri,1 BHK,540.0,1.0,22.5
8th Phase JP Nagar,3 Bedroom,950.0,3.0,130.0
Chamundi Nagar,7 Bedroom,2800.0,7.0,250.0
Silk Board,2 BHK,1020.0,2.0,48.0
Cunningham Road,3 BHK,2880.0,3.0,501.0
Hebbal,3 BHK,1987.0,4.0,165.0
Hoodi,2 BHK,1305.0,2.0,75.0
Sarjapur,4 Bedroom,2100.0,3.0,125.0
Electronic City,2 BHK,1125.0,2.0,32.5
Horamavu Banaswadi,2 BHK,1225.0,2.0,49.5
Hennur,2 BHK,1255.0,2.0,55.5
MRCR Layout,2 BHK,1191.0,2.0,90.0
Uttarahalli,6 Bedroom,3600.0,6.0,303.0
Electronic City,2 BHK,1165.0,2.0,33.64
Kacharakanahalli,2 BHK,865.0,2.0,35.11
Nagarbhavi,3 BHK,1850.0,2.0,88.0
Marsur,2 BHK,497.0,1.0,17.0
Hennur Road,2 BHK,1232.0,2.0,89.0
Thanisandra,3 BHK,1732.0,3.0,85.73
Yelahanka,3 BHK,1614.0,2.0,100.0
Magadi Road,2 BHK,600.0,1.0,22.0
Thigalarapalya,3 BHK,2072.0,4.0,155.0
Electronic City,2 BHK,919.0,2.0,34.0
Shettihalli,4 Bedroom,2100.0,4.0,90.0
Shampura,4 BHK,672.0,3.0,54.0
J C Nagar,8 BHK,800.0,6.0,110.0
Marsur,3 Bedroom,1200.0,3.0,150.0
OLd Gurappanapalya,4 BHK,2849.0,5.0,250.0
Doctors Layout,2 BHK,1000.0,2.0,42.0
Whitefield,2 BHK,1216.0,2.0,75.0
Lingadheeranahalli,4 BHK,2245.0,4.0,154.0
Bannerghatta Road,3 BHK,1476.0,3.0,125.0
Ambedkar Nagar,3 BHK,1852.0,3.0,130.0
Udaya Nagar,2 BHK,1225.0,2.0,47.0
Panathur,3 BHK,1597.0,3.0,67.12
Jakkur,3 BHK,2423.0,4.0,160.0
Marathahalli,2 BHK,1152.0,2.0,90.0
Harlur,3 BHK,1762.0,3.0,133.0
Kammasandra,3 Bedroom,1400.0,3.0,92.0
Rachenahalli,3 BHK,1530.0,2.0,74.4
New Thippasandra,6 Bedroom,2400.0,6.0,400.0
Raja Rajeshwari Nagar,2 BHK,1185.0,2.0,40.17
Yelahanka,3 BHK,1890.0,3.0,108.0
Varthur Road,3 BHK,1247.0,2.0,58.0
1st Block Jayanagar,8 Bedroom,700.0,4.0,104.0
HRBR Layout,6 Bedroom,1000.0,6.0,275.0
Bellandur,2 BHK,1201.0,2.0,59.99
Gunjur Palya,2 BHK,830.0,2.0,40.0
Electronic City Phase II,2 BHK,1165.0,2.0,30.29
Bommanahalli,2 BHK,1100.0,1.0,55.0
9th Phase JP Nagar,3 BHK,1890.0,2.0,93.0
Maithri Layout,3 BHK,1685.0,3.0,60.0
Sarakki Nagar,4 BHK,3131.0,4.0,349.0
Battarahalli,2 BHK,1165.0,2.0,43.0
Kachanayakanahalli,2 BHK,827.0,2.0,45.0
Gangondanahalli,3 Bedroom,396.0,2.0,48.0
Uttarahalli,4 Bedroom,1200.0,4.0,179.0
Electronics City Phase 1,1 BHK,635.0,1.0,26.0
Whitefield,4 Bedroom,4000.0,4.0,380.0
Vishwanatha Nagenahalli,2 BHK,1050.0,2.0,50.0
D Group Employees Layout,5 Bedroom,600.0,4.0,76.0
Jakkur,3 BHK,1819.18,3.0,168.0
Kanakapura,3 Bedroom,1500.0,3.0,125.0
Yelenahalli,3 BHK,1500.0,2.0,57.0
Benson Town,3 BHK,2850.0,4.0,470.0
Raja Rajeshwari Nagar,3 BHK,1751.0,3.0,72.0
Vasanth nagar,4 BHK,4750.0,6.0,1102.0
Bommasandra,2 BHK,1020.0,2.0,40.89
Thanisandra,2 BHK,1148.0,2.0,43.5
Talaghattapura,3 BHK,1856.0,3.0,135.0
Basavangudi,6 Bedroom,1754.0,6.0,650.0
2nd Block Hrbr Layout,3 Bedroom,4273.0,3.0,1100.0
B Narayanapura,2 BHK,1060.0,2.0,49.27
Haralur Road,2 BHK,1300.0,2.0,60.0
Hormavu,4 Bedroom,3000.0,4.0,100.0
Bellandur,2 BHK,1325.0,2.0,65.0
Sai Gardens,2 BHK,1261.0,2.0,61.0
Manayata Tech Park,2 BHK,1100.0,2.0,46.0
Ramamurthy Nagar,2 BHK,700.0,2.0,33.0
7th Phase JP Nagar,3 BHK,1675.0,2.0,135.0
Ullal Road,4 Bedroom,3400.0,4.0,190.0
Kodihalli,4 BHK,3260.0,5.0,388.0
Doddakammanahalli,2 BHK,1180.0,2.0,56.0
Uttarahalli,2 BHK,1160.0,2.0,45.0
Kasavanhalli,4 BHK,1863.0,3.0,105.0
Sahakara Nagar,3 BHK,1914.0,3.0,149.0
BTM Layout,3 BHK,1458.0,3.0,79.0
Thirumenahalli,5 Bedroom,1200.0,4.0,115.0
Babusapalaya,2 BHK,1105.0,2.0,40.0
Hulimavu,3 BHK,3035.0,5.0,220.0
Bannerghatta Road,6 Bedroom,1200.0,6.0,160.0
Akshaya Nagar,3 BHK,1662.0,3.0,90.0
Yelahanka,3 BHK,1556.0,3.0,86.0
Jigani,2 BHK,918.0,2.0,50.0
Sarjapur  Road,3 BHK,1455.0,2.0,98.0
Jakkasandra Extension,2 BHK,1205.0,2.0,70.0
BEML Layout,2 BHK,1194.0,2.0,65.0
Laggere,2 Bedroom,1200.0,2.0,75.0
Bannerghatta Road,3 BHK,1100.0,2.0,52.0
Sarjapur  Road,3 BHK,1405.0,3.0,48.87
Subramanyapura,2 BHK,929.0,2.0,56.0
Frazer Town,4 BHK,3436.0,5.0,341.0
7th Phase JP Nagar,2 BHK,1035.0,2.0,39.33
8th Phase JP Nagar,4 BHK,2100.0,4.0,92.0
Channasandra,2 BHK,1065.0,2.0,40.47
Kengeri,6 Bedroom,1500.0,6.0,150.0
Hullahalli,5 Bedroom,1200.0,5.0,99.0
Hormavu,2 BHK,1093.0,2.0,32.78
Anandapura,2 BHK,1250.0,2.0,45.0
Marathahalli,3 BHK,1680.0,3.0,105.0
Nagarbhavi,2 BHK,1146.0,2.0,50.0
Jagajyothi layout,2 BHK,1250.0,2.0,58.0
Ramagondanahalli,3 BHK,1451.0,3.0,60.44
Nobo Nagar,3 BHK,1424.0,2.0,55.0
Gottigere,3 BHK,1435.0,2.0,62.0
Devanahalli,1 BHK,658.0,1.0,26.91
Bommanahalli,3 BHK,1300.0,3.0,45.0
Whitefield,2 BHK,1242.0,2.0,65.0
Marathahalli,3 BHK,1910.0,3.0,119.0
Yelahanka,3 BHK,1610.0,4.0,85.0
Hulimavu,2 BHK,1127.0,2.0,65.0
Yelahanka,3 BHK,1075.0,2.0,42.0
Mysore Road,2 BHK,1155.0,2.0,51.0
Lakkasandra Extension,5 Bedroom,1280.0,3.0,250.0
Krishna Reddy Layout,3 BHK,1250.0,3.0,55.0
Kuvempu Layout,3 Bedroom,2200.0,4.0,160.0
Billekahalli,3 Bedroom,2400.0,3.0,150.0
Chandapura,2 BHK,876.0,2.0,29.5
Nagarbhavi,3 BHK,1850.0,2.0,89.0
Kadugodi,2 BHK,1314.0,2.0,83.0
Rachenahalli,1 BHK,690.0,1.0,39.8
Srirampura,2 BHK,1230.0,2.0,55.0
Bommasandra,2 BHK,920.0,2.0,37.2
Sarjapur  Road,3 BHK,1850.0,3.0,140.0
Electronic City,2 BHK,1073.0,2.0,60.0
Maithri Layout,3 BHK,1540.0,3.0,76.0
Kanakpura Road,3 BHK,1550.0,3.0,63.5
Kalyan nagar,2 BHK,1198.0,2.0,65.0
HBR Layout,3 BHK,1656.0,3.0,90.0
Kaveri Nagar,3 BHK,1900.0,3.0,155.0
Ramagondanahalli,3 BHK,1910.0,3.0,142.0
Mysore Road,2 BHK,1003.0,2.0,43.0
Whitefield,3 BHK,1495.0,2.0,67.0
Thanisandra,3 BHK,2172.0,3.0,76.02
Sarakki Nagar,4 Bedroom,2400.0,4.0,358.0
T G extension,2 Bedroom,1200.0,1.0,95.0
Whitefield,3 BHK,1548.0,3.0,65.0
2nd Block Koramangala,7 Bedroom,5400.0,5.0,972.0
Hosur Road,3 BHK,1689.0,3.0,103.0
Electronic City Phase II,2 BHK,1031.0,2.0,53.0
Bhoganhalli,4 BHK,2119.0,4.0,111.0
Whitefield,2 Bedroom,1200.0,2.0,46.13
JCR Layout,2 BHK,1060.0,2.0,37.0
Devi Nagar,2 BHK,1100.0,2.0,61.0
GKW Layout,4 Bedroom,1350.0,4.0,225.0
Gandhi Nagar,5 Bedroom,1050.0,4.0,80.0
Hennur Road,3 BHK,1250.0,2.0,77.88
8th Block Jayanagar,2 BHK,1100.0,2.0,110.0
Whitefield,2 Bedroom,1200.0,2.0,46.13
Seegehalli,3 BHK,1420.0,2.0,46.0
Electronic City,3 BHK,1500.0,2.0,78.0
OLd Gurappanapalya,3 BHK,1942.0,3.0,155.0
Haralur Road,3 BHK,1985.0,3.0,130.0
Sarjapur  Road,1 BHK,950.0,1.0,39.9
AMS Layout,3 Bedroom,1200.0,4.0,80.0
Green Glen Layout,3 BHK,1752.0,3.0,105.0
Abbigere,4 Bedroom,1200.0,3.0,120.0
Mahalakshmi Layout,5 Bedroom,1200.0,5.0,200.0
Old Madras Road,3 BHK,1480.0,2.0,84.0
Jnana Ganga Nagar,3 Bedroom,600.0,4.0,81.0
Sarjapur  Road,3 BHK,1826.0,3.0,130.0
8th Phase JP Nagar,2 BHK,1035.0,2.0,39.33
Sarjapur  Road,4 Bedroom,2600.0,4.0,98.0
Kasavanhalli,3 BHK,1667.0,3.0,92.0
Thanisandra,2 BHK,934.0,2.0,55.0
Mahadevpura,3 BHK,1620.0,2.0,76.0
Electronic City,2 BHK,1070.0,2.0,47.0
Hosur Road,5 Bedroom,3600.0,5.0,180.0
Uttarahalli,3 BHK,1280.0,2.0,60.0
rr nagar,2 BHK,1400.0,2.0,60.0
Vishveshwarya Layout,7 Bedroom,1200.0,8.0,180.0
"Varthur Road, ",2 BHK,1330.0,2.0,64.0
Balagere,2 BHK,1012.0,2.0,54.59
Electronic City Phase II,3 BHK,1611.0,2.0,48.33
Whitefield,3 BHK,1405.0,3.0,58.0
VGP Layout,3 BHK,1515.0,3.0,90.0
Thigalarapalya,3 BHK,1830.0,4.0,150.0
Kaggadasapura,3 BHK,1710.0,3.0,60.0
BTM Layout,2 BHK,935.0,2.0,51.5
Jakkur,3 BHK,2197.0,3.0,136.0
TC Palaya,4 Bedroom,600.0,4.0,65.0
Yeshwanthpur,3 BHK,1678.0,3.0,92.13
Brookefield,3 BHK,1410.0,2.0,80.0
Jakkur,2 BHK,1125.0,2.0,65.0
Magadi Road,3 BHK,1191.0,2.0,55.38
Thubarahalli,2 BHK,1200.0,2.0,79.0
CV Raman Nagar,3 BHK,1525.0,2.0,67.0
KUDLU MAIN ROAD,3 BHK,1464.0,3.0,56.0
Seegehalli,2 BHK,920.0,2.0,27.0
Yelahanka,1 BHK,651.0,1.0,17.5
Chikkabanavar,2 BHK,600.0,1.0,25.0
Chandapura,1 BHK,645.0,1.0,16.45
Thanisandra,2 BHK,1185.0,2.0,44.0
Electronics City Phase 1,2 BHK,1190.0,2.0,68.0
Whitefield,2 BHK,1355.0,2.0,73.0
KR Puram,2 Bedroom,1200.0,1.0,65.0
Kundalahalli,4 Bedroom,7000.0,4.0,550.0
Ramamurthy Nagar,6 Bedroom,1200.0,4.0,110.0
Yelahanka New Town,1 BHK,500.0,2.0,24.0
Bommasandra Industrial Area,3 BHK,1250.0,3.0,50.0
Uttarahalli,3 BHK,1480.0,2.0,58.0
Ambalipura,4 BHK,3300.0,4.0,329.0
Green Woods Layout,2 BHK,1206.0,2.0,53.0
Rajaji Nagar,2 BHK,1357.0,2.0,130.0
Hosakerehalli,2 BHK,925.0,2.0,46.5
8th Phase JP Nagar,2 BHK,909.0,2.0,40.9
Seegehalli,3 Bedroom,3000.0,5.0,335.0
Brookefield,2 BHK,1100.0,2.0,55.0
Malleshwaram,4 Bedroom,3000.0,5.0,815.0
Vidyaranyapura,2 BHK,1100.0,2.0,54.0
Subramanyapura,2 BHK,975.0,2.0,65.0
Raja Rajeshwari Nagar,2 BHK,1306.0,2.0,44.17
Roopena Agrahara,4 Bedroom,1200.0,4.0,95.0
Kalena Agrahara,1 BHK,610.0,1.0,39.0
Yelahanka,3 BHK,1484.0,2.0,56.4
Ramamurthy Nagar,2 BHK,1125.0,2.0,47.0
Bhoganhalli,2 BHK,1447.0,2.0,75.97
Whitefield,4 BHK,2882.0,5.0,158.0
Vidyaranyapura,4 Bedroom,750.0,4.0,88.0
Kundalahalli,3 BHK,2075.0,3.0,115.0
Stage-4 Bommanahalli,2 BHK,1250.0,2.0,58.0
Horamavu Banaswadi,2 BHK,1272.0,2.0,51.5
Banashankari Stage II,4 Bedroom,1050.0,3.0,125.0
Venkateshpuram,2 BHK,625.0,2.0,24.0
1st Phase JP Nagar,1 BHK,840.0,2.0,50.0
Hennur Road,4 BHK,2502.0,4.0,180.0
Rayasandra,1 BHK,583.0,1.0,26.9
Gunjur Palya,2 BHK,900.0,2.0,27.0
Sarjapur  Road,2 BHK,1115.0,2.0,50.0
HOSUR MAIN ROAD,2 BHK,1464.0,2.0,56.0
Kanakapura,3 Bedroom,2200.0,3.0,121.0
Whitefield,1 BHK,750.0,1.0,51.0
Marathahalli,3 BHK,1600.0,3.0,58.0
Chikkalasandra,3 BHK,1365.0,2.0,49.0
"Judicial Layout, Kanakapura Road, ",3 BHK,1300.0,3.0,64.0
Kurubarahalli,1 Bedroom,1200.0,1.0,69.0
Hormavu,2 BHK,1260.0,2.0,35.0
Electronics City Phase 1,2 BHK,1190.0,2.0,33.92
Hosakerehalli,3 BHK,2480.0,4.0,260.0
Vishwapriya Layout,3 BHK,1250.0,3.0,38.0
Kaggadasapura,3 BHK,1500.0,3.0,75.0
Banashankari Stage V,3 BHK,1510.0,3.0,47.57
7th Phase JP Nagar,2 BHK,1187.0,2.0,59.0
Kundalahalli,2 BHK,1120.0,2.0,53.76
Dodsworth Layout,3 BHK,1717.0,3.0,99.0
Mullur,3 BHK,2099.0,3.0,95.0
Kasturi Nagar,2 BHK,1100.0,2.0,58.0
Hegganahalli,1 Bedroom,1200.0,1.0,48.0
Bannerghatta Road,3 BHK,1465.0,2.0,45.87
Kothanur,1 Bedroom,1500.0,1.0,75.0
Prashanth Nagar,5 Bedroom,4050.0,4.0,600.0
Haralur Road,3 BHK,1255.0,2.0,90.0
5th Phase JP Nagar,2 BHK,1220.0,2.0,88.0
Electronic City Phase II,2 BHK,1065.0,2.0,30.88
Sultan Palaya,3 BHK,1765.0,3.0,80.0
Bellandur,2 BHK,1281.0,2.0,87.0
Electronic City,2 BHK,1210.0,2.0,25.0
Kaggadasapura,2 BHK,1215.0,2.0,43.0
Ananth Nagar,4 Bedroom,1200.0,3.0,87.0
Mysore Road,2 BHK,1237.0,2.0,73.0
Lakshminarayana Pura,2 BHK,1300.0,2.0,70.0
Whitefield,2 BHK,1105.0,2.0,39.99
Chandapura,3 BHK,1505.0,2.0,42.0
Hebbal Kempapura,4 BHK,3900.0,5.0,310.0
Banashankari,2 BHK,1186.0,2.0,65.0
Byrathi Village,4 Bedroom,900.0,3.0,51.0
Kengeri,2 BHK,750.0,2.0,35.5
Varthur,2 BHK,1083.0,2.0,28.0
Nagaraja Garden,3 BHK,1430.0,2.0,78.65
Thanisandra,2 BHK,1056.0,2.0,68.0
VGP Layout,3 BHK,2108.0,3.0,85.0
Banashankari,3 BHK,1650.0,3.0,101.0
Electronic City Phase II,3 BHK,1220.0,3.0,36.6
Rayasandra,2 BHK,1198.0,2.0,54.0
Ejipura,2 BHK,1190.0,2.0,70.0
"Judicial Layout, Kanakapura Road, ",2 BHK,900.0,2.0,41.0
J.P.nagar 6th Phase.Sarakki Nagar,4 BHK,2690.0,4.0,185.0
Kanakapura,2 BHK,1340.0,2.0,65.0
Bommenahalli,4 Bedroom,2940.0,3.0,2250.0
Giri Nagar,6 Bedroom,2400.0,6.0,400.0
Whitefield,,2324.0,,26.73
Yelahanka,2 BHK,1260.0,2.0,59.2
Talaghattapura,3 BHK,2254.0,3.0,153.0
Old Madras Road,3 BHK,2990.0,5.0,210.0
1st Block BEL Layout,4 Bedroom,1800.0,5.0,250.0
JP Nagar,2 BHK,820.0,2.0,45.0
Electronic City,2 BHK,1296.0,2.0,65.0
Uttarahalli,2 BHK,1190.0,2.0,53.55
Whitefield,2 BHK,1173.0,2.0,77.0
Sarjapura - Attibele Road,3 Bedroom,1800.0,3.0,90.0
Yelahanka,2 BHK,1102.0,2.0,52.0
Sarjapur,2 BHK,913.0,2.0,36.0
Hormavu,3 BHK,1176.0,2.0,35.27
Prithvi Layout,3 BHK,1620.0,3.0,65.0
Billekahalli,3 BHK,2968.0,3.0,225.0
Yelahanka,2 BHK,1519.0,2.0,65.0
Hosur Road,2 BHK,1345.0,2.0,106.0
Dodsworth Layout,3 BHK,1594.0,3.0,99.0
Kaverappa Layout,2 BHK,1250.0,2.0,68.0
Haralur Road,2 BHK,1056.0,2.0,60.0
Whitefield,3 Bedroom,1200.0,3.0,68.4
Kothnur Narayanapura,2 Bedroom,1290.0,1.0,77.5
Amruthnagar,2 BHK,1150.0,2.0,48.0
Ambedkar Colony,2 BHK,1464.0,2.0,145.0
Anekal,4 Bedroom,1200.0,2.0,36.0
Gollarapalya Hosahalli,2 BHK,861.0,2.0,36.5
Kundalahalli,2 BHK,1047.0,2.0,82.62
Lakshmipura,2 Bedroom,1200.0,2.0,75.0
Kirloskar Layout,10 Bedroom,1200.0,10.0,190.0
Hongasandra,2 BHK,1065.0,2.0,45.0
Rajaji Nagar,3 BHK,2300.0,3.0,369.0
Ramamurthy Nagar,2 BHK,1000.0,2.0,62.0
Lingadheeranahalli,3 BHK,1682.0,3.0,113.0
Harlur,3 BHK,1756.0,3.0,131.0
BEL Road,5 Bedroom,4000.0,4.0,1000.0
Vignana Nagar,4 BHK,1050.0,4.0,90.0
Vittasandra,2 BHK,1238.0,2.0,67.32
Dasanapura,2 BHK,814.0,2.0,42.0
Dodda Nekkundi,2 BHK,1145.0,2.0,46.5
Varthur,2 BHK,965.0,2.0,34.0
Doddabele,2 BHK,750.0,2.0,36.0
Banashankari,3 BHK,1300.0,2.0,55.0
1st Phase JP Nagar,3 BHK,1590.0,3.0,131.0
Begur Road,1 BHK,644.0,1.0,40.0
Whitefield,2 BHK,982.0,2.0,37.0
Indira Nagar,2 BHK,1260.0,2.0,100.0
Rayasandra,3 BHK,1555.0,3.0,75.17
Race Course Road,4 Bedroom,2500.0,4.0,450.0
Kaggadasapura,2 BHK,1225.0,2.0,48.0
Electronics City Phase 1,2 BHK,1085.0,2.0,46.0
Rajaji Nagar,3 BHK,1640.0,3.0,220.0
Thanisandra,3 BHK,1595.0,3.0,110.0
Raja Rajeshwari Nagar,2 BHK,1196.0,2.0,40.44
Yelahanka,3 BHK,1859.0,3.0,108.0
9th Phase JP Nagar,2 BHK,1079.0,2.0,60.0
Shivaji Nagar,2 BHK,550.0,1.0,27.0
Whitefield,2 BHK,1118.0,2.0,42.0
CV Raman Nagar,2 BHK,1198.0,2.0,60.0
Thigalarapalya,3 BHK,1830.0,4.0,135.0
Banashankari Stage VI,2 BHK,1160.0,2.0,59.0
Srirampuram,3 BHK,1485.0,2.0,156.0
Ejipura,3 BHK,2070.0,3.0,135.0
Basaveshwara Nagar,6 Bedroom,750.0,4.0,150.0
Kannamangala,2 BHK,957.0,2.0,52.5
Basaveshwara Nagar,5 Bedroom,2400.0,4.0,310.0
Bannerghatta Road,2 BHK,1268.0,2.0,69.0
Bannerghatta Road,3 BHK,1450.0,2.0,87.0
Manorayana Palya,3 BHK,1600.0,2.0,75.0
Uttarahalli,3 BHK,1330.0,2.0,57.0
Jakkur,3 BHK,1355.0,2.0,65.0
Horamavu Banaswadi,2 BHK,1272.0,2.0,51.5
Abbaiah Reddy Layout,2 BHK,1100.0,2.0,38.49
Sarjapur  Road,3 BHK,1220.0,3.0,58.0
Chikkalasandra,2 BHK,1075.0,2.0,46.76
Lingarajapuram,2 BHK,800.0,2.0,55.0
Vasanthapura,2 BHK,995.0,2.0,34.82
Vasantha Vallabha Nagar,2 BHK,900.0,1.0,44.0
Haralur Road,2 BHK,1140.0,2.0,42.0
Ganga Nagar,3 BHK,1480.0,2.0,125.0
Padmanabhanagar,3 BHK,1710.0,2.0,90.63
Talaghattapura,3 BHK,2106.0,3.0,148.0
Yeshwanthpur,9 Bedroom,2400.0,6.0,270.0
Sadahalli,3 Bedroom,3800.0,2.0,130.0
Vajarahalli,3 Bedroom,800.0,3.0,120.0
Marathahalli,2 BHK,1602.0,2.0,104.0
Sarjapur  Road,3 BHK,1660.0,2.0,116.0
Electronic City Phase II,3 BHK,1549.0,3.0,80.0
Marathahalli,1 BHK,700.0,1.0,38.0
Balagere,2 BHK,1012.0,2.0,64.0
Marathahalli,3 BHK,1469.0,3.0,89.0
Whitefield,2 BHK,1216.0,2.0,69.0
Electronic City Phase II,2 BHK,1065.0,2.0,56.13
Thanisandra,3 BHK,1411.0,3.0,93.15
Pai Layout,2 BHK,1400.0,2.0,57.5
Hoskote,3 BHK,1250.0,3.0,29.0
Haralur Road,2 BHK,1245.0,2.0,62.0
Choodasandra,2 BHK,1115.0,2.0,50.0
Vidyaranyapura,2 BHK,1000.0,2.0,35.0
Subramanyapura,3 BHK,1800.0,3.0,90.0
Mathikere,2 BHK,1500.0,2.0,130.0
Chandapura,1 BHK,645.0,1.0,16.45
Kothannur,3 BHK,1275.0,3.0,44.0
Kasavanhalli,3 BHK,1494.0,3.0,82.0
Bhoganhalli,3 BHK,1949.0,3.0,129.0
BTM Layout,2 BHK,1020.0,2.0,46.5
Mysore Road,2 BHK,883.0,2.0,45.0
Old Airport Road,4 BHK,3200.0,4.0,280.0
Uttarahalli,6 Bedroom,1680.0,6.0,125.0
Mysore Road,12 Bedroom,2232.0,6.0,300.0
Anand nagar,3 BHK,2010.0,3.0,125.0
Yeshwanthpur,2 BHK,1240.0,2.0,80.0
6th Phase JP Nagar,2 BHK,1213.0,2.0,63.0
Hegde Nagar,3 BHK,1835.0,3.0,88.0
Hoskote,9 Bedroom,1800.0,10.0,185.0
Bannerghatta Road,4 BHK,2932.0,5.0,195.0
Whitefield,4 Bedroom,3425.0,5.0,250.0
Gottigere,2 BHK,945.0,2.0,45.0
Sathya Layout,3 BHK,1504.0,2.0,100.0
Lakshminarayana Pura,3 BHK,1569.0,3.0,150.0
Harlur,3 BHK,1755.0,3.0,130.0
Vijayanagar,3 BHK,1760.0,3.0,140.0
Hoodi,2 BHK,1240.0,2.0,43.94
Electronics City Phase 1,3 BHK,1450.0,3.0,72.54
5th Phase JP Nagar,2 BHK,1000.0,2.0,48.0
Shivaji Nagar,1 Bedroom,3820.0,1.0,306.0
Thyagaraja Nagar,5 BHK,2000.0,4.0,145.0
Choodasandra,2 BHK,1215.0,2.0,59.0
Yelachenahalli,3 BHK,1330.0,3.0,73.5
Raja Rajeshwari Nagar,2 BHK,1178.0,2.0,75.0
Hulimavu,4 Bedroom,1500.0,4.0,192.0
Shree Ananth Nagar Layout,2 BHK,2040.0,2.0,59.0
Bellandur,3 BHK,2000.0,3.0,85.0
Shanti Nagar,3 BHK,1602.0,2.0,165.0
2nd Stage Arekere Mico Layout,4 Bedroom,1200.0,4.0,130.0
Parappana Agrahara,2 BHK,1194.0,2.0,46.0
Jayamahal,3 BHK,1800.0,3.0,220.0
Dasarahalli,3 Bedroom,2400.0,2.0,152.0
Sarjapur  Road,3 BHK,1700.0,3.0,108.0
Jigani,3 BHK,1200.0,3.0,65.0
Veer Sandra,3 Bedroom,1500.0,3.0,72.0
Karuna Nagar,3 Bedroom,1240.0,3.0,165.0
Whitefield,3 Bedroom,3000.0,3.0,400.0
Kanakpura Road,3 BHK,1737.0,3.0,85.0
TC Palaya,2 Bedroom,900.0,2.0,55.0
Chennappa Layout,3 BHK,1280.0,2.0,48.0
CV Raman Nagar,2 BHK,1560.0,2.0,85.0
Kambipura,2 BHK,883.0,2.0,44.0
Kengeri Satellite Town,2 BHK,750.0,2.0,33.0
Brookefield,4 BHK,2400.0,3.0,140.0
Bhuvaneshwari Nagar,2 BHK,900.0,2.0,45.0
Hormavu,2 BHK,1030.0,2.0,49.35
7th Phase JP Nagar,3 BHK,1850.0,3.0,155.0
Hennur Road,3 BHK,1831.0,3.0,110.0
Raja Rajeshwari Nagar 5th Stage,2 BHK,1095.0,2.0,38.33
Electronic City Phase II,3 BHK,1320.0,2.0,38.13
7th Phase JP Nagar,2 BHK,1000.0,2.0,61.0
Budigere,3 BHK,1820.0,3.0,85.4
Bisuvanahalli,3 BHK,1075.0,2.0,41.0
TC Palaya,3 Bedroom,1500.0,3.0,83.0
Electronics City Phase 1,1 RK,360.0,1.0,16.9
Electronic City,2 BHK,1140.0,2.0,70.93
Chennammana Kere,2 BHK,1145.0,2.0,58.4
RMV Extension Stage 2,3 BHK,1862.0,3.0,120.0
 Devarachikkanahalli,2 BHK,947.0,2.0,43.0
Chandra Layout,3 Bedroom,700.0,3.0,195.0
Kalena Agrahara,2 BHK,1120.0,2.0,40.0
Sadanand Nagar,3 BHK,2700.0,3.0,200.0
Kaggadasapura,3 BHK,1805.0,2.0,75.0
Basavangudi,2 BHK,1100.0,2.0,93.0
Bommenahalli,4 Bedroom,1355.0,3.0,135.0
"Whietfield, ",3 BHK,1677.0,3.0,98.0
Hosapalya,8 Bedroom,2500.0,8.0,95.0
Uttarahalli,3 BHK,1560.0,3.0,74.0
Arekere,3 BHK,2060.0,3.0,150.0
Koramangala,3 BHK,1716.0,2.0,115.0
Harlur,3 BHK,1864.0,3.0,140.0
Electronics City Phase 1,1 BHK,638.0,1.0,32.0
Sidedahalli,9 Bedroom,1200.0,7.0,95.0
Kodigehalli,8 BHK,1150.0,9.0,170.0
Chandapura,2 BHK,937.0,2.0,30.0
Hennur Gardens,3 BHK,1490.0,2.0,115.0
Frazer Town,4 BHK,4856.0,5.0,410.0
Whitefield,4 Bedroom,4003.0,6.0,525.0
Whitefield,2 BHK,1100.0,2.0,37.0
Thigalarapalya,2 BHK,1000.0,2.0,48.53
Horamavu Agara,2 BHK,1060.0,2.0,37.0
Kundalahalli,2 BHK,1047.0,2.0,91.0
Basaveshwara Nagar,2 BHK,1200.0,2.0,80.0
Akshaya Nagar,3 BHK,1420.0,2.0,75.0
Sarjapur  Road,3 BHK,1539.0,3.0,85.0
Tejaswini Nagar,3 BHK,1550.0,3.0,59.0
Kasavanhalli,3 BHK,1555.0,3.0,82.0
BTM Layout 1stage 9th Main,7 Bedroom,600.0,6.0,138.0
Seegehalli,3 BHK,1553.0,3.0,68.0
Electronic City Phase II,2 BHK,920.0,2.0,26.0
Jeevan bima nagar,3 BHK,1740.0,3.0,120.0
OMBR Layout,3 BHK,1855.0,3.0,145.0
Kundalahalli,3 BHK,1724.0,3.0,146.0
B Narayanapura,2 BHK,1020.0,2.0,60.0
Banaswadi,6 Bedroom,1000.0,4.0,150.0
Uttarahalli,3 BHK,1250.0,2.0,50.0
Sanjay nagar,3 BHK,1450.0,3.0,75.0
Thubarahalli,2 BHK,1200.0,2.0,80.0
Haralur Road,2 BHK,1140.0,2.0,58.0
Hoskote,5 Bedroom,900.0,5.0,110.0
Basava Nagar,1 BHK,550.0,1.0,16.0
Bannerghatta Road,3 BHK,1450.0,3.0,44.0
Jigani,,1500.0,,25.49
Kanakpura Road,2 BHK,700.0,2.0,35.07
Whitefield,3 Bedroom,1200.0,3.0,56.0
Yelahanka,2 BHK,1050.0,2.0,45.0
Somasundara Palya,3 BHK,1600.0,3.0,69.0
Bannerghatta Road,3 BHK,1625.0,2.0,75.0
Volagerekallahalli,2 BHK,1492.0,2.0,65.0
Sarjapur  Road,3 BHK,1489.0,2.0,82.0
Kanakapura,3 BHK,1560.0,2.0,62.38
Haralur Road,2 BHK,1140.0,2.0,42.0
Lavakusha Nagar,3 BHK,1431.0,3.0,65.0
Lingadheeranahalli,3 BHK,1682.0,3.0,114.0
Panathur,2 BHK,1198.0,2.0,86.26
Outer Ring Road East,3 Bedroom,3664.0,3.0,325.0
Sarjapur  Road,3 BHK,1550.0,2.0,69.75
Kodichikkanahalli,2 BHK,1026.0,2.0,45.0
Hennur,3 BHK,1260.0,2.0,52.0
Singanayakanahalli,2 Bedroom,690.0,2.0,42.0
Sarjapur  Road,1 BHK,539.0,1.0,45.0
Sarakki Nagar,4 Bedroom,1200.0,4.0,85.0
Attibele,3 Bedroom,2400.0,3.0,120.0
Thubarahalli,2 BHK,1200.0,2.0,79.55
Kundalahalli,4 Bedroom,2500.0,5.0,350.0
Sarjapur  Road,3 BHK,1186.0,2.0,40.0
Thanisandra,2 BHK,1039.0,2.0,39.5
Mahalakshmi Puram,4 Bedroom,1500.0,5.0,233.0
Gottigere,5 Bedroom,1500.0,4.0,100.0
Malleshwaram,3 BHK,2520.0,3.0,150.0
Brookefield,2 BHK,1225.0,2.0,66.5
Bommanahalli,2 BHK,1350.0,2.0,72.0
Vittal Mallya Road,2 BHK,1030.0,2.0,300.0
Whitefield,3 BHK,1550.0,2.0,49.6
Hoodi,3 BHK,1490.0,3.0,79.0
Brindavan Nagar,3 BHK,1520.0,3.0,111.0
Whitefield,4 Bedroom,4100.0,4.0,550.0
Dena Bank Colony,3 BHK,1391.0,2.0,64.5
Rachenahalli,2 BHK,1200.0,2.0,50.0
Kadabagere,4 Bedroom,1200.0,4.0,86.0
1st Block HBR Layout,5 Bedroom,2500.0,6.0,500.0
Yelahanka,2 BHK,1322.0,2.0,80.0
Whitefield,3 BHK,2173.0,3.0,128.0
Sarjapur  Road,2 BHK,1200.0,2.0,75.0
Thubarahalli,2 BHK,1200.0,2.0,47.0
Mysore Road,2 BHK,1170.0,2.0,65.0
NRI Layout,2 BHK,1125.0,2.0,45.56
Seetharampalya,2 BHK,1250.0,2.0,90.0
Chandapura,2 BHK,1025.0,2.0,27.68
Yelahanka,3 BHK,1075.0,2.0,36.0
High grounds,3 BHK,1900.0,2.0,190.0
Whitefield,3 BHK,1435.0,3.0,45.0
Electronics City Phase 1,2 BHK,1175.0,2.0,64.98
KUDLU MAIN ROAD,3 BHK,1464.0,3.0,56.0
Doddabidrakallu,2 BHK,900.0,2.0,33.0
Electronics City Phase 1,1 BHK,585.0,1.0,21.0
Jigani,4 Bedroom,3170.0,5.0,230.0
Shanti Nagar,3 BHK,1602.0,2.0,170.0
Thanisandra,2 BHK,1220.0,2.0,42.0
Rajaji Nagar,3 BHK,2500.0,3.0,350.0
Sarjapur  Road,3 BHK,2145.0,3.0,180.0
Bannerghatta Road,2 BHK,960.0,2.0,58.0
NGR Layout,1 BHK,907.0,1.0,38.0
Old Madras Road,2 BHK,1210.0,2.0,74.0
Kammanahalli,4 Bedroom,900.0,4.0,150.0
Jnana Ganga Nagar,2 BHK,1230.0,2.0,70.0
5th Phase JP Nagar,3 BHK,1350.0,2.0,75.0
Kenchenahalli,2 BHK,1150.0,2.0,58.0
Sarjapur,3 BHK,1404.0,2.0,53.35
OMBR Layout,2 BHK,1050.0,2.0,48.0
Kothanur,8 Bedroom,1020.0,10.0,155.0
Yelahanka,2 BHK,1285.0,2.0,56.0
Hormavu,2 BHK,1018.0,2.0,50.8
Hoskote,3 Bedroom,1200.0,3.0,57.0
Sarjapur  Road,2 BHK,1115.0,2.0,50.0
Ejipura,3 BHK,1600.0,3.0,95.0
9th Phase JP Nagar,2 BHK,1480.0,2.0,80.0
Kodichikkanahalli,5 Bedroom,2500.0,7.0,125.0
Kaval Byrasandra,1 BHK,480.0,1.0,25.0
Akshaya Nagar,3 BHK,1435.0,3.0,53.0
Lingarajapuram,1 BHK,450.0,1.0,60.0
Austin Town,1 BHK,600.0,2.0,23.0
CV Raman Nagar,3 BHK,1590.0,2.0,85.0
Nagavara,2 BHK,936.0,2.0,40.2
Banashankari,2 BHK,1181.0,2.0,75.0
Kengeri,3 BHK,1741.0,3.0,80.0
JP Nagar,3 BHK,1750.0,3.0,123.0
Varthur Road,2 BHK,1050.0,2.0,42.7
Tumkur Road,2 BHK,1027.0,2.0,60.0
Geleyara Balaga Layout,2 BHK,596.0,2.0,22.0
Dollar Scheme Colony,4 BHK,3463.0,6.0,310.0
Sector 2 HSR Layout,3 BHK,1600.0,3.0,70.0
Hebbal,4 BHK,2790.0,5.0,198.0
Sahakara Nagar,2 BHK,1000.0,2.0,60.0
Varthur,2 BHK,1120.0,2.0,44.24
Jinkethimmanahalli,2 Bedroom,1200.0,2.0,85.0
Kothnoor Dinne,2 BHK,1200.0,2.0,35.0
Kasturi Nagar,3 BHK,1570.0,3.0,110.0
Koramangala,3 BHK,1500.0,3.0,135.0
Frazer Town,2 BHK,1315.0,2.0,140.0
Electronic City Phase II,2 BHK,1140.0,2.0,33.84
Banashankari,2 BHK,1105.0,2.0,90.0
Electronic City,2 BHK,1200.0,2.0,34.65
Whitefield,1 BHK,905.0,1.0,62.0
HSR Layout,4 Bedroom,2400.0,4.0,350.0
Kudlu Gate,2 BHK,1185.0,2.0,50.0
Koramangala,2 BHK,1083.0,2.0,100.0
Rayasandra,3 BHK,1458.0,3.0,60.0
Hormavu,3 BHK,1555.0,3.0,75.0
Devi Nagar,2 BHK,1200.0,2.0,45.0
Sarjapur  Road,2 BHK,1308.0,2.0,58.86
Kudlu,2 BHK,1024.0,2.0,44.0
Parappana Agrahara,2 BHK,1194.0,2.0,47.0
Kanakapura,3 BHK,1450.0,3.0,75.0
Seegehalli,3 BHK,1639.0,3.0,120.0
Whitefield,3 BHK,1870.0,3.0,138.0
Hennur Road,2 BHK,1232.0,2.0,87.0
Kasavanhalli,3 BHK,1719.0,3.0,184.0
Chandapura,2 BHK,975.0,2.0,24.86
New Gurappana Palya,3 BHK,2000.0,4.0,130.0
Jakkur,2 BHK,1230.0,2.0,79.0
Guddadahalli,4 Bedroom,1350.0,4.0,140.0
KR Puram,2 BHK,1076.0,2.0,67.0
Kumaraswami Layout,7 Bedroom,2400.0,7.0,125.0
Vasanthpura,3 BHK,995.0,2.0,34.82
Kodigehaali,3 BHK,2120.0,3.0,177.0
Kasthuri Nagar East Of NGEF,6 Bedroom,2400.0,7.0,460.0
Chikka Gowdanapalya.,6 Bedroom,850.0,6.0,78.0
Electronic City,2 BHK,1096.0,2.0,40.55
Horamavu Agara,2 BHK,1107.83,2.0,41.51
Chamrajpet,1 BHK,505.0,1.0,85.0
Sarjapur  Road,2 BHK,1320.0,2.0,115.0
Whitefield,2 BHK,1320.0,2.0,99.26
Whitefield,3 BHK,2901.0,4.0,190.0
GM Palaya,3 BHK,1315.0,2.0,65.0
VGP Layout,2 BHK,1000.0,2.0,44.0
Hosakerehalli,3 BHK,1596.0,3.0,79.8
Bannerghatta Road,3 BHK,1750.0,3.0,130.0
Whitefield,4 Bedroom,2403.0,4.0,270.0
Old Madras Road,3 BHK,1350.0,3.0,47.25
"TR Mill Road, Chamarajpet",2 BHK,1175.0,2.0,79.0
Talaghattapura,2 BHK,921.0,2.0,29.47
Malleshwaram,4 Bedroom,4000.0,4.0,1100.0
Sultan Palaya,3 BHK,1713.0,3.0,125.0
Ittamadu,2 BHK,1200.0,2.0,43.0
8th Phase JP Nagar,3 Bedroom,1900.0,4.0,90.0
Kudlu Gate,3 BHK,1664.0,3.0,68.0
Binny Pete,3 BHK,1795.0,3.0,139.0
Kereguddadahalli,1 BHK,600.0,1.0,19.5
Hoodi,2 BHK,1240.0,2.0,65.0
Hegde Nagar,3 BHK,1965.0,4.0,132.0
Vishveshwarya Layout,3 Bedroom,600.0,4.0,99.0
Sarjapur,4 Bedroom,4111.0,4.0,370.0
Electronics City Phase 1,2 BHK,1200.0,2.0,59.76
Ganga Nagar,2 BHK,1112.0,2.0,68.0
Raja Rajeshwari Nagar,3 BHK,3000.0,3.0,60.0
Mahadevpura,2 BHK,1136.0,2.0,64.5
Jigani,2 BHK,914.0,2.0,55.0
Poorna Pragna Layout,3 BHK,1270.0,2.0,50.79
Rachenahalli,2 BHK,1050.0,2.0,47.25
Marathahalli,3 BHK,1385.0,2.0,68.5
Medahalli,2 BHK,990.0,2.0,35.0
Yelahanka,2 BHK,845.0,2.0,43.0
Whitefield,2 BHK,1485.0,2.0,96.51
Kanakapura,3 BHK,1460.0,2.0,43.79
Thanisandra,2 BHK,1450.0,2.0,57.0
HSR Layout,3 BHK,1360.0,2.0,53.0
Singasandra,2 BHK,1375.0,2.0,58.0
Uttarahalli,2 BHK,1125.0,2.0,48.0
Banashankari,1 BHK,720.0,1.0,60.0
7th Phase JP Nagar,3 BHK,1460.0,2.0,100.0
Green View Layout,2 BHK,1107.0,2.0,40.0
Maruthi Nagar,2 BHK,1158.0,2.0,75.0
Yelachenahalli,2 BHK,800.0,1.0,30.0
Sector 2 HSR Layout,9 Bedroom,600.0,9.0,90.0
Bhoganhalli,3 BHK,1760.0,3.0,128.0
Nandi Hills,4 Bedroom,3200.0,4.0,200.0
HAL 2nd Stage,2 Bedroom,600.0,3.0,145.0
TC Palaya,3 Bedroom,1350.0,3.0,60.0
Giri Nagar,6 Bedroom,600.0,6.0,100.0
Huskur,2 BHK,1125.0,2.0,32.49
Frazer Town,3 BHK,1706.0,3.0,154.0
BTM Layout,3 BHK,1600.0,3.0,112.0
Ramesh Nagar,2 BHK,1200.0,2.0,90.0
Whitefield,3 BHK,1755.0,3.0,101.0
Hulimavu,2 BHK,1200.0,2.0,50.0
BEML Layout,2 BHK,1200.0,2.0,67.0
Chokkanahalli,2 BHK,1266.67,2.0,69.0
Kariyammana Agrahara,3 BHK,1800.0,3.0,90.0
Sector 7 HSR Layout,3 Bedroom,1200.0,4.0,275.0
2nd Phase Judicial Layout,3 BHK,1300.0,3.0,64.0
Nirman Layout,3 Bedroom,800.0,3.0,60.0
Whitefield,4 Bedroom,4800.0,5.0,550.0
Raja Rajeshwari Nagar,2 BHK,1128.0,2.0,40.0
NS Palya,2 Bedroom,2000.0,2.0,160.0
Panathur,2 BHK,1210.0,2.0,80.0
Arekere,4 BHK,2710.0,6.0,142.0
Raja Rajeshwari Nagar,2 BHK,1151.0,2.0,39.0
Rajaji Nagar,5 BHK,7500.0,8.0,1700.0
HOSUR MAIN ROAD,3 BHK,1464.0,3.0,56.0
Electronic City,2 BHK,1017.0,2.0,27.0
Sarjapur  Road,2 BHK,920.0,2.0,40.0
HRBR Layout,4 Bedroom,1200.0,3.0,180.0
Nyanappana Halli,5 Bedroom,1000.0,5.0,140.0
Munnekollal,3 BHK,1750.0,3.0,86.5
Dasanapura,2 BHK,1163.0,2.0,65.0
7th Phase JP Nagar,3 BHK,1650.0,3.0,110.0
Kundalahalli Colony,3 BHK,1800.0,3.0,95.0
CV Raman Nagar,2 BHK,1100.0,2.0,58.0
R.T. Nagar,2 BHK,1200.0,2.0,60.0
Ganga Nagar,3 BHK,1410.0,3.0,65.0
Begur Road,3 BHK,1933.0,3.0,98.0
Begur Road,2 BHK,1200.0,2.0,45.6
Whitefield,3 BHK,1608.0,2.0,63.0
Jakkasandra Extension,4 Bedroom,2679.0,5.0,280.0
Horamavu Banaswadi,2 BHK,1156.0,2.0,46.9
T.C PALYA,2 Bedroom,1230.0,2.0,75.0
Kasavanhalli,1 BHK,770.0,1.0,43.82
Ardendale,3 BHK,1777.26,3.0,105.0
Kanakpura Road,2 BHK,1339.0,2.0,85.0
Sarjapur  Road,3 Bedroom,3044.0,3.0,183.0
Chennappa Layout,2 BHK,1080.0,2.0,44.8
Doddabommasandra,8 Bedroom,3150.0,5.0,145.0
Nagadevanahalli,2 Bedroom,2400.0,2.0,135.0
Hulimavu,3 BHK,1450.0,3.0,72.0
Kothanur,2 BHK,1075.0,2.0,53.0
Sarjapur  Road,3 BHK,1163.0,2.0,62.0
TC Palaya,2 Bedroom,1200.0,2.0,65.0
Kattigenahalli,8 Bedroom,1200.0,8.0,135.0
Marathahalli,4 Bedroom,3090.0,4.0,325.0
Hebbal,2 BHK,1299.0,2.0,100.0
Electronic City,2 BHK,1130.0,2.0,32.63
HRBR Layout,2 BHK,1170.0,2.0,75.0
Yelahanka,4 BHK,2600.0,4.0,175.0
KR Puram,2 BHK,1140.0,2.0,43.32
Kanakpura Road,3 BHK,1900.0,3.0,125.0
Bommasandra Industrial Area,2 BHK,1090.0,2.0,31.48
Electronic City,2 BHK,1110.0,2.0,39.95
Nagavarapalya,1 BHK,705.0,1.0,57.0
HBR Layout,2 BHK,1089.0,2.0,60.0
tc.palya,2 Bedroom,880.0,2.0,48.0
Kereguddadahalli,2 BHK,1080.0,2.0,32.0
Thanisandra,2 BHK,1093.0,2.0,68.1
Banashankari Stage III,3 BHK,1480.0,3.0,75.48
Hegde Nagar,3 BHK,1703.0,3.0,125.0
Hebbal,2 BHK,1200.0,2.0,60.0
Marathahalli,3 BHK,1690.0,3.0,116.0
Yelahanka,2 BHK,1305.0,2.0,78.0
Talaghattapura,3 BHK,1257.0,2.0,40.22
Subash Nagar,2 BHK,1150.0,2.0,45.0
Stage-4 Bommanahalli,2 BHK,1194.0,2.0,55.0
Chokkahalli,3 Bedroom,2000.0,3.0,90.0
Anekal,3 Bedroom,1500.0,4.0,99.0
Bellari Road,2 BHK,1025.0,2.0,42.5
Horamavu Agara,2 BHK,980.0,2.0,38.19
Hosakerehalli,3 Bedroom,1200.0,2.0,100.0
Whitefield,3 BHK,2225.0,3.0,149.0
Ashirvad Colony,2 BHK,1022.0,2.0,57.0
Sidedahalli,4 Bedroom,882.0,3.0,72.0
Narayanapura,2 BHK,1153.0,2.0,45.0
Pai Layout,2 BHK,1175.0,2.0,60.0
Vidyaranyapura,3 BHK,1560.0,3.0,68.0
Yelahanka New Town,1 BHK,650.0,1.0,17.0
Vishwapriya Nagar,3 Bedroom,600.0,3.0,65.0
Billekahalli,2 BHK,1350.0,3.0,55.0
Akshya Nagar,2 Bedroom,1200.0,2.0,76.0
Telecom Layout,2 BHK,1200.0,1.0,54.0
Chandapura,2 BHK,800.0,2.0,25.0
Electronic City,4 BHK,2093.0,4.0,104.0
Uttarahalli,3 BHK,1320.0,2.0,55.44
Bannerghatta Road,2 BHK,1275.0,2.0,73.0
Begur Road,2 BHK,1215.0,2.0,43.13
Kanakapura,2 BHK,1130.0,2.0,45.2
Begur Road,3 BHK,1444.0,2.0,71.5
Vikram Nagar,2 BHK,950.0,2.0,38.0
Padmanabhanagar,2 BHK,1000.0,1.0,90.0
Banashankari Stage II,3 BHK,1240.0,2.0,59.52
2nd Stage Nagarbhavi,4 Bedroom,600.0,4.0,125.0
Hennur,2 BHK,1231.0,2.0,50.0
Benson Town,2 BHK,1300.0,2.0,120.0
Yeshwanthpur,3 BHK,1713.0,3.0,110.0
Kogilu,2 BHK,1200.0,2.0,53.33
Sarjapur  Road,3 Bedroom,3004.0,4.0,158.0
Sonnenahalli,3 BHK,1310.0,2.0,46.0
Jalahalli,2 BHK,790.0,2.0,49.5
Koramangala,3 BHK,1744.0,3.0,200.0
Amblipura,3 BHK,1605.0,3.0,100.0
Whitefield,2 BHK,1250.0,2.0,82.0
Malleshwaram,3 BHK,2476.0,3.0,337.0
Subramanyapura,3 BHK,1260.0,2.0,76.0
Rajaji Nagar,3 BHK,1615.0,3.0,175.0
Yelahanka,2 BHK,1180.0,2.0,56.0
Uttarahalli,3 BHK,1255.0,2.0,50.19
Electronic City,2 BHK,1025.0,2.0,53.9
Sarjapur  Road,3 BHK,1877.0,4.0,150.0
Lakshminarayana Pura,3 BHK,1649.0,3.0,150.0
5th Block Hbr Layout,9 Bedroom,2600.0,12.0,675.0
Hennur,5 Bedroom,2500.0,5.0,125.0
Doddakammanahalli,3 BHK,1542.0,3.0,98.0
Thigalarapalya,2 BHK,1418.0,2.0,105.0
Sarvabhouma Nagar,2 BHK,1012.0,2.0,42.0
Chandapura,2 Bedroom,1200.0,2.0,65.0
Sarjapur  Road,2 BHK,1115.0,2.0,43.0
Green Glen Layout,3 BHK,1680.0,4.0,95.0
Old Madras Road,2 BHK,1171.0,2.0,72.0
Tumkur Road,2 BHK,1027.0,2.0,68.62
Shampura,3 BHK,1700.0,3.0,75.0
Kanakapura,2 BHK,1090.0,2.0,38.15
Hennur Road,2 BHK,1232.0,2.0,74.0
Anekal,2 BHK,766.0,2.0,28.0
Banashankari Stage III,5 Bedroom,1200.0,5.0,180.0
Kanakpura Road,1 BHK,525.0,1.0,27.0
JP Nagar,3 BHK,1452.0,2.0,41.0
Choodasandra,3 BHK,1254.0,2.0,65.0
MS Pallya,5 Bedroom,3600.0,5.0,110.0
Kanakpura Road,3 BHK,1593.0,3.0,118.0
ITI Layout,2 BHK,1333.0,2.0,77.27
Herohalli,3 Bedroom,1100.0,3.0,110.0
Raja Rajeshwari Nagar,3 BHK,1375.0,2.0,54.99
Ardendale,3 BHK,1650.0,3.0,82.0
Thanisandra,3 BHK,1430.0,2.0,51.48
Electronic City,2 BHK,940.0,2.0,54.0
Electronic City,1 BHK,435.0,1.0,21.0
Begur Road,2 BHK,1160.0,2.0,36.54
Electronic City,3 BHK,1500.0,2.0,77.5
Koramangala,3 BHK,1890.0,2.0,100.0
Doopanahalli,2 BHK,1050.0,2.0,70.0
Singasandra,6 Bedroom,1200.0,6.0,220.0
Haralur Road,2 BHK,1027.0,2.0,43.0
Seegehalli,3 Bedroom,3000.0,4.0,235.0
Tumkur Road,3 BHK,1459.0,2.0,95.0
Yelahanka,3 BHK,1711.0,3.0,85.61
Hoodi,2 BHK,1250.0,2.0,98.0
Chandapura,1 BHK,645.0,1.0,16.45
Anandapura,2 Bedroom,875.0,2.0,57.0
Ramamurthy Nagar,2 BHK,1334.0,2.0,67.0
Huskur,2 BHK,1140.0,2.0,32.92
Sarjapur  Road,2 BHK,1115.0,2.0,50.0
Amruthahalli,3 Bedroom,1200.0,5.0,200.0
Rajaji Nagar,3 BHK,1776.0,3.0,190.0
Thigalarapalya,3 BHK,2072.0,4.0,160.0
Kundalahalli,3 Bedroom,1600.0,3.0,170.0
Lakshmi Layout,6 Bedroom,1200.0,4.0,115.0
Kengeri Satellite Town,2 BHK,920.0,2.0,39.0
Nagasandra,4 Bedroom,1310.0,3.0,95.0
Electronic City,3 BHK,1631.0,3.0,80.0
Kanakpura Road,1 BHK,525.0,1.0,27.5
Jalahalli,3 BHK,1395.0,3.0,82.0
Devi Nagar,3 BHK,2000.0,3.0,105.0
Hennur Road,2 BHK,1232.0,2.0,66.0
Virupakshapura,2 BHK,1075.0,2.0,55.0
Gubbalala,2 BHK,1205.0,2.0,70.0
Muthyala Nagar,4 Bedroom,1200.0,4.0,165.0
Rajiv Nagar,4 BHK,2340.0,5.0,129.0
Rayasandra,3 BHK,1179.0,2.0,55.0
Kodigehaali,2 BHK,1013.0,2.0,51.0
Uttarahalli,2 BHK,1160.0,2.0,40.6
7th Phase JP Nagar,2 BHK,1200.0,2.0,62.5
Nrupathunga Nagar,7 Bedroom,1200.0,5.0,80.0
Uttarahalli,3 BHK,1255.0,2.0,50.19
Richmond Town,3 BHK,1100.0,2.0,145.0
Samethanahalli,2 BHK,1069.0,2.0,55.0
Kyalasanahalli,3 Bedroom,1200.0,3.0,99.0
Kudlu Gate,1 BHK,1400.0,1.0,285.0
Marathahalli,2 BHK,1065.0,2.0,55.0
Lakshminarayana Pura,2 BHK,1395.0,2.0,75.0
Hebbal Kempapura,3 BHK,1725.0,2.0,165.0
Coconut Grove Layout,2 BHK,1007.0,2.0,43.0
Kengeri,3 BHK,1436.0,2.0,55.0
Amrita Nagar,6 BHK,4250.0,6.0,150.0
Hebbal,3 BHK,1645.0,3.0,117.0
Kengeri,2 Bedroom,1200.0,2.0,58.0
Mysore Road,2 BHK,940.0,2.0,43.61
KR Puram,6 Bedroom,4300.0,6.0,175.0
Hebbal,3 BHK,2850.0,5.0,343.0
Indira Nagar,3 BHK,1740.0,3.0,191.0
Haralur Road,2 BHK,1194.0,2.0,47.0
Sadashiva Nagar,3 BHK,3761.0,3.0,650.0
Dodda Nekkundi,3 BHK,1829.0,3.0,125.0
Whitefield,4 Bedroom,1800.0,4.0,178.0
Austin Town,2 BHK,1000.0,2.0,60.0
Venkatapura,3 Bedroom,5720.0,3.0,350.0
Vignana Nagar,5 Bedroom,800.0,4.0,98.0
Kadabagere,2 BHK,675.0,1.0,15.0
Hebbal,2 BHK,1390.0,2.0,95.0
Lakshminarayana Pura,3 BHK,1500.0,3.0,104.0
Vijayanagar,3 BHK,2047.0,3.0,136.0
Jakkur,2 BHK,1202.0,2.0,79.0
Kodbisanhalli,2 BHK,1012.0,2.0,59.0
Gunjur,3 BHK,2132.0,3.0,80.0
Raja Rajeshwari Nagar,4 Bedroom,1350.0,4.0,340.0
Whitefield,1 BHK,605.0,1.0,40.0
Harlur,2 BHK,1331.0,2.0,88.0
Margondanahalli,2 Bedroom,1200.0,2.0,69.0
Kumara Park,2 BHK,1150.0,2.0,250.0
Sahakara Nagar,2 Bedroom,1200.0,2.0,136.0
Anand Nagar,2 Bedroom,1800.0,2.0,300.0
Kammanahalli,3 Bedroom,600.0,2.0,50.0
Akshaya Vana,3 BHK,1280.0,2.0,49.0
Balagere,2 BHK,1007.0,2.0,62.0
Thanisandra,3 BHK,1370.0,2.0,61.0
Kalkere,2 BHK,925.0,2.0,35.0
TC Palaya,2 BHK,1500.0,2.0,75.0
Attibele,1 BHK,450.0,1.0,12.5
Peenya,4 Bedroom,1200.0,4.0,140.0
Hennur Road,2 BHK,1341.0,2.0,95.0
2nd Phase Judicial Layout,3 BHK,1350.0,2.0,47.25
Tumkur Road,2 BHK,992.0,2.0,60.0
Uttarahalli,2 BHK,1163.0,2.0,68.0
Sarjapur  Road,2 BHK,1229.0,2.0,70.0
Gowdanapalya,2 Bedroom,600.0,2.0,39.0
Electronic City Phase II,2 BHK,1219.0,2.0,61.26
Raja Rajeshwari Nagar,3 BHK,1525.0,2.0,99.13
Kasavanhalli,2 BHK,1147.0,2.0,60.0
Akshaya Nagar,3 BHK,1412.0,2.0,88.0
Munnekollal,9 Bedroom,1200.0,9.0,215.0
Sarjapur  Road,2 BHK,1044.0,2.0,34.77
Nagarbhavi,2 BHK,1190.0,2.0,63.0
Nagadevanahalli,3 BHK,1240.0,2.0,65.0
Jigani,3 BHK,1352.0,3.0,65.0
Ashwathnagar,2 BHK,1100.0,2.0,55.0
Uttarahalli,3 BHK,1330.0,2.0,39.9
RR Layout,3 BHK,1700.0,3.0,111.0
Electronic City,2 BHK,1355.0,2.0,67.0
Ramamurthy Nagar,2 BHK,1200.0,2.0,46.0
Kengeri,1 BHK,400.0,2.0,25.0
Sarjapur  Road,2 BHK,1342.0,2.0,70.0
Begur Road,3 BHK,1615.0,3.0,50.87
Vinayaka Nagar,2 BHK,1340.0,2.0,65.0
Jakkuru Layout,2 BHK,1200.0,2.0,54.0
Yeshwanthpur,1 Bedroom,400.0,1.0,55.0
Devanahalli,2 BHK,1080.0,2.0,52.0
Gollahalli,2 BHK,1600.0,2.0,31.0
Electronic City,2 BHK,1200.0,2.0,34.0
Hennur Road,3 Bedroom,2700.0,3.0,150.0
Billapura,3 Bedroom,1780.0,3.0,110.0
Amruthahalli,3 BHK,1605.0,3.0,65.0
Ulsoor,4 BHK,7200.0,5.0,1584.0
Doddabommasandra,3 Bedroom,646.0,2.0,65.0
Kammanahalli,2 BHK,1200.0,2.0,80.0
Margondanahalli,2 Bedroom,900.0,2.0,49.0
Sarjapur,3 Bedroom,1830.0,3.0,88.0
Vishwapriya Layout,5 Bedroom,690.0,4.0,83.0
Srirampuram,1 BHK,650.0,1.0,500.0
MS Pallya,5 Bedroom,1800.0,4.0,68.0
Chandapura,3 BHK,715.0,2.0,32.0
Chandapura,3 BHK,1230.0,2.0,31.37
Uttarahalli,2 BHK,1065.0,2.0,42.59
2nd Phase JP Nagar,8 Bedroom,1350.0,8.0,185.0
Srinagar,3 Bedroom,1080.0,3.0,149.0
KHB Colony Extension,3 BHK,900.0,2.0,65.0
Devasthanagalu,2 BHK,946.0,2.0,45.0
Laggere,1 BHK,1500.0,1.0,60.0
Sarjapur  Road,3 BHK,1711.0,3.0,110.0
Attur Layout,4 Bedroom,1200.0,3.0,160.0
Chandapura,2 BHK,950.0,2.0,25.65
Kudlu Gate,3 BHK,1656.0,3.0,80.0
Uttarahalli,2 BHK,1075.0,2.0,46.76
Harlur,3 BHK,1752.12,3.0,133.0
Hebbal,8 Bedroom,6000.0,8.0,220.0
Kaverappa Layout,3 BHK,1540.0,3.0,85.0
6th Phase JP Nagar,4 Bedroom,600.0,4.0,125.0
LB Shastri Nagar,1 BHK,665.0,1.0,32.0
Sector 2 HSR Layout,3 BHK,1665.0,3.0,110.0
Electronics City Phase 1,2 BHK,1145.0,2.0,54.0
Whitefield,2 BHK,1185.0,2.0,41.0
2nd Phase JP Nagar,3 Bedroom,1200.0,3.0,190.0
Marathahalli,3 BHK,1693.0,3.0,125.0
Dollars Layout,3 BHK,2456.0,3.0,220.0
Rajaji Nagar,3 BHK,2559.0,3.0,403.0
Uttarahalli,2 BHK,1155.0,2.0,40.6
Divya Unnathi Layout,3 BHK,1610.0,2.0,64.4
Whitefield,3 Bedroom,1200.0,3.0,56.58
Anjana Nagar,2 Bedroom,1530.0,2.0,185.0
EPIP Zone,3 BHK,1709.0,3.0,80.0
Amruthahalli,4 Bedroom,600.0,4.0,60.0
Brookefield,8 Bedroom,2700.0,8.0,290.0
Subramanya Nagar,1 Bedroom,840.0,1.0,150.0
Gottigere,3 BHK,1400.0,2.0,50.0
KR Puram,2 BHK,1200.0,2.0,42.0
Janatha Colony,3 BHK,1439.0,3.0,57.23
Kasavanhalli,2 BHK,1375.0,2.0,72.0
BTM 2nd Stage,5 Bedroom,2990.0,5.0,416.0
Vijayanagar,3 BHK,1200.0,2.0,75.0
Yelahanka,2 BHK,1315.0,2.0,75.0
Dommasandra,2 Bedroom,1500.0,2.0,40.0
Yelahanka,6 Bedroom,3600.0,6.0,200.0
Vijayanagar,2 BHK,1178.0,2.0,82.0
Bannerghatta Road,3 BHK,1430.0,3.0,59.0
Mahadevpura,3 BHK,1400.0,2.0,65.8
Thanisandra,2 BHK,1093.0,2.0,72.0
Horamavu Banaswadi,2 BHK,1200.0,2.0,45.0
Magadi Road,5 Bedroom,5000.0,6.0,360.0
1st Block Jayanagar,3 BHK,1200.0,2.0,130.0
Whitefield,3 BHK,2210.0,3.0,156.0
Uttarahalli,2 BHK,1150.0,2.0,70.0
Silk Board,3 BHK,1435.0,2.0,60.0
Mathikere,4 Bedroom,600.0,3.0,100.0
Whitefield,2 BHK,1173.0,2.0,78.2
Thanisandra,2 BHK,1140.0,2.0,39.0
Jakkur Plantation,3 BHK,1717.0,3.0,120.0
Mallasandra,2 BHK,1325.0,2.0,65.0
Hoodi,3 BHK,1370.0,3.0,67.0
Electronics City Phase 1,2 BHK,1025.0,2.0,90.0
Doddakammanahalli,3 BHK,1409.0,2.0,62.0
Bellandur,2 BHK,1200.0,2.0,52.0
Thanisandra,2 BHK,1200.0,2.0,53.5
Whitefield,3 BHK,1740.0,4.0,130.0
Hennur Road,2 BHK,1232.0,2.0,88.0
Chandapura,2 Bedroom,1200.0,2.0,36.0
Whitefield,4 BHK,5924.0,4.0,625.0
Veersandra,2 BHK,1250.0,2.0,50.0
Munivenkatppa Layout,2 BHK,1475.0,2.0,171.0
Bommanahalli,4 BHK,2100.0,4.0,85.0
5th Phase JP Nagar,1 BHK,552.0,1.0,23.5
Uttarahalli,3 BHK,1065.0,2.0,42.59
Hennur,3 Bedroom,1000.0,3.0,130.0
Lakshmipura,2 Bedroom,1225.0,2.0,65.0
Harsha Layout,1 BHK,650.0,1.0,16.0
Padmanabhanagar,2 BHK,1067.0,2.0,52.0
Sarjapur,3 BHK,1364.0,2.0,56.0
Tata Nagar,3 BHK,1750.0,3.0,75.0
Bannerghatta Road,2 BHK,1240.0,2.0,71.0
Hulimavu,2 Bedroom,1200.0,2.0,75.0
Kaggadasapura,3 BHK,1540.0,3.0,75.0
Sathya Layout,3 BHK,1504.0,2.0,102.0
New Thippasandra,2 BHK,1116.0,2.0,49.8
Hennur Road,3 BHK,2365.0,4.0,175.0
Sarjapura - Attibele Road,2 BHK,1308.0,2.0,37.0
Vijayanagar,2 BHK,864.0,2.0,45.0
Vidyaranyapura,5 Bedroom,1200.0,5.0,139.0
Hoskote,3 BHK,1069.0,2.0,38.0
Hebbal,2 BHK,1333.0,2.0,100.0
Chennammana Kere,4 BHK,1800.0,4.0,145.0
Devanahalli,4 Bedroom,6136.0,4.0,550.0
Thanisandra,3 BHK,1698.0,3.0,107.0
JP Nagar,3 BHK,1275.0,2.0,43.6
Raja Rajeshwari Nagar,2 BHK,1060.0,2.0,48.0
Hennur,2 BHK,1160.0,2.0,49.0
Sarjapur  Road,3 BHK,1484.0,2.0,65.0
Hosa Road,3 Bedroom,675.0,3.0,70.0
BEML Layout,3 Bedroom,1200.0,5.0,325.0
Hennur Road,2 BHK,1310.0,2.0,66.0
Vijayanagar,6 Bedroom,1806.0,6.0,370.0
Shanti Nagar,4 BHK,3000.0,4.0,240.0
Varthur,3 BHK,2145.0,3.0,165.0
Marathahalli,3 BHK,1693.0,3.0,125.0
Jigani,3 BHK,1230.0,3.0,60.0
Devanahalli,3 Bedroom,1200.0,3.0,145.0
Bommasandra Industrial Area,3 BHK,1310.0,2.0,37.83
Tigalarpalya,2 BHK,1150.0,2.0,60.0
Munnekollal,3 BHK,1385.0,2.0,66.5
Tumkur Road,2 BHK,1066.0,2.0,52.5
Thanisandra,3 BHK,2293.0,3.0,80.26
Tindlu,3 Bedroom,720.0,3.0,81.0
2nd Block Bel Layout,3 BHK,1625.0,3.0,92.0
Vittasandra,2 BHK,1246.0,2.0,67.4
Vijayanagar,4 Bedroom,2100.0,6.0,252.0
sarjapura main road,4 BHK,2400.0,4.0,250.0
Raja Rajeshwari Nagar,6 Bedroom,3900.0,6.0,195.0
7th Phase JP Nagar,2 BHK,1000.0,2.0,70.65
Nagavarapalya,2 BHK,907.0,2.0,38.0
Ulsoor,4 Bedroom,3500.0,4.0,138.0
Varthur,3 BHK,1395.0,2.0,79.0
Kumbena Agrahara,2 BHK,1180.0,2.0,50.0
Banaswadi,5 Bedroom,1903.0,6.0,140.0
Electronic City,2 BHK,1175.0,2.0,47.0
Coconut Grove Layout,2 BHK,1272.0,2.0,51.5
Hiremath Layout,3 BHK,1490.0,2.0,92.0
Yeshwanthpur,2 BHK,1144.0,2.0,67.0
Anekal - Hosur Road,4 Bedroom,2400.0,5.0,140.0
Hormavu,2 BHK,1143.0,2.0,53.0
Karuna Nagar,3 Bedroom,2500.0,3.0,190.0
Whitefield,2 BHK,1216.0,2.0,75.0
Nallurhalli,2 BHK,1044.0,2.0,60.0
Prithvi Layout,2 BHK,1352.0,3.0,93.0
Hennur Road,3 BHK,1552.0,3.0,75.0
Bellandur,3 BHK,1785.0,3.0,120.0
Pai Layout,2 BHK,810.0,2.0,34.5
Banashankari Stage V,3 BHK,1650.0,3.0,51.98
Akshayanagara East,3 BHK,1595.0,3.0,70.39
Whitefield,2 BHK,1060.0,2.0,35.0
Babusapalaya,3 BHK,1410.0,2.0,65.0
Nagarbhavi,3 BHK,1523.0,2.0,56.0
Kanakpura Road,3 BHK,1591.0,3.0,122.0
Ashwath Nagar,3 BHK,1640.0,3.0,84.0
Yelahanka New Town,1 BHK,450.0,1.0,16.0
Bannerghatta Road,3 BHK,1305.0,2.0,60.0
Yelahanka,3 BHK,1590.0,3.0,54.0
Kaggadasapura,2 BHK,1240.0,2.0,45.0
MCECHS  layout,2 BHK,1200.0,2.0,54.0
Dodda Nekkundi,2 BHK,1100.0,2.0,41.16
Koramangala,2 BHK,1180.0,2.0,128.0
Sarjapur  Road,2 BHK,1115.0,2.0,50.0
Bisuvanahalli,2 BHK,845.0,2.0,33.0
4th Block Jayanagar,3 BHK,1567.2,2.0,190.0
Channasandra,3 BHK,1310.0,2.0,45.0
Yelahanka,1 Bedroom,26136.0,1.0,150.0
Jyothi Nagar,2 BHK,959.0,2.0,42.5
8th Phase JP Nagar,4 BHK,1200.0,4.0,140.0
Kambipura,2 BHK,883.0,2.0,37.0
Rachenahalli,2 BHK,1050.0,2.0,55.5
Yelahanka,2 BHK,1390.0,2.0,70.21
Kenchenahalli,3 BHK,1280.0,2.0,69.0
Lingarajapuram,7 Bedroom,1280.0,5.0,150.0
Yelahanka,3 BHK,1614.0,3.0,95.0
Kasturi Nagar,2 BHK,1000.0,2.0,58.0
Marathahalli,2 BHK,1196.0,2.0,57.9
Sarjapur  Road,3 BHK,1220.0,3.0,57.0
Ambalipura,2 BHK,950.0,2.0,31.95
Doddabommasandra,9 BHK,2400.0,8.0,325.0
Akshaya Vana,2 BHK,1141.0,2.0,55.0
5th Phase JP Nagar,2 BHK,1200.0,2.0,51.0
Kasavanhalli,3 BHK,1380.0,2.0,55.0
Doddathoguru,2 BHK,855.0,2.0,32.0
Chandapura,1 BHK,645.0,1.0,16.45
Chandapura,2 BHK,922.0,2.0,36.0
Nagappa Reddy Layout,2 BHK,1200.0,2.0,43.2
Nagadevanahalli,3 BHK,1240.0,2.0,65.0
7th Phase JP Nagar,2 BHK,1070.0,2.0,42.0
Rajiv Gandhi Nagar,2 BHK,1293.0,2.0,75.0
R.T. Nagar,3 BHK,1380.0,2.0,50.0
Yelahanka New Town,3 BHK,1599.0,3.0,80.0
Nehru Nagar,2 BHK,967.0,2.0,41.1
Silver Springs Layout,3 BHK,1885.0,3.0,90.0
1st Block Koramangala,2 BHK,860.0,2.0,65.5
Yelahanka,1 Bedroom,1075.0,1.0,19.5
Sarjapur  Road,2 BHK,1050.0,2.0,63.5
Marathahalli,3 BHK,1595.0,3.0,88.0
Sarjapur  Road,2 BHK,1350.0,2.0,102.0
Hebbal,2 BHK,1204.0,2.0,45.0
Sarjapur  Road,4 BHK,2990.0,4.0,240.0
Sarjapur  Road,2 BHK,1035.0,2.0,49.0
ITPL,2 BHK,1000.0,2.0,29.95
Sarjapur  Road,3 BHK,1457.0,3.0,85.0
Haralur Road,2 BHK,1194.0,2.0,47.0
Bannerghatta,2 BHK,1100.0,2.0,66.0
Whitefield,3 BHK,1655.0,3.0,120.0
Kanakpura Road,3 BHK,1691.2,3.0,115.0
Ramagondanahalli,2 BHK,1215.0,2.0,46.1
Hoodi,3 BHK,1639.0,3.0,129.0
Sarjapur  Road,3 BHK,1685.0,3.0,135.0
Kaveri Nagar,5 Bedroom,1008.0,4.0,180.0
Hormavu,2 BHK,1100.0,2.0,38.0
Marathahalli,3 BHK,2122.0,3.0,125.0
Vasanthapura,2 BHK,1050.0,2.0,47.0
Kengeri,2 BHK,1230.0,2.0,45.0
5th Phase JP Nagar,3 BHK,1240.0,3.0,60.0
Electronic City Phase II,3 BHK,1252.0,2.0,65.0
Canara Bank Colony,3 BHK,1374.0,2.0,88.0
8th Phase JP Nagar,1 BHK,500.0,1.0,30.0
Arekere,8 Bedroom,1200.0,8.0,225.0
Hebbal,3 BHK,1355.0,3.0,83.87
Banashankari,2 BHK,1040.0,2.0,45.0
Sarjapur  Road,2 BHK,1350.0,2.0,68.0
Whitefield,4 BHK,4003.0,6.0,300.0
Hennur,3 BHK,2400.0,3.0,135.0
Haralur Road,3 BHK,1560.0,3.0,90.0
Anandapura,2 BHK,1151.0,2.0,43.16
Uttarahalli,3 BHK,1360.0,2.0,47.59
Crimson Layout,2 BHK,1250.0,2.0,60.0
Chandapura,3 BHK,1110.0,2.0,29.97
Hennur Road,2 BHK,1015.0,2.0,50.0
Kadugodi,3 BHK,1351.0,2.0,78.0
Yelahanka New Town,2 BHK,960.0,2.0,50.0
Virat Nagar,2 BHK,1110.0,2.0,52.0
R.T. Nagar,3 BHK,1680.0,3.0,72.0
Arekere,3 Bedroom,2400.0,3.0,180.0
Yemlur,4 Bedroom,11000.0,5.0,2000.0
Ramamurthy Nagar Extension,3 BHK,1350.0,3.0,48.6
Horamavu Banaswadi,2 BHK,1254.0,2.0,47.0
Haralur Road,3 BHK,1255.0,3.0,115.0
CV Raman Nagar,2 BHK,1051.0,2.0,61.0
"2nd phase jp nagar, jp nagar",3 Bedroom,1200.0,3.0,205.0
Uttarahalli,2 BHK,1099.0,2.0,65.0
Hebbal,3 BHK,2650.0,4.0,199.0
Mathikere Extension,4 Bedroom,2000.0,2.0,160.0
Yeshwanthpur,2 BHK,1541.0,2.0,130.0
Sarjapur  Road,3 Bedroom,1200.0,3.0,70.0
Whitefield,2 BHK,1125.0,2.0,45.0
Vittasandra,3 BHK,1650.0,3.0,85.0
Ashwini layout,1 BHK,834.0,1.0,62.0
Gollarapalya Hosahalli,3 BHK,1320.0,3.0,60.0
Malleshpalya,3 Bedroom,1200.0,3.0,149.0
Indra Nagar,8 Bedroom,1000.0,7.0,160.0
Mysore Road,3 BHK,1500.0,3.0,74.0
Whitefield,4 Bedroom,4400.0,5.0,500.0
Moodalapalya,1 Bedroom,600.0,1.0,52.0
Whitefield,2 BHK,1180.0,2.0,70.0
Kadugodi,2 BHK,1010.0,2.0,50.0
Channasandra,2 BHK,1070.0,2.0,38.0
Choodasandra,3 BHK,1580.0,3.0,105.0
BEML Layout 5th Stage,4 Bedroom,1200.0,5.0,325.0
Green Glen Layout,3 BHK,2000.0,3.0,165.0
Iblur Village,3 BHK,1920.0,3.0,130.0
Sanjay nagar,3 BHK,1200.0,2.0,76.0
Kalena Agrahara,2 BHK,1040.0,2.0,45.0
Hulimavu,3 BHK,1430.0,2.0,90.0
Uttarahalli,3 BHK,1215.0,2.0,52.85
Domlur,1 BHK,650.0,1.0,70.0
Thanisandra,3 BHK,1564.0,3.0,105.0
Manonarayanapalya,3 Bedroom,800.0,2.0,52.0
Hormavu,2 Bedroom,750.0,2.0,58.0
Kasavanhalli,2 BHK,1200.0,2.0,60.0
Raja Rajeshwari Nagar,2 BHK,1128.0,2.0,48.79
Begur Road,2 BHK,1200.0,2.0,44.4
Cholanayakanahalli,4 BHK,2000.0,4.0,135.0
Jakkur Plantation,3 BHK,2750.0,3.0,260.0
4th T block Jayanagar,4 Bedroom,2400.0,4.0,480.0
Yelahanka,3 BHK,1650.0,3.0,105.0
1st Block Jayanagar,2 BHK,1235.0,2.0,148.0
Yelahanka,2 BHK,1200.0,2.0,55.0
M V Extenstion,6 BHK,900.0,5.0,100.0
Kengeri Satellite Town,2 BHK,985.0,2.0,42.0
Ramagondanahalli,3 BHK,1475.0,2.0,63.0
Hebbal,3 BHK,3450.0,5.0,348.0
Sarjapur  Road,3 BHK,1157.0,2.0,53.99
Canara Bank Colony,2 BHK,900.0,2.0,35.0
Gottigere,4 Bedroom,2500.0,3.0,120.0
GM Palaya,2 BHK,1030.0,2.0,60.0
Kamdhenu Nagar,2 BHK,1000.0,2.0,46.0
Sarjapur  Road,4 Bedroom,3800.0,3.0,325.0
Kasavanhalli,4 Bedroom,4260.0,4.0,333.0
Brookefield,5 Bedroom,1950.0,6.0,175.0
Kudlu,3 BHK,1570.0,2.0,65.94
Kanakapura,2 BHK,1283.0,2.0,68.0
Electronic City Phase II,3 BHK,875.0,2.0,40.0
Vinayaka Nagar,2 BHK,1200.0,2.0,52.0
HAL 2nd Stage,3 Bedroom,2700.0,3.0,500.0
Konanakunte,3 Bedroom,2400.0,2.0,180.0
Kathriguppe,3 BHK,1250.0,2.0,68.75
Old Madras Road,4 BHK,3630.0,6.0,196.0
Yelahanka,2 BHK,990.0,2.0,37.62
Panathur,2 BHK,1199.0,2.0,85.0
Brindavan Nagar,2 BHK,1280.0,2.0,90.0
1st Block Jayanagar,4 BHK,2750.0,4.0,413.0
Reliaable Tranquil Layout,2 BHK,1190.0,2.0,55.0
Yelachenahalli,2 BHK,1100.0,2.0,60.0
RMV,3 BHK,2075.0,3.0,175.0
Harlur,2 BHK,1133.0,2.0,55.0
Somasundara Palya,4 BHK,2400.0,3.0,140.0
Whitefield,2 BHK,1280.0,2.0,69.0
Horamavu Agara,3 BHK,1250.0,3.0,65.0
Begur Road,3 BHK,1565.0,2.0,49.3
Pattanagere,3 BHK,1900.0,3.0,65.0
Munnekollal,2 BHK,1080.0,2.0,45.0
Battarahalli,1 BHK,600.0,1.0,47.0
Himagiri Meadows,3 Bedroom,1240.0,4.0,180.0
HRBR Layout,3 BHK,1335.0,2.0,87.0
Vittasandra,2 BHK,1246.0,2.0,67.3
Sarjapur  Road,3 BHK,1385.0,3.0,55.0
Govindpura,3 BHK,1578.0,3.0,73.9
HSR Layout,2 BHK,1140.0,2.0,46.0
Sarjapur  Road,3 BHK,1700.0,3.0,79.9
Ganganahalli,4 Bedroom,1050.0,4.0,90.0
Vidyaranyapura,2 BHK,1120.0,2.0,70.0
Electronic City,1 BHK,435.0,1.0,22.0
Magadi Road,2 BHK,1116.0,2.0,51.89
Old Madras Road,3 BHK,1480.0,3.0,95.0
Hormavu,2 BHK,1000.0,2.0,50.0
HSR Layout,2 BHK,1145.0,2.0,46.0
Bommasandra,2 BHK,800.0,1.0,32.0
Thanisandra,2 BHK,1265.0,2.0,83.0
Narayanappa Garden,2 BHK,1475.0,2.0,70.0
BTM 2nd Stage,2 BHK,1265.0,2.0,55.0
Anandapura,2 Bedroom,1200.0,2.0,58.0
1st Phase JP Nagar,3 BHK,2180.0,3.0,210.0
Brookefield,2 BHK,1080.0,2.0,50.0
Whitefield,3 BHK,2023.0,4.0,130.0
Hanumantha Nagar,2 BHK,2400.0,2.0,125.0
Kadubeesanahalli,3 BHK,1545.0,2.0,66.0
Kalena Agrahara,3 BHK,1804.0,3.0,166.0
3rd Block Hrbr Layout,2 Bedroom,1200.0,2.0,200.0
6th Phase JP Nagar,3 BHK,1350.0,2.0,58.0
Hoodi,2 BHK,1108.0,2.0,74.23
Marathahalli,3 BHK,1730.0,3.0,115.0
RWF West Colony,3 BHK,1427.0,2.0,70.0
Yelahanka,2 BHK,935.0,2.0,35.53
Sarjapura - Attibele Road,2 BHK,1073.0,2.0,31.77
Ananth Nagar,2 BHK,960.0,2.0,37.0
Thigalarapalya,3 BHK,2215.0,4.0,150.0
Electronic City Phase II,2 BHK,1125.0,2.0,32.49
Brookefield,2 BHK,1230.0,2.0,55.0
Mahadevpura,2 BHK,1438.0,2.0,89.0
7th Phase JP Nagar,2 BHK,1080.0,2.0,75.0
Hebbal Kempapura,3 Bedroom,1200.0,3.0,125.0
Marathahalli,2 Bedroom,1200.0,1.0,103.0
Uttarahalli,3 BHK,1590.0,3.0,58.0
Seetharampalya,3 BHK,1350.0,3.0,68.0
Raja Rajeshwari Nagar,3 BHK,1400.0,2.0,48.0
Kaggadasapura,3 BHK,1560.0,2.0,72.0
Mallasandra,4 BHK,1810.0,3.0,57.0
Kanaka Nagar,3 BHK,2274.24,4.0,160.0
Sonnenahalli,3 BHK,1484.0,3.0,74.18
Indira Nagar,3 BHK,1650.0,3.0,220.0
Stage-4 Bommanahalli,3 BHK,1455.0,2.0,55.0
Thanisandra,3 BHK,2280.0,4.0,184.0
Rest House Road,5 BHK,4900.0,5.0,980.0
Frazer Town,3 BHK,2079.0,3.0,220.0
Bharathi Nagar,2 BHK,1351.0,2.0,74.0
Kanakpura Road,3 BHK,1223.0,2.0,42.81
KR Puram,3 BHK,1430.0,2.0,61.0
Whitefield,4 Bedroom,3589.0,5.0,400.0
Electronic City Phase II,3 BHK,1310.0,2.0,37.83
Channasandra,4 Bedroom,1800.0,4.0,300.0
Giri Nagar,4 Bedroom,1120.0,4.0,175.0
Sarjapur  Road,2 BHK,984.0,2.0,55.0
Jalahalli,3 BHK,1770.0,3.0,100.0
Immadihalli,2 Bedroom,900.0,3.0,105.0
Ramamurthy Nagar,5 Bedroom,1350.0,5.0,120.0
Bhoganhalli,2 BHK,1447.0,2.0,75.97
Margondanahalli,2 Bedroom,1140.0,2.0,60.0
Bommanahalli,2 BHK,1170.0,2.0,34.0
Poorna Pragna Layout,2 BHK,1160.0,2.0,46.39
Kanakpura Road,2 BHK,1296.0,2.0,89.0
Kempapura,3 BHK,1570.0,3.0,80.0
Nagappa Reddy Layout,3 BHK,1495.0,2.0,65.0
Hoodi,3 BHK,1530.0,2.0,67.0
Rajaji Nagar,5 Bedroom,900.0,4.0,140.0
Gunjur,3 BHK,1800.0,3.0,70.0
Bellandur,2 BHK,1088.0,2.0,48.0
Hosa Road,3 BHK,1533.0,3.0,98.18
Rachenahalli,2 BHK,1100.0,2.0,68.0
Thubarahalli,3 BHK,1540.0,3.0,90.0
Hebbal,2 BHK,1244.0,3.0,48.0
Hosa Road,2 BHK,1040.0,2.0,68.59
Ex-Servicemen Colony Dinnur Main Road R.T.Nagar,6 BHK,1034.0,6.0,101.0
Begur Road,2 BHK,1260.0,2.0,39.69
Uttarahalli,2 BHK,1180.0,2.0,41.3
Thigalarapalya,2 BHK,1245.0,2.0,100.0
Dollars Colony,3 BHK,1350.0,3.0,75.0
KUDLU MAIN ROAD,3 BHK,1464.0,3.0,56.0
Alur,1 BHK,470.0,2.0,10.0
Vijayanagar,2 BHK,920.0,2.0,60.0
Vijay Nagar,6 Bedroom,2300.0,7.0,160.0
Sarjapur,2 BHK,1124.0,2.0,30.35
Yelahanka New Town,4 BHK,2095.0,3.0,109.0
Begur Road,2 BHK,1100.0,2.0,71.42
Vijayanagar,2 BHK,1019.0,2.0,58.0
Harlur,3 BHK,1756.0,3.0,128.0
Bommasandra,3 BHK,1280.0,3.0,50.0
Kenchenahalli,4 Bedroom,1200.0,3.0,125.0
Indira Nagar,3 BHK,1700.0,3.0,150.0
Whitefield,3 BHK,2134.0,4.0,118.0
Hosa Road,2 BHK,1369.1,2.0,98.0
Subramanyapura,3 Bedroom,600.0,3.0,69.0
Hennur Bande,3 Bedroom,1313.0,4.0,150.0
Carmelaram,3 BHK,2515.0,4.0,155.0
Thigalarapalya,3 BHK,2215.0,4.0,154.0
Basapura,3 BHK,1440.0,3.0,72.0
Hennur Road,3 BHK,1186.0,2.0,55.33
Uttarahalli,3 BHK,1350.0,2.0,47.24
Hebbal,3 BHK,1800.0,3.0,140.0
Kudlu,3 BHK,1600.0,3.0,79.0
GM Palaya,2 BHK,1000.0,2.0,35.0
Cunningham Road,3 BHK,2275.0,3.0,285.0
Banashankari Stage III,3 BHK,1305.0,2.0,59.0
Binny Pete,3 BHK,1740.0,3.0,150.0
Malleshwaram,2 BHK,900.0,2.0,90.0
Benson Town,2 BHK,1567.0,3.0,140.0
Kambipura,3 BHK,1082.0,2.0,45.5
Nagarbhavi,2 BHK,1050.0,2.0,80.0
Atmananda Colony,2 BHK,1200.0,2.0,56.0
Begur,3 Bedroom,3500.0,4.0,185.0
Dasarahalli,2 BHK,1220.0,2.0,52.0
Binny Pete,3 BHK,1970.0,3.0,164.0
CMH Road,3 BHK,2665.0,3.0,350.0
Kanakapura,4 BHK,2130.0,4.0,120.0
Harlur,3 BHK,1749.0,3.0,120.0
Subramanyapura,2 BHK,1260.0,2.0,108.0
6th Phase JP Nagar,2 BHK,1170.0,2.0,120.0
Ankappa Layout,3 BHK,1670.0,3.0,75.0
Hennur Road,3 BHK,2264.0,3.0,168.0
Byadarahalli,4 BHK,3500.0,5.0,450.0
Begur,2 BHK,1100.0,2.0,55.0
Chandapura,2 BHK,674.0,1.0,19.9
Koramangala,2 BHK,1320.0,2.0,160.0
Vishveshwarya Layout,4 Bedroom,600.0,4.0,85.0
Electronics City Phase 1,2 BHK,1125.0,2.0,65.0
Nagavara,2 BHK,1125.0,2.0,44.5
Baba Nagar,2 BHK,700.0,2.0,29.0
BTM Layout,3 BHK,1300.0,2.0,75.0
JP Nagar,3 BHK,1600.0,3.0,83.0
Magadi Road,3 BHK,1052.0,2.0,60.0
Neelasandra,4 BHK,1140.0,3.0,145.0
 Devarachikkanahalli,2 BHK,1130.0,2.0,36.0
Yediyur,4 Bedroom,1140.0,3.0,225.0
BTM 2nd Stage,3 BHK,2200.0,3.0,220.0
Electronic City,3 BHK,1500.0,2.0,63.0
Old Madras Road,3 BHK,1350.0,3.0,47.25
Gottigere,3 BHK,1230.0,2.0,52.0
Haralur Road,3 BHK,1520.0,2.0,85.0
Kanakpura Road,1 BHK,525.0,1.0,26.25
Hosa Road,2 BHK,1040.0,2.0,61.0
Upadhyaya Layout,3 BHK,1300.0,2.0,67.0
Old Airport Road,4 BHK,2690.0,4.0,201.0
Domlur,1 BHK,780.0,1.0,70.0
Panathur,2 BHK,1140.0,2.0,51.2
Chandapura,3 BHK,1225.0,3.0,33.08
Nagavarapalya,1 BHK,646.0,1.0,25.84
Cox Town,3 BHK,1600.0,3.0,150.0
Kadugodi,3 BHK,1890.0,4.0,125.0
Kadugodi,2 BHK,1050.0,2.0,34.0
Ittamadu,6 Bedroom,1200.0,4.0,100.0
Whitefield,3 BHK,1458.0,2.0,62.0
Naganathapura,5 Bedroom,1200.0,6.0,86.0
Green Glen Layout,3 BHK,1970.0,3.0,160.0
Whitefield,3 Bedroom,1808.0,4.0,80.0
Balagere,2 BHK,1007.0,2.0,67.0
Doddathoguru,2 BHK,1105.0,2.0,50.0
Lakshminarayana Pura,3 BHK,1700.0,3.0,150.0
Raja Rajeshwari Nagar,2 BHK,1170.0,2.0,50.0
Chandapura,2 BHK,1080.0,2.0,45.0
Kaggalipura,3 BHK,1150.0,2.0,62.0
Ramamurthy Nagar,2 BHK,1200.0,2.0,57.9
Jakkuru Layout,2 BHK,1200.0,2.0,54.0
Kudlu Gate,3 BHK,1656.0,3.0,75.0
bsk 6th stage 2ad block near sri conversation hall,4 Bedroom,600.0,4.0,87.0
KR Puram,2 BHK,1040.0,2.0,50.0
Hosur Road,2 BHK,1085.0,2.0,33.7
Virat Nagar,3 BHK,1215.0,2.0,49.75
NRI Layout,4 Bedroom,2150.0,4.0,115.0
Hoodi,4 Bedroom,1100.0,4.0,120.0
Panathur,2 BHK,1210.0,2.0,77.0
Kallumantapa,2 BHK,1050.0,2.0,55.0
"Annapoorneshwari Layout, JP nagar 7th phase",3 Bedroom,600.0,3.0,70.0
Iblur Village,3 BHK,1920.0,3.0,150.0
Uttarahalli,3 BHK,1250.0,2.0,50.0
Mysore Road,2 BHK,947.55,2.0,80.0
Malleshpalya,2 BHK,1421.0,2.0,90.0
Mudalpalaya,6 Bedroom,1050.0,4.0,155.0
Old Madras Road,3 BHK,1425.0,2.0,74.31
Budigere,2 BHK,1162.0,2.0,58.0
Whitefield,1 BHK,905.0,1.0,60.0
Sarjapur  Road,2 BHK,914.0,2.0,32.0
elachenahalli,2 BHK,1258.0,2.0,58.0
CV Raman Nagar,4 Bedroom,1100.0,4.0,220.0
Hormavu,4 Bedroom,3500.0,4.0,289.0
Poorna Pragna Layout,7 Bedroom,2400.0,6.0,450.0
Ramagondanahalli,4 Bedroom,4200.0,4.0,800.0
Whitefield,3 BHK,1537.0,2.0,70.0
Chikkalasandra,3 BHK,1230.0,2.0,53.51
B K Nagar,6 Bedroom,2400.0,5.0,300.0
Malleshwaram,3 BHK,2250.0,3.0,200.0
Hosur Road,4 Bedroom,2000.0,4.0,69.0
Vivek Nagar,8 BHK,3000.0,4.0,130.0
Kumaraswami Layout,4 Bedroom,2600.0,4.0,325.0
Indira Nagar,4 Bedroom,3200.0,3.0,250.0
Anjanapura,2 BHK,950.0,2.0,32.0
Marathahalli,4 BHK,4000.0,4.0,200.0
Yelahanka,3 BHK,1282.0,2.0,48.72
Banashankari Stage III,2 BHK,1304.0,2.0,111.0
7th Phase JP Nagar,3 BHK,2100.0,3.0,200.0
Jakkur,3 BHK,1220.0,2.0,49.0
Budigere,3 BHK,1636.0,3.0,85.0
7th Phase JP Nagar,3 BHK,1415.0,3.0,65.0
Green Glen Layout,3 BHK,1728.0,3.0,125.0
7th Phase JP Nagar,3 BHK,1680.0,3.0,125.0
Venkatapura,2 BHK,1235.0,2.0,140.0
Yelachenahalli,4 Bedroom,900.0,2.0,115.0
Yelahanka,4 Bedroom,3990.0,4.0,260.0
Kasavanhalli,2 BHK,1495.0,2.0,83.0
Hennur Road,5 Bedroom,1500.0,5.0,175.0
Yeshwanthpur,3 BHK,2501.0,3.0,138.0
Kanakpura Road,1 BHK,381.0,1.0,28.0
Gopalapura,4 BHK,3301.8,5.0,570.0
Hennur Road,3 BHK,2002.0,3.0,120.0
Meenakunte,3 Bedroom,3200.0,3.0,260.0
Banjara Layout,2 Bedroom,1200.0,2.0,70.0
Sarjapur  Road,4 Bedroom,1500.0,3.0,235.0
Bommasandra,3 Bedroom,1942.0,3.0,90.0
Thyagaraja Nagar,1 Bedroom,660.0,1.0,95.0
Banashankari Stage III,4 Bedroom,1200.0,6.0,170.0
Basavanna Nagar,3 BHK,1450.0,3.0,90.0
Electronic City,2 BHK,1039.0,2.0,50.0
Old Madras Road,2 BHK,1210.0,2.0,80.0
Attibele,2 BHK,995.0,1.0,24.88
Yelahanka,3 BHK,1620.0,3.0,90.0
Choodasandra,3 Bedroom,3204.0,4.0,395.0
Hebbal Kempapura,3 BHK,3408.0,3.0,260.0
Marathahalli,2 BHK,1314.0,2.0,55.0
Bisuvanahalli,2 BHK,945.0,2.0,33.0
Nehru Nagar,3 BHK,1374.0,3.0,72.0
Kanakpura Road,3 BHK,1603.0,3.0,113.0
Kengeri,3 BHK,1230.0,2.0,52.0
 Basavangudi,1 RK,670.0,1.0,50.0
Sarjapur  Road,4 BHK,1864.0,3.0,105.0
Hosa Road,3 Bedroom,2500.0,3.0,100.0
Raja Rajeshwari Nagar,3 BHK,1625.0,2.0,54.0
Whitefield,2 BHK,1186.0,2.0,55.0
KR Puram,8 Bedroom,1500.0,7.0,382.0
Electronic City,2 BHK,770.0,1.0,39.9
Varthur,2 BHK,1085.0,2.0,45.0
Dairy Circle,4 BHK,3754.0,6.0,480.0
Dodsworth Layout,3 BHK,1893.0,3.0,115.0
Thurahalli,4 Bedroom,600.0,3.0,65.0
Kundalahalli,3 BHK,1496.0,2.0,78.0
Chandapura,3 BHK,1305.0,3.0,33.28
Electronics City Phase 1,3 BHK,1550.0,2.0,82.0
Marathahalli,3 BHK,1200.0,2.0,58.17
Badavala Nagar,3 BHK,1494.0,2.0,94.55
Electronic City Phase II,2 BHK,1286.0,2.0,69.0
"Banashankari 6th stage , 2nd block",3 Bedroom,600.0,4.0,100.0
Hebbal,3 BHK,1860.0,3.0,95.0
Raghuvanahalli,1 BHK,425.0,1.0,750.0
Haralur Road,2 BHK,1243.0,2.0,45.0
Brookefield,2 BHK,1200.0,2.0,75.0
Sarjapur,2 BHK,1044.0,2.0,32.0
7th Phase JP Nagar,2 BHK,1040.0,2.0,41.59
8th Phase JP Nagar,2 BHK,1125.0,2.0,36.94
Cunningham Road,3 BHK,3489.0,3.0,662.0
Subramanyapura,3 BHK,1278.0,2.0,59.0
Chelekare,6 BHK,2400.0,6.0,98.0
Belatur,2 BHK,1250.0,2.0,43.0
Vijayanagar,5 Bedroom,2400.0,6.0,125.0
KR Puram,5 Bedroom,4166.0,5.0,560.0
Lakshminarayana Pura,2 BHK,1210.0,2.0,75.0
8th Phase JP Nagar,4 BHK,1200.0,3.0,110.0
Sarjapur  Road,3 BHK,1157.0,2.0,57.84
Raja Rajeshwari Nagar,2 BHK,1185.0,2.0,51.15
Kalena Agrahara,3 BHK,1450.0,3.0,100.0
Old Madras Road,3 BHK,1859.0,3.0,121.0
Rajaji Nagar,2 BHK,1763.0,3.0,262.0
Attibele,2 BHK,900.0,1.0,25.0
Ramamurthy Nagar,3 BHK,1305.0,3.0,60.0
Srirampuram,3 BHK,1200.0,2.0,100.0
Kasavanhalli,,5000.0,,400.0
Sarjapur  Road,2 BHK,1150.0,2.0,36.8
Whitefield,3 BHK,1806.0,3.0,85.0
Kudlu,2 BHK,1027.0,2.0,42.0
Uttarahalli,2 BHK,1002.0,2.0,40.08
Electronic City Phase II,3 BHK,1220.0,2.0,36.21
Whitefield,2 BHK,1109.0,2.0,35.22
Uttarahalli,2 BHK,1002.0,2.0,40.08
Narayanapura,2 BHK,1308.0,2.0,89.04
Hennur Road,2 BHK,1232.0,2.0,69.6
Haralur Road,2 BHK,1027.0,2.0,44.0
Kalyan nagar,2 BHK,1250.0,2.0,65.0
2nd Phase JP Nagar,6 Bedroom,900.0,6.0,170.0
KR Puram,4 Bedroom,960.0,4.0,80.0
Raja Rajeshwari Nagar,2 BHK,1255.0,2.0,53.87
Akshaya Nagar,3 BHK,1434.0,3.0,84.0
Doddathoguru,2 BHK,925.0,2.0,30.0
Jakkur,3 BHK,1858.0,3.0,123.0
Jakkuru Layout,2 BHK,1205.0,2.0,70.0
Nelamangala,3 Bedroom,1500.0,3.0,90.0
Nagawara Junction,3 Bedroom,1200.0,3.0,200.0
Mysore Road,2 BHK,1020.0,2.0,48.95
Thanisandra,2 BHK,965.0,2.0,56.0
7th Phase JP Nagar,5 Bedroom,1800.0,6.0,270.0
Hoysalanagar,6 Bedroom,1200.0,4.0,90.0
Battarahalli,2 BHK,1636.0,2.0,82.89
Kundalahalli,3 BHK,1724.0,3.0,125.0
Whitefield,2 BHK,1216.0,2.0,67.0
Yelahanka,1 BHK,654.0,1.0,36.25
Chikkabanavar,4 Bedroom,2460.0,7.0,80.0
Abbaiah Reddy Layout,2 BHK,1190.0,2.0,41.0
Tavarekere,7 Bedroom,1200.0,5.0,180.0
Budigere,3 BHK,1636.0,3.0,92.0
Hennur Road,2 BHK,1195.0,2.0,73.0
Nagavara,3 BHK,2400.0,3.0,251.0
1st Block HRBR Layout,2 BHK,1250.0,2.0,67.0
Whitefield,3 BHK,1452.0,3.0,90.0
Thanisandra,3 BHK,1546.0,3.0,95.0
Indira Nagar,3 Bedroom,1440.0,3.0,275.0
Naganathapura,2 Bedroom,2260.0,3.0,80.0
Tavarekere,4 Bedroom,2700.0,3.0,90.0
Indira Nagar,2 BHK,1475.0,2.0,171.0
JP Nagar,4 BHK,3000.0,3.0,150.0
KG Halli,1 Bedroom,375.0,1.0,26.0
Balagere,2 BHK,1007.0,2.0,66.0
Cubbon Road,4 BHK,5422.0,6.0,1900.0
Hennur Road,2 BHK,1020.0,2.0,47.0
Lavelle Road,2 BHK,1000.0,2.0,150.0
Varanasi,2 Bedroom,800.0,3.0,59.5
Geddalahalli,5 Bedroom,1200.0,3.0,95.0
Marathahalli,2 BHK,1125.0,2.0,55.0
Kudlu Gate,9 Bedroom,1150.0,9.0,140.0
Kada Agrahara,3 BHK,909.0,2.0,43.0
Whitefield,4 Bedroom,2850.0,5.0,240.0
Dodsworth Layout,2 BHK,1400.0,2.0,85.0
Kadugodi,2 BHK,1152.0,2.0,61.0
Subramanyapura,2 BHK,958.0,2.0,34.49
Whitefield,2 BHK,1150.0,2.0,55.0
Old Madras Road,3 BHK,2990.0,5.0,173.0
Bellandur,2 BHK,1310.0,2.0,85.0
Hosur Road,3 BHK,1590.0,2.0,126.0
Green Glen Layout,3 BHK,1645.0,3.0,110.0
Veerabhadra Nagar,3 Bedroom,1800.0,2.0,100.0
Thanisandra,3 BHK,1795.0,3.0,150.0
8th Phase JP Nagar,2 BHK,1100.0,2.0,35.0
Kalkere,2 BHK,925.0,2.0,70.0
Basavangudi,3 BHK,1542.14,3.0,120.0
Konanakunte,4 Bedroom,3746.0,6.0,375.0
Thanisandra,3 BHK,1430.0,2.0,54.0
Bommanahalli,2 BHK,1020.0,2.0,55.0
Ramamurthy Nagar Extension,4 Bedroom,750.0,2.0,42.0
Electronic City Phase II,2 BHK,1140.0,2.0,32.92
Anekal,3 BHK,967.0,2.0,45.0
Hebbal,4 BHK,2470.0,4.0,203.0
Maruthi Nagar,2 BHK,850.0,1.0,35.5
Vidhyanagar Cross,2 BHK,1100.0,2.0,32.0
Thanisandra,3 BHK,1697.0,3.0,110.0
Varthur,2 BHK,1250.0,2.0,47.0
Gottigere,2 BHK,1120.0,2.0,50.0
NRI Layout,4 Bedroom,1200.0,4.0,95.0
Hennur Road,5 Bedroom,5100.0,6.0,375.0
7th Block Jayanagar,4 Bedroom,2400.0,3.0,480.0
Hebbal,2 BHK,1200.0,2.0,52.0
7th Phase JP Nagar,2 BHK,1100.0,2.0,44.0
 Devarachikkanahalli,3 BHK,1417.0,2.0,76.0
Thanisandra,3 BHK,1492.0,3.0,88.0
Devanahalli,3 BHK,1498.0,3.0,79.15
Bellari Road,4 BHK,3500.0,2.0,350.0
Kundalahalli,2 BHK,1010.0,2.0,48.27
Hennur,2 BHK,1255.0,2.0,53.5
Channasandra,2 BHK,1050.0,2.0,35.0
Hegde Nagar,3 BHK,1847.0,3.0,125.0
1st Stage Indira Nagar,2 BHK,1200.0,2.0,55.0
Bellandur,2 BHK,982.0,2.0,37.28
Hegde Nagar,3 BHK,2144.6,4.0,145.0
Kengeri,2 BHK,750.0,2.0,36.5
Electronic City,2 BHK,919.0,2.0,35.0
Budigere,2 BHK,1087.0,2.0,54.3
Sunder Ram Shetty Nagar,3 BHK,1480.0,3.0,74.0
Tindlu,2 BHK,1180.0,2.0,52.0
6th Block Jayanagar,3 BHK,2100.0,4.0,255.0
Jigani,3 BHK,1221.0,3.0,65.0
Haralur Road,2 BHK,1194.0,2.0,46.0
Thanisandra,3 BHK,2072.0,3.0,122.0
Whitefield,3 BHK,1600.0,3.0,69.0
Sahakara Nagar,3 BHK,2200.0,3.0,98.0
Rajaji Nagar,3 BHK,1640.0,3.0,220.0
Kaikondrahalli,2 BHK,1253.0,2.0,81.5
Hennur Road,2 BHK,1061.0,2.0,54.92
Marathahalli,3 BHK,1950.0,3.0,115.0
Marathahalli,2 BHK,1250.0,2.0,68.0
Hennur Road,3 BHK,1585.0,2.0,80.0
Kanakpura Road,3 BHK,1452.0,3.0,60.98
Kammasandra,2 BHK,1015.0,2.0,37.0
Marathahalli,2 BHK,1125.0,2.0,56.8
Electronic City Phase II,2 BHK,1116.0,2.0,40.0
Kadarenahalli,1 Bedroom,400.0,1.0,35.0
Kasavanhalli,4 BHK,4000.0,4.0,325.0
Hebbal,4 BHK,3900.0,4.0,410.0
Old Madras Road,2 BHK,1300.0,2.0,100.0
Raja Rajeshwari Nagar,2 BHK,1419.0,2.0,60.42
Punappa Layout,3 BHK,1310.0,2.0,55.0
Thigalarapalya,3 BHK,2072.0,4.0,152.0
Kaggadasapura,2 BHK,1240.0,2.0,58.58
Chamrajpet,3 BHK,1565.0,3.0,98.91
Budigere,3 BHK,1820.0,3.0,89.0
Gubbalala,3 Bedroom,2500.0,3.0,88.0
KR Puram,5 Bedroom,3657.0,5.0,310.0
Hosa Road,2 BHK,1245.0,2.0,62.0
GM Palaya,3 BHK,1315.0,3.0,65.0
Kenchenahalli,3 BHK,1410.0,2.0,73.0
Dasarahalli,2 BHK,1375.0,2.0,60.0
Old Madras Road,2 BHK,1299.0,2.0,95.0
Pampa Extension,2 BHK,993.0,2.0,45.5
Bommasandra Industrial Area,2 Bedroom,1200.0,3.0,45.0
Lavelle Road,2 BHK,985.0,2.0,156.0
4th Block Koramangala,4 Bedroom,2400.0,5.0,180.0
Hebbal,3 BHK,1255.0,2.0,95.0
Hoodi,3 BHK,1655.0,3.0,131.0
Whitefield,4 BHK,2830.0,5.0,190.0
 Sector 1 HSR Layout,1 BHK,6000.0,1.0,276.0
Electronic City,2 BHK,550.0,1.0,15.0
Balaji Gardens Layout,1 BHK,825.0,2.0,40.0
Begur Road,3 BHK,1634.0,3.0,111.0
Kogilu,8 Bedroom,1200.0,6.0,105.0
Banaswadi,2 BHK,1222.0,2.0,80.0
Gottigere,3 BHK,1500.0,3.0,63.0
Akshaya Nagar,3 BHK,1890.0,4.0,100.0
Hegde Nagar,4 Bedroom,3750.0,6.0,375.0
Hulimavu,2 BHK,850.0,1.0,39.5
Whitefield,2 BHK,1295.0,2.0,78.5
Sarjapur  Road,2 BHK,1320.0,2.0,100.0
ISRO Layout,4 Bedroom,950.0,3.0,179.0
Hebbal,4 Bedroom,1200.0,4.0,225.0
2nd Stage Nagarbhavi,4 Bedroom,3000.0,3.0,170.0
Harlur,2 BHK,1197.0,2.0,82.0
Hoysalanagar,3 BHK,1320.0,2.0,60.0
Billekahalli,5 Bedroom,1180.0,5.0,98.5
Whitefield,1 BHK,840.0,1.0,57.6
Raja Rajeshwari Nagar,3 BHK,1693.0,3.0,71.38
Kodihalli,2 BHK,1000.0,2.0,62.0
Babusapalaya,2 BHK,1305.0,2.0,70.0
Kodichikkanahalli,1 BHK,450.0,1.0,18.0
CV Raman Nagar,1 BHK,705.0,1.0,57.0
Ilyas Nagar,4 BHK,750.0,6.0,75.0
Tumkur Road,5 Bedroom,4800.0,5.0,150.0
Koramangala Industrial Layout,4 Bedroom,5000.0,5.0,600.0
Gubbalala,4 Bedroom,5000.0,4.0,425.0
Whitefield,3 BHK,1991.0,3.0,104.0
Battarahalli,3 BHK,1779.0,3.0,90.0
Whitefield,4 Bedroom,10200.0,4.0,1250.0
Banaswadi,2 BHK,870.0,2.0,38.0
Thanisandra,3 BHK,1595.0,3.0,120.0
Kanakpura Road,1 BHK,525.0,1.0,26.0
Ramamurthy Nagar,4 Bedroom,945.0,5.0,120.0
Basaveswarnagar,6 Bedroom,2400.0,4.0,420.0
Iblur Village,3 BHK,2000.0,4.0,138.0
Yelahanka,3 BHK,1614.0,3.0,93.0
Gottigere,2 BHK,1200.0,2.0,40.0
Electronic City Phase II,3 BHK,1150.0,3.0,46.0
Indira Nagar,4 BHK,3200.0,4.0,440.0
Sonnenahalli,3 BHK,1610.0,3.0,80.48
Whitefield,2 BHK,1190.0,2.0,41.0
Kallumantapa,2 BHK,1050.0,2.0,50.0
Vaishnavi Layout,4 Bedroom,4800.0,5.0,420.0
7th Phase JP Nagar,3 BHK,1460.0,2.0,97.0
Jaymahal Road,3 BHK,3400.0,3.0,400.0
Naganathapura,1 Bedroom,600.0,1.0,33.0
Suraksha Nagar,3 BHK,1569.0,3.0,70.0
"Off Sarjapur Road, ",3 Bedroom,2600.0,3.0,147.0
Electronics City Phase 1,1 BHK,645.0,1.0,42.5
Nagarbhavi Garden Villas Layout,4 Bedroom,1200.0,3.0,180.0
Nagarbhavi,3 Bedroom,800.0,3.0,95.0
Mico Layout,2 Bedroom,800.0,2.0,80.0
Marathahalli,2 BHK,1350.0,2.0,90.0
BTM 2nd Stage,3 BHK,2780.0,4.0,325.0
Rajarajeshwari Nagara,3 BHK,1410.0,2.0,45.12
Whitefield,2 BHK,1109.0,2.0,35.47
Vasanth nagar,4 BHK,2000.0,3.0,1063.0
Agrahara Dasarahalli,1 BHK,800.0,1.0,72.0
Bannerghatta Road,2 BHK,1215.0,2.0,68.0
Basaveshwara Nagar,8 Bedroom,1230.0,6.0,250.0
Prithvi Layout,3 Bedroom,2273.0,4.0,192.0
Varthur Road,2 BHK,1255.0,2.0,52.76
B Narayanapura,2 BHK,1020.0,2.0,49.0
T R Mill Road,3 BHK,1225.0,2.0,82.0
Singasandra,2 BHK,1120.0,2.0,60.0
Victoria Layout,5 Bedroom,2400.0,5.0,625.0
Kasavanhalli,3 BHK,1225.0,2.0,69.0
Whitefield,4 Bedroom,5200.0,5.0,242.0
Indira Nagar,4 BHK,4000.0,4.0,700.0
Sarjapur  Road,3 BHK,1984.0,4.0,145.0
Old Madras Road,3 BHK,2425.0,3.0,197.0
ITPL,3 Bedroom,1200.0,3.0,56.12
Bommasandra,2 BHK,1127.0,2.0,45.0
Whitefield,3 BHK,1655.0,3.0,97.0
Ananth Nagar,1 BHK,500.0,1.0,14.0
Varthur,3 Bedroom,1200.0,3.0,68.38
Kaggadasapura,2 BHK,1000.0,2.0,43.0
CV Raman Nagar,2 BHK,1225.0,2.0,47.88
Hormavu,2 BHK,1350.0,2.0,45.0
Nagarbhavi,4 Bedroom,600.0,5.0,95.0
Sahakara Nagar,2 BHK,1175.0,2.0,49.0
Sanne Amanikere,1 BHK,655.0,1.0,27.0
Hosa Road,3 BHK,1311.0,2.0,84.86
Banashankari Stage VI,3 Bedroom,600.0,4.0,90.0
CV Raman Nagar,2 BHK,1000.0,2.0,38.5
Indira Nagar Stage 2,2 BHK,1196.0,2.0,96.0
Kanakpura Road,3 BHK,1050.0,2.0,59.0
Somasundara Palya,3 BHK,1275.0,2.0,52.0
Hommadevanahalli,2 BHK,927.0,2.0,50.0
Varthur,3 BHK,1520.0,2.0,61.0
BTM Layout 2nd Stage 1st Phase,4 Bedroom,2400.0,5.0,395.0
Hebbal,2 BHK,1333.0,2.0,104.0
Tunganagara,1 BHK,600.0,1.0,18.0
Abbigere,3 BHK,1326.0,2.0,34.8
Koramangala,2 BHK,1370.0,2.0,125.0
Koramangala,2 BHK,1100.0,2.0,85.0
Haralur Road,3 BHK,1650.0,3.0,100.0
Kasavanhalli,3 BHK,1917.0,3.0,132.0
Doddakannelli,3 BHK,780.0,3.0,75.0
Billekahalli,2 BHK,950.0,2.0,58.11
T C Palya main Road,2 BHK,1175.0,2.0,48.72
8th Phase JP Nagar,2 BHK,1089.0,2.0,43.55
Kalena Agrahara,3 BHK,1804.0,3.0,175.0
Hoodi,2 BHK,1257.0,2.0,68.5
Sarjapur,1 BHK,650.0,1.0,19.87
Whitefield,3 BHK,1850.0,3.0,150.0
Vishwapriya Nagar,4 Bedroom,2800.0,4.0,200.0
Vidyaranyapura,2 BHK,945.0,2.0,40.0
Koramangala,2 BHK,1161.0,2.0,63.85
Banashankari Stage V,3 BHK,1630.0,3.0,51.35
Jalahalli,3 BHK,1310.0,2.0,60.0
Lake City,2 BHK,750.0,2.0,28.0
Whitefield,3 Bedroom,1200.0,3.0,67.77
Vittal Nagar,2 BHK,1000.0,2.0,45.0
Old Madras Road,4 Bedroom,4000.0,4.0,225.0
Nagavara,2 BHK,1315.0,2.0,70.0
Sahakara Nagar,3 BHK,1370.0,2.0,90.0
Ulsoor,5 Bedroom,1200.0,4.0,150.0
Bellandur,2 BHK,1465.0,3.0,90.0
JP Nagar,3 BHK,20000.0,3.0,175.0
Electronic City,2 BHK,1128.0,2.0,64.0
Padmanabhanagar,3 BHK,1250.0,2.0,70.0
Hebbal,3 BHK,1645.0,3.0,117.0
Horamavu Agara,3 BHK,1284.0,2.0,75.0
Hebbal,3 BHK,2600.0,3.0,199.0
Kodigehalli,3 BHK,1820.0,3.0,150.0
Haralur Road,3 BHK,1580.0,3.0,73.0
Akshaya Nagar,3 Bedroom,2650.0,3.0,125.0
Bannerghatta Road,2 BHK,1215.0,2.0,68.0
Uttarahalli,2 BHK,1075.0,2.0,40.0
R.T. Nagar,3 BHK,1400.0,2.0,78.0
Subramanyapura,3 BHK,1400.0,2.0,55.0
Bisuvanahalli,2 BHK,845.0,2.0,30.0
Hegde Nagar,4 BHK,2600.0,4.0,40.0
Richards Town,2 BHK,800.0,2.0,85.0
Panathur,2 BHK,1199.0,2.0,85.0
Gunjur,2 BHK,1175.0,2.0,43.48
Sahakara Nagar,3 Bedroom,2400.0,3.0,270.0
Bellandur,3 BHK,1767.0,3.0,109.0
Sarjapur  Road,4 BHK,1800.0,3.0,90.0
Talaghattapura,3 BHK,1856.0,3.0,135.0
R.T. Nagar,3 Bedroom,1200.0,3.0,140.0
Rajaji Nagar,3 BHK,1613.0,3.0,150.0
Jakkur,4 BHK,6830.0,5.0,795.0
Whitefield,2 BHK,1290.0,2.0,90.0
Kasavanhalli,2 BHK,1375.0,2.0,78.0
Bagalur,2 BHK,985.0,2.0,57.0
Jeevan bima nagar,4 Bedroom,1200.0,4.0,200.0
Singasandra,2 BHK,1099.0,2.0,37.5
Electronic City,1 BHK,605.0,1.0,13.31
1 Immadihalli,11 BHK,6000.0,12.0,150.0
RMV Extension Stage 2,7 Bedroom,3600.0,7.0,160.0
Marathahalli,2 BHK,1200.0,2.0,53.0
Hulimavu,2 BHK,1000.0,2.0,45.0
Electronic City,3 BHK,1159.0,2.0,38.0
Sarjapur  Road,5 BHK,3692.0,5.0,340.0
Devi Nagar,2 Bedroom,600.0,2.0,80.0
4th Block Koramangala,4 Bedroom,2400.0,4.0,600.0
BTM Layout,3 BHK,1540.0,2.0,78.0
"JP Nagar 7th Phase, ",3 BHK,1503.0,2.0,93.0
Ambedkar Nagar,3 BHK,1850.0,4.0,120.0
Uttarahalli,3 BHK,1580.0,3.0,60.0
Mico Layout,2 BHK,1190.0,2.0,39.25
Sampigehalli,2 Bedroom,1200.0,2.0,61.0
HAL 2nd Stage,7 Bedroom,1000.0,7.0,250.0
Jakkur,2 BHK,850.0,1.0,19.9
Domlur,3 BHK,2180.0,3.0,285.0
Hennur Bande,3 BHK,2500.0,2.0,60.0
ITPL,3 Bedroom,1200.0,3.0,56.12
Kamakshipalya,3 BHK,1500.0,2.0,52.0
Navodaya Nagar,5 Bedroom,1200.0,3.0,180.0
Thanisandra,3 BHK,1880.0,3.0,120.0
Padmanabhanagar,2 BHK,1150.0,2.0,45.0
Kasavanhalli,4 Bedroom,4408.0,4.0,344.0
Bellandur,2 BHK,924.0,2.0,35.11
Sarjapur  Road,5 BHK,7800.0,6.0,385.0
Kumaraswami Layout,6 Bedroom,600.0,6.0,100.0
Pattanagere,4 Bedroom,750.0,4.0,95.0
Karuna Nagar,3 Bedroom,1962.0,3.0,175.0
2nd Stage Nagarbhavi,5 Bedroom,1200.0,4.0,240.0
B Narayanapura,3 BHK,1765.0,3.0,77.27
Attibele,2 BHK,1174.0,2.0,29.35
Bannerghatta Road,3 BHK,1894.0,3.0,115.0
Ramamurthy Nagar,4 Bedroom,960.0,2.0,138.0
Sector 7 HSR Layout,3 BHK,1760.0,3.0,142.0
Doddanakundi Industrial Area 2,3 BHK,1768.0,3.0,95.0
Kothanur,3 BHK,1790.0,3.0,97.0
Kumara Park,4 Bedroom,3500.0,5.0,800.0
Whitefield,2 Bedroom,1200.0,2.0,45.0
Kengeri,4 Bedroom,2540.0,4.0,160.0
Mahadevpura,2 BHK,1137.0,2.0,53.4
Guni Agrahara,7 Bedroom,1200.0,6.0,115.0
Mysore Road,3 BHK,1568.0,2.0,100.0
AECS Layout,2 BHK,1308.0,2.0,60.0
Shankarapuram,4 BHK,3060.0,4.0,350.0
Bisuvanahalli,3 BHK,1200.0,2.0,41.0
Shetty Halli,1 BHK,800.0,1.0,32.0
Electronic City,1 BHK,530.0,1.0,13.5
Bisuvanahalli,3 BHK,873.0,2.0,40.0
AGB Layout,7 Bedroom,3000.0,6.0,145.0
2nd Stage Arekere Mico Layout,4 Bedroom,1200.0,4.0,235.0
Subramanyapura,2 BHK,958.0,2.0,33.53
Thigalarapalya,3 BHK,2072.0,4.0,160.0
Talaghattapura,3 BHK,2273.0,3.0,159.0
Banashankari Stage VI,3 Bedroom,600.0,3.0,90.0
Thanisandra,1 BHK,760.0,1.0,50.0
Dommasandra,2 BHK,1090.0,2.0,43.5
Thigalarapalya,3 BHK,2072.0,4.0,155.0
Bellandur,3 BHK,2666.0,3.0,230.0
Sarjapur  Road,3 BHK,1550.0,2.0,89.0
Ramagondanahalli,2 BHK,1251.0,2.0,50.0
Electronic City,2 BHK,1070.0,2.0,53.0
Kalena Agrahara,2 BHK,1200.0,2.0,45.0
CV Raman Nagar,3 BHK,1435.0,2.0,60.0
Bommasandra,3 BHK,1400.0,2.0,45.0
Judicial Layout,4 BHK,2330.0,3.0,94.71
Thanisandra,2 BHK,1200.0,2.0,60.0
Panathur,2 BHK,1000.0,2.0,40.0
Bannerghatta Road,3 BHK,1655.0,2.0,62.89
Raja Rajeshwari Nagar,9 Bedroom,3600.0,9.0,240.0
Bidrahalli,1 Bedroom,600.0,1.0,35.0
Electronics City Phase 1,2 BHK,1175.0,2.0,50.0
Uttarahalli,2 BHK,1155.0,2.0,40.43
Magadi Road,3 Bedroom,1200.0,3.0,98.0
Budigere,2 BHK,1149.0,2.0,65.0
Choodasandra,4 Bedroom,3200.0,4.0,375.0
Chinnapanahalli,2 BHK,1010.0,2.0,55.0
Hegde Nagar,3 BHK,1718.0,3.0,119.0
Bilal Nagar,2 BHK,650.0,1.0,20.0
Banashankari,2 BHK,1330.0,2.0,77.0
Hormavu,2 BHK,1200.0,2.0,68.0
Bannerghatta Road,3 BHK,1693.0,3.0,89.0
Koramangala,2 BHK,1249.0,2.0,165.0
Thanisandra,3 BHK,1800.0,4.0,125.0
Margondanahalli,2 Bedroom,900.0,2.0,55.0
NGR Layout,2 BHK,1020.0,2.0,46.0
Amruthahalli,3 BHK,1700.0,3.0,77.0
Panathur,1 BHK,661.0,1.0,40.0
Bannerghatta Road,2 BHK,1280.0,2.0,60.16
Krishna Nagar,5 Bedroom,1000.0,4.0,90.0
Hosur Road,2 BHK,1170.0,2.0,48.0
Thanisandra,1 BHK,933.0,2.0,58.0
Sarjapur  Road,2 BHK,1150.0,2.0,44.0
Benson Town,4 BHK,3633.0,6.0,550.0
Rajaji Nagar,3 BHK,1380.0,3.0,130.0
Banjara Layout,2 Bedroom,1050.0,2.0,64.8
Kanakapura Main Road,2 BHK,1080.0,2.0,37.8
Harlur,2 BHK,1303.0,2.0,90.0
Raja Rajeshwari Nagar,2 BHK,1196.0,2.0,40.54
Nagarbhavi,5 Bedroom,2500.0,3.0,180.0
Sarjapur  Road,5 Bedroom,1200.0,4.0,95.0
Bommanahalli,3 BHK,1250.0,3.0,41.0
Akshaya Nagar,3 BHK,1419.0,2.0,87.0
Banashankari,2 BHK,1200.0,2.0,49.0
7th Phase JP Nagar,2 BHK,1120.0,2.0,65.0
Electronics City Phase 1,2 BHK,1245.0,2.0,75.0
Palanahalli,4 Bedroom,3978.0,4.0,428.0
Channasandra,2 BHK,1093.0,2.0,34.0
Electronic City,2 BHK,1025.0,1.0,26.63
Hebbal,2 BHK,1345.0,2.0,97.0
Suryanagar,2 Bedroom,1500.0,2.0,45.0
Vijayanagar,2 BHK,1180.0,2.0,86.0
NGR Layout,2 BHK,1020.0,2.0,48.45
Nanjappa Layout,3 BHK,1800.0,3.0,85.0
Konanakunte,4 BHK,3621.0,4.0,511.0
Banagiri Nagar,3 BHK,2008.0,3.0,170.0
Kothannur,3 BHK,1240.0,2.0,39.85
CV Raman Nagar,2 BHK,1020.0,2.0,55.0
2nd Stage Arekere Mico Layout,3 BHK,2095.0,3.0,142.0
Gunjur,3 BHK,1362.0,3.0,62.63
Yelahanka,1 BHK,694.0,1.0,30.84
Vittasandra,2 BHK,1404.0,2.0,70.0
Electronic City Phase II,3 BHK,1192.0,2.0,47.0
Wilson Garden,8 Bedroom,1850.0,12.0,300.0
Mahalakshmi Layout,4 Bedroom,1050.0,1.0,35.0
Vittasandra,2 BHK,1259.0,2.0,67.48
Kengeri,2 BHK,1000.0,2.0,34.0
Rachenahalli,2 BHK,985.0,2.0,49.97
Indira Nagar,1 BHK,850.0,1.0,60.0
Uttarahalli,3 BHK,1650.0,2.0,50.0
Rajaji Nagar,5 Bedroom,2400.0,3.0,320.0
Sarjapur  Road,3 BHK,1900.0,4.0,180.0
Ambedkar Nagar,2 BHK,1367.0,2.0,86.0
Rajaji Nagar,3 BHK,1210.0,2.0,81.0
Duvasapalya,2 BHK,1190.0,2.0,48.6
Sarjapur,2 BHK,1175.0,2.0,42.0
R.T. Nagar,4 BHK,2800.0,4.0,400.0
Whitefield,2 BHK,1140.0,2.0,40.0
Hoskote,2 BHK,1095.0,2.0,33.6
Attibele,1 BHK,782.0,1.0,19.55
Gubbalala,3 BHK,1435.0,2.0,80.0
Choodasandra,2 BHK,725.0,2.0,36.0
BCMC Layout,3 BHK,1600.0,2.0,88.0
9th Phase JP Nagar,5 Bedroom,1200.0,5.0,160.0
Hosakerehalli,4 BHK,3205.0,4.0,300.0
Vishwapriya Layout,4 Bedroom,720.0,3.0,95.0
Nehru Nagar,3 BHK,1674.0,3.0,90.0
Jnanabharathi Layout,4 Bedroom,860.0,4.0,125.0
Haralur Road,2 BHK,1243.0,2.0,46.0
Kanakpura Road,3 BHK,1703.0,3.0,130.0
Padmanabhanagar,3 BHK,1350.0,3.0,71.55
Horamavu Agara,2 BHK,1145.0,2.0,41.21
Whitefield,2 BHK,1216.0,2.0,75.0
7th Phase JP Nagar,2 BHK,1100.0,3.0,60.0
Sarjapur  Road,4 BHK,2425.0,5.0,201.0
Kothanur,4 Bedroom,2700.0,4.0,175.0
Raja Rajeshwari Nagar,2 BHK,1196.0,2.0,40.54
Kanakpura Road,3 BHK,1600.0,3.0,90.0
Banashankari Stage V,3 BHK,1510.0,3.0,47.57
Hosakerehalli,4 BHK,3033.0,4.0,326.0
Pai Layout,2 Bedroom,780.0,2.0,72.0
Haralur Road,2 BHK,1194.0,2.0,47.0
Banashankari Stage II,2 BHK,1250.0,2.0,110.0
Sarjapur  Road,5 Bedroom,1480.0,4.0,169.0
Horamavu Agara,4 Bedroom,1250.0,4.0,100.0
Udaya Nagar,4 Bedroom,1350.0,4.0,160.0
Laggere,1 Bedroom,620.0,2.0,48.0
Raja Rajeshwari Nagar,3 BHK,1630.0,3.0,60.65
Hennur Road,2 BHK,1020.0,2.0,45.0
Hosakerehalli,3 BHK,1410.0,2.0,53.58
Bhoganhalli,2 BHK,1181.7,2.0,100.0
9th Block Jayanagar,9 Bedroom,1200.0,8.0,270.0
Sarjapur  Road,3 BHK,1691.0,3.0,113.0
KR Puram,4 Bedroom,1200.0,4.0,83.0
Banaswadi,2 BHK,1200.0,2.0,60.0
Old Airport Road,2 BHK,1050.0,2.0,50.0
Kathriguppe,3 BHK,1300.0,3.0,77.99
Whitefield,2 BHK,1356.0,2.0,94.84
Whitefield,2 BHK,1338.0,2.0,103.0
Kengeri Satellite Town Stage II,1 BHK,500.0,1.0,20.0
Vasantha Vallabha Nagar,3 BHK,1280.0,2.0,100.0
Raja Rajeshwari Nagar,3 BHK,1531.0,3.0,51.77
Church Street,4 BHK,11000.0,4.0,1600.0
Anekal,2 BHK,620.0,1.0,23.5
8th Phase JP Nagar,3 BHK,1605.0,2.0,65.0
Thanisandra,3 BHK,1917.0,3.0,110.0
Nagarbhavi,4 Bedroom,1200.0,3.0,340.0
Srinivas Colony,3 BHK,2750.0,3.0,943.0
Sarjapur  Road,3 BHK,1400.0,3.0,55.0
Thubarahalli,3 BHK,2625.0,3.0,175.0
Sahakara Nagar,2 BHK,1100.0,2.0,55.0
Hennur Road,3 BHK,2041.0,3.0,128.0
Sarjapur  Road,3 BHK,2070.0,4.0,160.0
Hebbal,3 BHK,1110.0,3.0,59.0
Uday Nagar,3 BHK,1650.0,3.0,110.0
Ambedkar Nagar,4 Bedroom,3565.0,4.0,255.0
Varthur Road,3 BHK,1033.0,2.0,30.47
HSR Layout,2 BHK,1142.0,2.0,65.0
Mathikere,3 BHK,1500.0,2.0,75.0
Electronic City Phase II,3 BHK,1502.0,3.0,50.0
Shree Ananth Nagar Layout,3 BHK,1176.0,2.0,45.0
Hosa Road,2 BHK,1063.0,2.0,32.8
Kammanahalli,2 BHK,1100.0,2.0,60.0
Kamakshipalya,2 Bedroom,1044.0,2.0,85.0
Sarjapur  Road,3 Bedroom,5400.0,3.0,700.0
6th Phase JP Nagar,2 BHK,1216.0,2.0,60.0
Suddaguntepalya,3 BHK,1425.0,3.0,55.0
Hongasandra,8 Bedroom,1200.0,8.0,150.0
Hosur Road,2 BHK,1345.0,2.0,108.0
Marathahalli,2 BHK,1248.0,2.0,130.0
Chaitanya Ananya,4 Bedroom,1830.0,4.0,325.0
Shankarapuram,2 BHK,900.0,1.0,130.0
Bellandur,4 Bedroom,3600.0,4.0,245.0
Uttarahalli,2 BHK,1025.0,2.0,35.88
Nagashetty Halli,2 Bedroom,840.0,1.0,99.0
Lakshminarayana Pura,3 BHK,3050.0,2.0,90.0
Kadubeesanahalli,3 BHK,1424.0,2.0,75.0
EPIP Zone,3 BHK,2500.0,3.0,268.0
ISRO Layout,6 Bedroom,1200.0,6.0,230.0
Byrasandra Extension,2 BHK,1285.0,2.0,45.0
Babusapalaya,2 BHK,1450.0,2.0,55.99
Raja Rajeshwari Nagar,2 BHK,1160.0,2.0,70.0
Yelahanka New Town,3 Bedroom,2700.0,3.0,350.0
Gattahalli,3 Bedroom,2000.0,2.0,95.0
Uttarahalli,2 BHK,1125.0,2.0,47.65
Old Madras Road,4 Bedroom,3900.0,4.0,175.0
Raja Rajeshwari Nagar,2 BHK,1133.0,2.0,38.37
Arekere,2 BHK,1240.0,2.0,60.0
Devanahalli,3 BHK,1466.0,3.0,77.59
Outer Ring Road East,4 BHK,3870.0,4.0,411.0
Ramagondanahalli,3 BHK,1610.0,2.0,115.0
Sarjapur  Road,3 BHK,1220.0,3.0,56.0
Kaggadasapura,2 BHK,1225.0,2.0,48.0
Akshaya Nagar,2 BHK,1300.0,2.0,54.0
Thanisandra,3 BHK,1996.0,4.0,123.0
Mallathahalli,3 BHK,1320.0,2.0,55.0
Rajaji Nagar,3 BHK,1800.0,3.0,240.0
Richmond Town,3 BHK,1835.0,3.0,175.0
Sarjapur  Road,3 BHK,1435.0,3.0,90.0
Whitefield,3 BHK,4097.0,3.0,400.0
Rayasandra,3 BHK,1601.0,3.0,70.0
Kadubeesanahalli,2 BHK,1257.0,2.0,93.0
Iblur Village,4 BHK,3596.0,5.0,260.0
Kasavanhalli,2 BHK,1309.0,2.0,95.0
Yeshwanthpur,2 Bedroom,1362.0,2.0,100.0
Whitefield,2 BHK,1115.0,2.0,55.0
Whitefield,3 BHK,1870.0,3.0,90.0
manyata park,2 BHK,1322.0,2.0,61.99
Telecom Layout,3 BHK,1450.0,2.0,65.0
Banashankari,2 BHK,1185.0,2.0,67.0
7th Phase JP Nagar,3 BHK,1790.0,3.0,120.0
Whitefield,3 Bedroom,3450.0,4.0,208.0
Rachenahalli,2 BHK,1050.0,2.0,52.5
Sarjapur  Road,4 Bedroom,5400.0,4.0,750.0
Devanahalli,1 BHK,775.0,1.0,39.0
Hoodi,2 BHK,1000.0,2.0,48.0
Thanisandra,2 BHK,1183.0,2.0,77.25
Binny Pete,3 BHK,1282.0,3.0,178.0
Alur,1 BHK,425.0,1.0,15.0
Nelamangala,2 BHK,820.0,2.0,30.0
Richmond Town,4 BHK,2230.0,4.0,792.0
Hebbal,2 BHK,1200.0,2.0,52.0
Ramagondanahalli,2 BHK,1151.0,2.0,43.6
Hulimavu,3 BHK,1320.0,2.0,59.0
Bikasipura,3 BHK,1450.0,3.0,68.0
Poorna Pragna Layout,3 BHK,1270.0,2.0,50.79
Hegde Nagar,3 BHK,1847.0,3.0,123.0
Devanahalli,1 BHK,1020.0,2.0,49.87
Somasundara Palya,3 BHK,1650.0,3.0,95.0
Richmond Town,4 BHK,2380.0,4.0,242.0
Electronic City,3 BHK,2400.0,2.0,78.0
Begur Road,2 BHK,1160.0,2.0,44.0
Haralur Road,4 BHK,2805.0,4.0,154.0
Mysore Road,3 BHK,1360.0,3.0,47.6
Brookefield,2 BHK,1089.0,2.0,49.0
Yelahanka,2 BHK,1115.0,2.0,60.0
Kudlu Gate,2 BHK,1215.0,2.0,45.0
Sarjapur  Road,2 BHK,1194.0,2.0,51.0
Kannamangala,3 BHK,1536.0,3.0,104.0
Hennur,2 BHK,1255.0,2.0,55.5
Electronic City,3 BHK,1571.0,3.0,83.0
Virupakshapura,2 Bedroom,900.0,1.0,70.0
Keshava Nagar,2 BHK,1517.0,2.0,125.0
Budigere,1 BHK,664.0,1.0,35.4
 Devarachikkanahalli,2 BHK,1230.0,2.0,58.0
Hegde Nagar,2 BHK,1340.0,2.0,72.0
Attibele,2 BHK,1175.0,2.0,29.38
Benson Town,4 Bedroom,3569.0,4.0,600.0
Sarjapur,2 BHK,1240.0,2.0,43.1
Electronic City,3 BHK,1470.0,2.0,44.1
Kanakpura Road,1 BHK,525.0,,29.25
7th Phase JP Nagar,3 BHK,1680.0,3.0,117.0
Sri Sai Layout,2 BHK,1000.0,2.0,35.0
Gunjur,2 BHK,1071.0,2.0,51.0
Sector 2 HSR Layout,3 BHK,1512.0,3.0,80.0
Frazer Town,4 BHK,3435.0,2.0,341.0
Thanisandra main road,3 BHK,3144.0,3.0,455.0
Kalyan nagar,2 BHK,1190.0,2.0,60.0
Pattandur Agrahara,3 BHK,1550.0,2.0,80.0
Kanakpura Road,2 BHK,1283.0,2.0,63.22
Mallasandra,2 BHK,1325.0,2.0,73.0
Whitefield,2 BHK,1105.0,2.0,35.36
Banaswadi,3 BHK,1600.0,3.0,74.5
Devara Jeevanahalli,4 Bedroom,400.0,2.0,35.0
Hennur,2 BHK,1100.0,2.0,44.55
Talaghattapura,3 BHK,2099.0,3.0,147.0
Yelachenahalli,3 BHK,1365.0,2.0,72.0
Hebbal Kempapura,2 BHK,1485.0,3.0,132.0
Hosur Road,2 BHK,1250.0,2.0,55.0
Chikkalasandra,3 BHK,1290.0,2.0,56.12
Bellandur,2 BHK,1170.0,2.0,46.79
Kanakpura Road,2 BHK,1328.0,2.0,91.06
Hennur Road,2 BHK,1232.0,2.0,87.0
1st Phase JP Nagar,2 BHK,1180.0,2.0,88.5
Electronic City,3 BHK,1350.0,3.0,66.0
Nagawara Junction,4 BHK,3602.0,4.0,280.0
Nagasandra,4 BHK,2400.0,4.0,145.0
Electronic City Phase II,2 BHK,1020.0,2.0,32.0
Begur Road,3 BHK,1410.0,2.0,49.34
Vishwanatha Nagenahalli,3 BHK,2159.0,3.0,120.0
Anekal,,1453.0,,16.5
TC Palaya,3 BHK,1200.0,2.0,66.0
Hennur,2 BHK,1255.0,2.0,57.5
Whitefield,2 BHK,1074.0,2.0,42.79
Suragajakkanahalli,3 Bedroom,1200.0,3.0,72.0
Sarjapur,3 BHK,1170.0,2.0,35.41
Bommanahalli,3 BHK,1660.0,2.0,100.0
Gattigere,5 Bedroom,900.0,6.0,95.0
SK Garden,6 Bedroom,1850.0,3.0,175.0
Gowdanapalya,1 Bedroom,510.0,1.0,34.0
Mahadevpura,3 BHK,1601.0,3.0,95.0
Begur Road,2 BHK,952.0,2.0,42.0
PNS Layout,2 BHK,1166.0,2.0,65.0
Venkatapura,3 BHK,2700.0,2.0,260.0
Electronic City Phase II,4 Bedroom,1900.0,3.0,97.0
Mathikere,3 Bedroom,1350.0,2.0,175.0
Haralur Road,3 BHK,1520.0,2.0,96.0
Harsha Layout,4 Bedroom,2100.0,6.0,100.0
Yelenahalli,2 BHK,1175.0,2.0,50.0
Bharathi Nagar,2 BHK,1432.0,2.0,68.0
Bommasandra Industrial Area,2 BHK,1005.0,2.0,39.77
Rajiv Nagar,2 BHK,1309.0,2.0,80.0
Dairy Circle,3 BHK,2251.0,4.0,370.0
7th Phase JP Nagar,2 BHK,1050.0,2.0,77.0
Kanakpura Road,3 BHK,1100.0,3.0,53.0
Sanjay nagar,3 Bedroom,2400.0,3.0,310.0
Begur Road,3 BHK,1565.0,2.0,56.34
1st Stage Indira Nagar,2 BHK,940.0,2.0,56.0
Yarandahalli,2 BHK,1015.0,2.0,40.1
BTM 2nd Stage,3 Bedroom,2400.0,2.0,360.0
Electronic City,3 BHK,1652.0,3.0,110.0
Whitefield,2 BHK,1100.0,2.0,52.0
Rajiv Nagar,4 BHK,2340.0,4.0,145.0
Koramangala,2 BHK,1084.0,2.0,179.0
Kammanahalli,2 Bedroom,1200.0,1.0,81.0
Kacharakanahalli,3 BHK,1400.0,3.0,69.0
HBR Layout,4 Bedroom,2400.0,5.0,320.0
Electronic City Phase II,2 BHK,1020.0,2.0,27.43
Whitefield,2 BHK,1267.0,2.0,90.33
Bhoganhalli,4 BHK,2439.0,4.0,185.0
Ashwath Nagar,3 BHK,1645.0,3.0,95.0
Sahakara Nagar,3 BHK,1100.0,2.0,75.0
Electronic City,3 BHK,1320.0,2.0,38.12
Ananth Nagar,2 BHK,1000.0,2.0,29.7
Whitefield,4 Bedroom,5000.0,5.0,550.0
KR Puram,6 Bedroom,2500.0,6.0,58.0
Kengeri Satellite Town,2 Bedroom,2480.0,2.0,160.0
Kalyan nagar,2 BHK,1086.0,2.0,44.5
Kengeri,1 BHK,416.0,1.0,18.0
Hennur Road,2 BHK,1066.0,2.0,52.23
OMBR Layout,3 BHK,1730.0,3.0,93.0
Balagere,2 BHK,1205.0,2.0,63.86
Marathahalli,4 BHK,2500.0,5.0,175.0
Subramanyapura,2 BHK,960.0,2.0,55.0
Haralur Road,3 BHK,1510.0,3.0,83.05
Kanaka Nagar,4 Bedroom,1600.0,4.0,90.0
Old Madras Road,3 Bedroom,2300.0,3.0,142.0
Jakkasandra Extension,2 BHK,1000.0,2.0,63.0
Poorna Pragna Layout,2 BHK,1160.0,2.0,46.39
Hormavu,3 BHK,1553.0,2.0,58.23
Frazer Town,4 BHK,3436.0,5.0,345.0
Seegehalli,2 BHK,1134.0,2.0,45.0
Nagasandra,4 Bedroom,600.0,4.0,80.0
Horamavu Agara,5 Bedroom,2400.0,3.0,80.0
Whitefield,4 Bedroom,2400.0,4.0,143.0
Nagashetty Halli,2 BHK,1350.0,2.0,65.0
Sarjapur,2 BHK,1032.0,2.0,42.0
Tigalarpalya,3 BHK,1998.0,3.0,117.0
Murugeshpalya,2 BHK,1225.0,2.0,48.0
Sarjapur  Road,2 BHK,1262.0,2.0,67.0
Badavala Nagar,3 BHK,1842.0,3.0,115.0
Thomas Town,2 BHK,1300.0,2.0,60.0
Kothannur,2 BHK,1070.0,2.0,38.6
"Electronic city Phase 1, ",2 BHK,950.0,2.0,33.0
Balagere,2 BHK,1012.0,2.0,53.58
TC Palaya,2 Bedroom,1000.0,2.0,70.0
Kadugodi,2 BHK,1394.0,2.0,56.0
Amruthahalli,3 BHK,1450.0,2.0,85.0
 Banaswadi,1 RK,527.0,1.0,35.0
Sarjapur  Road,3 BHK,1693.0,3.0,125.0
Thigalarapalya,4 BHK,3122.0,6.0,235.0
Horamavu Agara,2 BHK,1000.0,2.0,46.0
Kogilu,2 BHK,952.0,2.0,49.0
Malleshwaram,3 BHK,2050.0,4.0,270.0
Kengeri,1 BHK,1200.0,1.0,14.0
Mysore Road,3 BHK,1410.0,2.0,64.0
Hebbal Kempapura,2 BHK,1400.0,2.0,108.0
Chikka Tirupathi,4 Bedroom,3056.0,5.0,100.0
Sarjapur  Road,3 BHK,1826.0,3.0,125.0
Hosur Road,3 BHK,1689.0,3.0,103.0
Bisuvanahalli,3 BHK,1075.0,2.0,31.0
Bannerghatta Road,5 BHK,2500.0,4.0,1400.0
Hennur,2 BHK,960.0,2.0,48.0
Channasandra,2 BHK,808.0,2.0,40.0
Kodichikkanahalli,2 BHK,907.0,2.0,38.5
Uttarahalli,2 BHK,1300.0,2.0,55.0
Sector 1 HSR Layout,3 BHK,1804.0,3.0,150.0
Naidu Layout,3 BHK,1350.0,3.0,81.0
Whitefield,3 BHK,1836.0,3.0,125.0
Sugama Layout,2 BHK,826.0,2.0,36.0
Hormavu,2 BHK,1200.0,2.0,68.0
1st Block Koramangala,4 BHK,3000.0,3.0,300.0
Indira Nagar,4 Bedroom,2400.0,4.0,405.0
6th Phase JP Nagar,2 BHK,1460.0,2.0,80.0
Hoskote,4 Bedroom,1200.0,4.0,140.0
BTM 2nd Stage,2 BHK,965.0,2.0,56.0
Kothannur,4 Bedroom,2000.0,4.0,95.0
Bhoganhalli,3 BHK,1395.0,2.0,70.0
Sarjapur  Road,3 BHK,1660.0,3.0,116.0
Kada Agrahara,2 BHK,935.0,2.0,35.0
Hongasandra,2 BHK,1180.0,2.0,39.0
Electronic City,2 BHK,1090.0,2.0,31.48
Kanakpura Road,2 BHK,1204.0,2.0,82.0
Thigalarapalya,3 BHK,2072.0,4.0,153.0
Haralur Road,2 BHK,1056.0,2.0,65.0
Hebbal,2 BHK,985.0,2.0,62.0
Banashankari Stage V,3 BHK,1315.0,2.0,49.0
KR Puram,2 BHK,734.0,2.0,22.0
Kammanahalli,4 Bedroom,2900.0,4.0,200.0
Yelahanka,3 BHK,2317.0,4.0,140.0
Singasandra,1 Bedroom,600.0,1.0,45.0
Vishwanatha Nagenahalli,4 Bedroom,2200.0,3.0,115.0
Attibele,2 BHK,656.0,2.0,25.0
Attibele,1 BHK,400.0,1.0,11.5
Yeshwanthpur,1 BHK,666.0,1.0,36.8
Kadubeesanahalli,4 Bedroom,3293.0,5.0,425.0
7th Phase JP Nagar,2 BHK,1174.0,2.0,47.0
Budigere,2 BHK,1153.0,2.0,56.7
Jalahalli,4 Bedroom,1000.0,4.0,90.0
Narayanapura,5 BHK,2400.0,5.0,85.0
Marathahalli,2 BHK,957.0,2.0,47.0
Banashankari Stage III,2 BHK,910.0,2.0,160.0
Sarjapur  Road,2 BHK,1060.0,2.0,50.0
Banashankari,2 BHK,1000.0,2.0,50.0
Kanakpura Road,3 BHK,1843.0,3.0,88.0
Kanakpura Road,3 BHK,1150.0,2.0,40.25
Chandapura,3 BHK,1230.0,2.0,31.37
Kodihalli,4 BHK,3197.0,5.0,335.0
Kanakpura Road,3 BHK,1703.0,3.0,130.0
Kaval Byrasandra,2 BHK,1125.0,2.0,41.5
Battarahalli,3 BHK,1516.0,3.0,65.0
Brookefield,2 BHK,1130.0,2.0,56.0
Iblur Village,4 BHK,3596.0,5.0,279.0
Hosa Road,3 BHK,1512.0,3.0,103.0
Thanisandra,3 BHK,1491.0,3.0,88.0
Cox Town,2 BHK,1250.0,2.0,95.0
Banashankari,3 BHK,1650.0,3.0,90.75
Raja Rajeshwari Nagar,2 BHK,1140.0,2.0,48.7
Behind Don Bosco Church,4 Bedroom,1200.0,4.0,110.0
Thanisandra,3 BHK,1881.0,3.0,95.0
Kanakpura Road,3 BHK,1100.0,3.0,56.57
Iblur Village,3 BHK,2666.0,4.0,200.0
Bagalur,2 BHK,1500.0,2.0,50.0
Seshadripuram,2 BHK,1217.0,2.0,164.0
Whitefield,2 BHK,1197.0,2.0,50.0
BHEL Layout,6 Bedroom,2400.0,4.0,170.0
Gollarapalya Hosahalli,3 BHK,1345.0,3.0,60.0
KR Puram,4 Bedroom,1200.0,4.0,100.0
Bannerghatta Road,4 BHK,3230.0,5.0,165.0
Banashankari Stage II,3 BHK,1260.0,2.0,95.0
Sarjapur  Road,4 Bedroom,2750.0,5.0,240.0
9th Phase JP Nagar,2 Bedroom,1200.0,2.0,80.0
Devara Jeevanahalli,3 Bedroom,1650.0,3.0,52.0
1st Block HBR Layout,1 BHK,600.0,1.0,45.0
Uttarahalli,2 BHK,1025.0,2.0,35.88
Hennur Road,2 BHK,973.0,2.0,56.0
Thanisandra main road,4 BHK,4110.0,4.0,590.0
Rajaji Nagar,3 BHK,2533.0,3.0,425.0
Balagere,2 BHK,1007.0,2.0,75.0
Sarjapur  Road,3 Bedroom,1830.0,3.0,119.0
Nagavara,2 BHK,1077.0,2.0,50.0
Immadihalli,1 Bedroom,672.0,1.0,27.0
Shanthi Layout,3 Bedroom,1280.0,3.0,87.0
Electronics City Phase 1,2 BHK,865.0,2.0,40.0
Kalena Agrahara,2 BHK,1000.0,2.0,33.0
CV Raman Nagar,2 BHK,1285.0,2.0,65.0
Thanisandra,1 BHK,662.0,1.0,29.0
Whitefield,5 Bedroom,2297.0,5.0,269.0
Sarjapura - Attibele Road,5 Bedroom,3750.0,6.0,295.0
Kalkere,3 BHK,1850.0,3.0,95.0
Harlur,3 BHK,1754.0,3.0,132.0
Hennur Bande,5 Bedroom,1200.0,4.0,150.0
1st Phase JP Nagar,5 Bedroom,2200.0,7.0,350.0
Anugrah Layout,3 BHK,1567.0,3.0,100.0
Hoskote,3 BHK,1695.0,3.0,50.0
Hosahalli Extension,2 Bedroom,360.0,2.0,40.0
Bellandur,2 BHK,1150.0,2.0,69.44
Akshaya Nagar,3 BHK,1690.0,3.0,85.0
1st Block Koramangala,3 BHK,2350.0,3.0,210.0
Karuna Nagar,2 BHK,1057.0,2.0,65.0
Hebbal,2 BHK,1320.0,2.0,91.0
Bhoganhalli,4 BHK,2119.0,4.0,111.0
Bandepalya,2 BHK,1125.0,2.0,48.0
Kanakpura Road,3 BHK,2254.0,3.0,170.0
Balagere,1 BHK,645.0,1.0,34.18
Rachenahalli,2 BHK,1050.0,2.0,52.08
Panathur,2 BHK,1040.0,2.0,41.6
Sarjapur  Road,3 BHK,1700.0,3.0,194.0
1st Block Jayanagar,3 BHK,1760.0,3.0,115.0
Bellandur,3 BHK,1138.0,3.0,128.0
Sarjapur  Road,2 BHK,984.0,2.0,45.91
Raja Rajeshwari Nagar,2 BHK,1140.0,2.0,38.65
Whitefield,3 BHK,3596.0,3.0,200.0
Kalkere,3 BHK,1365.0,3.0,54.0
Bethel Nagar,1 BHK,560.0,1.0,19.0
Vittasandra,2 BHK,1404.0,2.0,75.0
Bellandur,4 BHK,1540.0,4.0,45.0
Electronic City,3 BHK,1050.0,2.0,39.0
Lingarajapuram,4 Bedroom,360.0,4.0,37.0
Rachenahalli,3 BHK,1550.0,3.0,72.5
Yelahanka,3 BHK,1653.0,3.0,93.0
Parappana Agrahara,2 BHK,1194.0,2.0,47.0
Narayana Nagar 1st Block,3 BHK,1471.0,2.0,75.0
Kanakpura Road,2 BHK,700.0,2.0,35.0
Kudlu Gate,2 BHK,812.0,2.0,38.25
8th Phase JP Nagar,3 BHK,1504.0,2.0,83.0
Mahadevpura,3 BHK,1450.0,3.0,75.0
Kannamangala,2 BHK,957.0,2.0,54.5
Attibele,1 BHK,460.0,1.0,13.0
poornaprajna layout,2 Bedroom,900.0,2.0,128.0
7th Phase JP Nagar,2 BHK,1050.0,2.0,75.0
Budigere,3 BHK,1820.0,3.0,85.0
Varthur Road,2 BHK,1033.0,2.0,32.0
Kumaraswami Layout,2 Bedroom,800.0,1.0,90.0
Kadabagere,1 Bedroom,520.0,2.0,29.0
OMBR Layout,2 BHK,1165.0,2.0,88.5
Gottigere,2 BHK,1280.0,2.0,61.0
Cambridge Layout,3 BHK,1950.0,3.0,230.0
BTM 4th Stage,1 Bedroom,600.0,1.0,58.0
Kanakpura Road,3 BHK,1550.0,3.0,65.1
Nagavarapalya,2 BHK,1392.0,2.0,130.0
Jigani,3 BHK,1221.0,3.0,75.0
AMS Layout,1 BHK,1000.0,1.0,19.0
KR Garden,2 BHK,1300.0,2.0,60.0
Hoskote,2 BHK,1065.0,2.0,31.5
Yelahanka New Town,3 BHK,1209.0,2.0,65.0
BTM 1st Stage,1 Bedroom,375.0,1.0,40.0
Dollars Colony,3 Bedroom,7800.0,3.0,2000.0
Sarjapur  Road,3 BHK,1929.0,4.0,101.0
Hennur Road,2 BHK,1255.0,2.0,84.0
Jalahalli,2 BHK,1035.0,2.0,31.05
Annapurneshwari Nagar,4 Bedroom,1200.0,5.0,270.0
Banashankari,3 BHK,1650.0,3.0,101.0
Whitefield,3 BHK,1275.0,2.0,65.0
Electronic City,2 BHK,1128.0,2.0,65.58
Raja Rajeshwari Nagar,2 BHK,1140.0,2.0,38.55
OMBR Layout,4 Bedroom,1200.0,4.0,200.0
Thanisandra,2 BHK,1183.0,2.0,58.56
Whitefield,2 BHK,1155.0,2.0,39.0
Kengeri,3 BHK,1245.0,2.0,43.57
Akshaya Nagar,2 BHK,1000.0,2.0,38.0
7th Phase JP Nagar,2 BHK,1040.0,2.0,75.0
Ardendale,4 BHK,2062.0,3.0,140.0
Kundalahalli Colony,3 BHK,1477.0,2.0,75.0
Nagadevanahalli,4 Bedroom,1050.0,3.0,85.0
Sarjapur  Road,3 BHK,1525.0,2.0,65.0
Carmelaram,,2000.0,,120.0
Kaverappa Layout,2 BHK,1220.0,2.0,65.0
Hebbal,3 BHK,2388.0,3.0,195.0
Electronic City,2 BHK,1355.0,2.0,97.6
Whitefield,2 BHK,1141.0,2.0,62.0
Vijayanagar,2 BHK,1046.0,2.0,49.06
Bannerghatta Road,1 BHK,630.0,1.0,35.0
Pattandur Agrahara,2 BHK,1247.0,2.0,62.35
Marathahalli,4 BHK,3855.0,4.0,220.0
Geddalahalli,2 BHK,850.0,2.0,32.5
KR Puram,2 BHK,1120.0,2.0,36.0
HSR Layout,8 Bedroom,800.0,8.0,285.0
Jakkur,3 BHK,1798.0,3.0,110.0
Bisuvanahalli,3 BHK,1180.0,2.0,45.0
Kereguddadahalli,2 BHK,1000.0,2.0,34.0
Whitefield,2 BHK,1216.0,2.0,82.0
Margondanahalli,2 Bedroom,900.0,2.0,65.0
TC Palaya,2 Bedroom,1100.0,2.0,65.0
Badavala Nagar,3 BHK,1842.0,3.0,115.0
Bisuvanahalli,3 BHK,1075.0,2.0,43.0
Whitefield,2 BHK,1495.0,3.0,88.0
Kanakpura Road,3 BHK,1700.0,3.0,120.0
Whitefield,3 BHK,1564.0,3.0,103.0
Reliaable Tranquil Layout,2 BHK,1256.0,2.0,65.0
Kundalahalli,2 BHK,1047.0,2.0,89.0
Bhoganhalli,3 BHK,1458.0,3.0,78.45
Hoodi,2 BHK,1063.0,2.0,61.17
Sadashiva Nagar,4 BHK,7400.0,5.0,1850.0
Garudachar Palya,2 BHK,1150.0,2.0,52.5
Chandapura,1 BHK,450.0,1.0,9.0
Ramamurthy Nagar,2 BHK,1360.0,2.0,45.0
Marathahalli,3 BHK,1605.0,3.0,76.0
Nagarbhavi,3 BHK,1200.0,4.0,205.0
Haralur Road,3 BHK,1810.0,3.0,100.0
LB Shastri Nagar,2 BHK,1250.0,2.0,48.5
Poorna Pragna Layout,3 BHK,1475.0,2.0,58.99
R.T. Nagar,2 Bedroom,1100.0,3.0,125.0
Dommasandra,2 BHK,850.0,2.0,25.4
Electronic City Phase II,2 BHK,1025.0,2.0,26.65
Uttarahalli,2 BHK,980.0,2.0,45.0
Basavanagara,3 BHK,1428.0,2.0,70.0
Shanti Nagar,2 BHK,1130.0,2.0,74.0
Kanakpura Road,3 BHK,1592.0,3.0,125.0
JP Nagar,3 BHK,2050.0,3.0,82.0
Bagalur,2 BHK,1407.0,2.0,83.87
Cunningham Road,3 BHK,4170.0,3.0,800.0
Whitefield,3 BHK,1585.0,3.0,84.0
Jakkur,3 BHK,1785.0,3.0,130.0
BSM Extension,2 BHK,900.0,2.0,45.0
Somanna Garden,4 Bedroom,1350.0,4.0,160.0
Kanakpura Road,3 BHK,1843.0,3.0,96.2
Munivenkatppa Layout,4 BHK,2375.0,3.0,260.0
RPC layout,2 BHK,1200.0,2.0,67.0
Akshaya Nagar,2 BHK,1113.0,2.0,52.0
Uttarahalli,2 BHK,1125.0,2.0,47.0
Whitefield,3 Bedroom,1200.0,3.0,56.0
Anekal,3 BHK,1150.0,3.0,45.0
Yeshwanthpur,2 BHK,770.0,1.0,70.0
Kodichikkanahalli,2 BHK,1181.0,2.0,57.0
Kanakpura Road,3 BHK,1550.0,3.0,64.7
1st Phase JP Nagar,2 BHK,1200.0,2.0,86.0
Raja Rajeshwari Nagar,2 BHK,1295.0,2.0,55.47
Kenchenahalli,3 Bedroom,480.0,3.0,65.0
Lingadheeranahalli,3 BHK,1506.0,3.0,95.0
"HSR Layout 7th sector, ",3 BHK,1872.0,3.0,152.0
Sarjapur  Road,4 BHK,2900.0,4.0,240.0
Abbigere,3 BHK,1326.0,2.0,35.0
Talaghattapura,2 BHK,1040.0,2.0,33.28
Bettadasanapura,5 Bedroom,1200.0,5.0,90.0
Hennur,2 BHK,1020.0,2.0,48.0
Gokula Extension,3 BHK,1400.0,3.0,90.0
Neeladri Nagar,10 BHK,4000.0,12.0,160.0
Weavers Colony,1 Bedroom,812.0,1.0,26.0
Vidyaranyapura,2 BHK,1100.0,2.0,54.0
Kodathi,2 BHK,829.0,2.0,22.8
Vijayanagar,5 Bedroom,750.0,4.0,95.0
Sanjay nagar,4 Bedroom,2700.0,4.0,350.0
Kanakpura Road,3 BHK,1500.0,3.0,72.99
Ananth Nagar,2 BHK,850.0,2.0,25.99
Kaval Byrasandra,2 BHK,1180.0,2.0,60.0
Cunningham Road,4 BHK,5108.0,5.0,995.0
Thigalarapalya,3 BHK,2215.0,4.0,150.0
Channasandra,2 BHK,1010.0,2.0,36.0
Marathahalli,2 BHK,1350.0,2.0,60.0
Talaghattapura,2 BHK,1100.0,2.0,50.0
Kanakpura Road,3 BHK,1450.0,2.0,62.93
Raja Rajeshwari Nagar,2 BHK,1133.0,2.0,40.0
Thanisandra,3 BHK,1564.0,3.0,100.0
Doddaballapur,2 Bedroom,640.0,1.0,10.5
Thigalarapalya,3 BHK,2072.0,4.0,157.0
Rajaji Nagar,2 Bedroom,432.0,2.0,65.0
Kanakapura,3 BHK,1460.0,2.0,51.1
A Narayanapura,1 BHK,600.0,2.0,35.0
Rachenahalli,2 BHK,1050.0,2.0,52.07
"Judicial Layout, Kanakapura Road, ",2 BHK,700.0,2.0,35.0
TC Palaya,3 Bedroom,1200.0,3.0,66.0
Yelahanka,1 BHK,654.0,1.0,38.0
Ankappa Layout,2 BHK,1105.0,2.0,50.0
Hebbal Kempapura,3 BHK,1800.0,3.0,150.0
Yelachenahalli,2 Bedroom,1200.0,2.0,160.0
Kogilu,1 BHK,700.0,1.0,30.84
Amruthnagar,2 BHK,1000.0,2.0,51.0
HSR Layout,5 Bedroom,3500.0,5.0,350.0
Gattahalli,3 BHK,1240.0,2.0,63.0
Bellandur,2 BHK,1200.0,2.0,45.0
Yelahanka New Town,3 BHK,1400.0,2.0,80.0
HOSUR MAIN ROAD,3 BHK,1393.0,3.0,54.0
Whitefield,2 BHK,1140.0,2.0,50.0
Sahakara Nagar,5 Bedroom,1000.0,5.0,130.0
Gulimangala,3 BHK,1640.0,3.0,70.0
Kithaganur,2 Bedroom,1200.0,2.0,62.0
Rajaji Nagar,2 BHK,720.0,2.0,65.0
Yelenahalli,3 BHK,1650.0,3.0,68.0
Nagavara,4 BHK,2496.0,4.0,125.0
9th Phase JP Nagar,2 BHK,905.0,2.0,32.0
HAL 2nd Stage,3 BHK,1600.0,3.0,125.0
Chikkalasandra,2 BHK,1070.0,2.0,45.48
Yemlur,4 Bedroom,8400.0,5.0,1675.0
Koramangala,2 BHK,1200.0,2.0,100.0
Indira Nagar,5 Bedroom,1800.0,5.0,350.0
8th Phase JP Nagar,4 Bedroom,2600.0,4.0,115.0
Old Airport Road,2 BHK,1145.0,2.0,75.0
Addischetan Layout,3 BHK,1495.0,3.0,55.0
Basavanagara,3 Bedroom,1200.0,2.0,300.0
Stage-4 Bommanahalli,3 BHK,1400.0,3.0,53.0
Whitefield,3 BHK,1558.0,3.0,90.0
Balagere,2 BHK,1007.0,2.0,53.0
Ananth Nagar,2 BHK,902.0,2.0,25.26
Kallumantapa,2 BHK,1054.0,2.0,53.0
Uttarahalli,3 BHK,1135.0,2.0,39.73
Gollarapalya Hosahalli,2 BHK,996.0,2.0,49.0
Vimanapura,2 BHK,1275.0,2.0,47.0
NRI Layout,2 Bedroom,1250.0,2.0,75.0
Hennur,4 BHK,2502.0,4.0,170.0
Sadaramangala,2 BHK,1394.0,2.0,52.0
Haralur Road,2 BHK,1243.0,2.0,46.0
Whitefield,2 BHK,1216.0,2.0,75.0
Konena Agrahara,2 BHK,1075.0,2.0,57.0
Indira Nagar,3 BHK,1500.0,3.0,120.0
Rayasandra,4 BHK,1708.0,3.0,76.0
Whitefield,3 Bedroom,1500.0,3.0,250.0
Jakkur Plantation,3 BHK,1800.0,4.0,115.0
Harlur,2 BHK,1532.0,2.0,65.0
Hosa Road,3 BHK,1726.0,3.0,81.99
Hanumanth Nagar,2 BHK,1220.0,2.0,54.89
Chikkalasandra,2 BHK,1100.0,2.0,50.0
Electronics City Phase 1,3 BHK,1530.0,3.0,40.0
Hosa Road,2 BHK,840.0,2.0,28.0
Bommanahalli,3 BHK,1250.0,4.0,39.0
CV Raman Nagar,2 BHK,1030.0,2.0,35.0
Raghavendra Layout,3 BHK,1499.0,3.0,89.0
Varsova Layout,3 BHK,1280.0,2.0,55.0
Munnekollal,2 BHK,1170.0,2.0,59.0
Chikka Tirupathi,3 Bedroom,2646.0,3.0,99.0
Thirumenahalli,2 BHK,1161.0,2.0,36.69
Yelahanka,2 Bedroom,1633.0,2.0,72.0
Richards Town,2 BHK,1050.0,2.0,65.0
Hennur Road,4 Bedroom,1650.0,5.0,309.0
Attibele,1 BHK,418.0,2.0,11.5
Bhattarahalli,2 BHK,905.0,2.0,50.0
Raja Rajeshwari Nagar,3 BHK,1510.0,2.0,55.0
Chikkalasandra,3 BHK,1390.0,2.0,60.47
Kasturi Nagar,2 BHK,1101.0,2.0,66.0
Srirampura,4 BHK,2736.0,4.0,130.0
EPIP Zone,3 BHK,2350.0,4.0,163.0
Raja Rajeshwari Nagar 5th Stage,2 BHK,1056.0,2.0,55.0
Kanakpura Road,3 BHK,1425.0,2.0,49.88
Electronics City Phase 1,3 BHK,1450.0,3.0,70.0
Pai Layout,2 BHK,1000.0,2.0,34.0
Haralur Road,1 BHK,575.0,1.0,38.0
Uttarahalli,3 BHK,1350.0,2.0,47.24
Kanakpura Road,3 Bedroom,2000.0,2.0,180.0
Raghavendra Layout,3 BHK,1770.0,3.0,90.0
Byadarahalli,3 BHK,3155.0,3.0,315.0
Anandapura,2 Bedroom,616.0,3.0,45.0
JP Nagar,1 BHK,745.0,1.0,34.27
Nayandanahalli,7 Bedroom,6500.0,7.0,104.0
HAL 2nd Stage,4 Bedroom,2400.0,4.0,650.0
Kudlu Gate,2 BHK,1547.0,2.0,103.0
Panathur,3 BHK,1713.0,3.0,120.0
Sarjapur,4 Bedroom,3300.0,4.0,430.0
Mahalakshmi Layout,8 Bedroom,1135.0,4.0,190.0
Yeshwanthpur,3 BHK,1856.0,4.0,180.0
RMV Extension,2 BHK,1152.0,2.0,57.0
Dodda Nekkundi,2 BHK,1100.0,2.0,46.75
Narayanapura,3 BHK,2357.0,3.0,135.0
Akshaya Nagar,3 BHK,1820.0,4.0,95.0
Kannamangala,3 BHK,1865.0,3.0,139.0
Kanakpura Road,2 BHK,1240.0,2.0,65.0
Padmanabhanagar,3 BHK,1360.0,3.0,75.0
ISRO Layout,4 Bedroom,4200.0,4.0,255.0
Electronics City Phase 1,3 BHK,1450.0,2.0,63.51
Budigere,2 BHK,1139.0,2.0,72.0
Begur Road,3 BHK,1565.0,2.0,56.0
Anjanapura,3 Bedroom,1200.0,3.0,165.0
Kurubarahalli,4 Bedroom,600.0,4.0,77.0
Nagappa Reddy Layout,2 BHK,1200.0,2.0,39.0
Yeshwanthpur,3 BHK,1855.0,3.0,140.0
Margondanahalli,2 Bedroom,1100.0,2.0,55.0
Arehalli,3 BHK,1350.0,2.0,65.0
Old Madras Road,3 BHK,2266.0,3.0,207.0
Hosur Road,1 BHK,660.0,1.0,23.0
Kodihalli,2 BHK,1490.0,2.0,150.0
Kambipura,3 BHK,1083.0,2.0,48.0
Hennur Road,2 BHK,1232.0,2.0,83.0
Raja Rajeshwari Nagar,3 BHK,1550.0,3.0,86.8
Whitefield,2 BHK,1227.0,2.0,70.0
Sarjapur  Road,2 BHK,1059.0,2.0,68.0
Electronic City Phase II,2 BHK,545.0,1.0,29.0
Mahadevpura,2 BHK,1152.0,2.0,54.0
Kenchenahalli,2 BHK,870.0,1.0,45.0
Panathur,2 BHK,1210.0,2.0,78.0
Thanisandra,1 BHK,663.0,1.0,46.1
Hennur Gardens,3 BHK,1464.0,2.0,135.0
Kadubeesanahalli,3 BHK,1365.0,3.0,80.0
Whitefield,3 BHK,1704.0,3.0,120.0
Whitefield,2 BHK,1256.0,2.0,73.0
Kengeri,2 BHK,883.0,2.0,49.0
Bisuvanahalli,3 BHK,1080.0,2.0,45.0
Marsur,2 BHK,497.0,1.0,25.0
9th Phase JP Nagar,2 BHK,1073.0,2.0,52.36
Rajaji Nagar,6 BHK,3000.0,6.0,250.0
Doddabommasandra,2 BHK,1300.0,2.0,32.0
Thanisandra,1 BHK,662.0,1.0,45.0
Kumara Park,2 BHK,1200.0,2.0,75.0
5th Phase JP Nagar,3 BHK,1550.0,3.0,75.0
7th Block Jayanagar,3 BHK,1707.0,3.0,171.0
Banashankari,2 BHK,1310.0,2.0,80.43
Sarjapur  Road,3 BHK,1577.0,3.0,65.0
Kodigehaali,3 BHK,1324.0,3.0,65.0
Kothanur,3 BHK,1786.0,2.0,106.0
Harlur,2 BHK,1174.0,2.0,75.0
Kamala Nagar,1 BHK,565.0,1.0,33.0
7th Phase JP Nagar,3 BHK,1400.0,2.0,95.0
Electronic City,1 BHK,635.0,1.0,28.0
Kalyan nagar,6 Bedroom,3000.0,8.0,400.0
8th Phase JP Nagar,3 BHK,1368.0,2.0,54.71
Kanakpura Road,3 BHK,1450.0,3.0,55.0
Devanahalli,2 BHK,1045.0,2.0,48.0
Electronic City,2 BHK,1128.0,2.0,65.4
Bhoganhalli,2 BHK,1125.0,2.0,54.0
Whitefield,2 BHK,1195.0,2.0,62.38
Ramakrishnappa Layout,1 Bedroom,630.0,2.0,70.0
Kaggadasapura,3 Bedroom,1350.0,2.0,105.0
Domlur,3 BHK,1740.0,3.0,120.0
Bommasandra,2 BHK,877.0,2.0,29.0
Whitefield,3 BHK,1770.0,4.0,68.0
Yelahanka New Town,1 BHK,450.0,1.0,15.0
tc.palya,2 Bedroom,1000.0,2.0,55.0
Whitefield,2 BHK,1300.0,2.0,78.0
Doddathoguru,3 BHK,1300.0,2.0,42.0
Abbigere,2 BHK,985.0,2.0,40.39
Chikkathoguru,2 BHK,1045.0,2.0,42.0
Chelekare,2 BHK,1250.0,2.0,62.4
Bande Nallasandra,3 Bedroom,2400.0,4.0,130.0
Haralur Road,2 BHK,1194.0,2.0,46.0
Kanakpura Road,3 BHK,1420.0,3.0,68.0
Sector 1 HSR Layout,3 BHK,1720.0,3.0,83.0
Rachenahalli,3 BHK,1530.0,2.0,74.4
Anandapura,3 Bedroom,1200.0,2.0,66.0
Whitefield,3 BHK,1570.0,3.0,88.0
Sarjapur  Road,3 BHK,1157.0,2.0,74.0
Sarjapur,2 BHK,535.0,1.0,20.0
Kanakapura,2 BHK,1120.0,2.0,39.2
Kenchenahalli,2 BHK,1150.0,2.0,60.0
Hebbal Kempapura,5 Bedroom,2400.0,5.0,200.0
Bannerghatta Road,2 BHK,1215.0,2.0,68.0
Bhoganhalli,2 BHK,1444.0,2.0,75.97
6th Phase JP Nagar,3 BHK,2003.0,3.0,200.0
Thirumenahalli,2 BHK,1100.0,2.0,70.0
Kodichikkanahalli,2 BHK,900.0,2.0,42.0
Talaghattapura,3 BHK,1372.0,2.0,43.9
Chikka Tirupathi,4 Bedroom,4500.0,5.0,150.0
Bisuvanahalli,3 BHK,1180.0,2.0,55.5
Electronic City,2 BHK,1096.0,2.0,39.0
Yeshwanthpur,3 BHK,2504.0,3.0,138.0
2nd Phase Judicial Layout,3 BHK,1350.0,2.0,47.25
Raghuvanahalli,1 BHK,420.0,1.0,23.5
Hennur Road,3 BHK,1832.0,3.0,116.0
Anandapura,6 Bedroom,1380.0,7.0,130.0
Vasanthapura,2 BHK,940.0,2.0,40.0
Whitefield,4 Bedroom,4290.0,5.0,625.0
Electronic City Phase II,2 BHK,1020.0,2.0,29.45
Abbigere,6 Bedroom,2500.0,6.0,81.0
Raja Rajeshwari Nagar,2 BHK,1400.0,2.0,45.0
HAL Layout,3 BHK,1675.0,3.0,65.0
Tumkur Road,2 BHK,708.0,2.0,32.0
Channasandra,2 BHK,1123.0,2.0,36.0
Talaghattapura,2 BHK,1100.0,2.0,49.49
Upkar Layout,2 BHK,1225.0,2.0,71.05
Lingadheeranahalli,3 BHK,1683.0,3.0,140.0
Kengeri Satellite Town,1 BHK,410.0,1.0,15.0
Banashankari Stage II,3 Bedroom,2400.0,2.0,300.0
Kenchenhalli,4 Bedroom,1350.0,4.0,90.0
Gubbalala,2 BHK,1475.0,2.0,80.0
Kengeri Satellite Town,2 BHK,1120.0,2.0,49.0
KR Puram,2 BHK,1150.0,2.0,42.0
Yeshwanthpur,2 BHK,1165.0,2.0,85.0
Harlur,3 BHK,1756.0,3.0,134.0
Ambedkar Nagar,2 BHK,1409.0,2.0,95.0
Mahadevpura,2 BHK,1212.0,2.0,56.9
Doddathoguru,2 BHK,1140.0,2.0,26.49
Hegde Nagar,3 BHK,2087.01,3.0,115.0
Sarjapur  Road,3 BHK,1700.0,3.0,118.0
Raja Rajeshwari Nagar,2 BHK,1110.0,2.0,52.0
Electronic City Phase II,2 BHK,1000.0,2.0,28.88
Marathahalli,7 Bedroom,1550.0,7.0,160.0
Chikka Tirupathi,4 Bedroom,2704.0,5.0,105.0
Vidya Nagar,2 Bedroom,3760.0,2.0,280.0
Hormavu,5 Bedroom,1600.0,5.0,140.0
Bhoganhalli,2 BHK,1205.0,2.0,64.47
Thigalarapalya,2 BHK,1418.0,2.0,105.0
Ardendale,3 BHK,1650.0,3.0,82.0
MS Pallya,7 Bedroom,1200.0,7.0,139.0
Electronic City,2 BHK,1150.0,2.0,38.0
Byadarahalli,3 BHK,3071.0,4.0,300.0
Dasanapura,4 Bedroom,2400.0,5.0,100.0
Singapura Village,2 BHK,850.0,2.0,34.0
Raja Rajeshwari Nagar,3 BHK,1580.0,3.0,83.74
Whitefield,2 BHK,1216.0,2.0,84.03
Kanakpura Road,1 BHK,381.0,1.0,28.0
KR Puram,9 BHK,4600.0,9.0,200.0
Hebbal,2 BHK,1040.0,2.0,55.0
Choodasandra,4 Bedroom,2429.0,3.0,210.0
Akshaya Vana,3 BHK,1260.0,2.0,49.0
Kanakpura Road,3 BHK,1498.0,3.0,74.9
Vidyaranyapura,3 BHK,1200.0,2.0,65.0
Electronic City,2 BHK,1355.0,2.0,72.9
Canara Bank Layout,3 BHK,1450.0,3.0,65.0
Yeshwanthpur,3 BHK,1860.0,3.0,168.0
Whitefield,2 BHK,1240.0,2.0,70.0
Kanakpura Road,3 BHK,1300.0,2.0,55.0
Kundalahalli,4 Bedroom,2500.0,5.0,245.0
Ambedkar Nagar,3 BHK,1950.0,4.0,120.0
Ambalipura,3 BHK,1625.0,2.0,145.0
Electronic City,2 BHK,1200.0,2.0,30.0
OMBR Layout,2 BHK,1101.0,2.0,66.0
Whitefield,2 BHK,1216.0,2.0,72.5
Uttarahalli,3 BHK,1250.0,2.0,50.0
Samethanahalli,3 Bedroom,2100.0,3.0,70.0
Ananth Nagar,3 BHK,1470.0,3.0,54.0
Bannerghatta Road,3 BHK,1365.0,3.0,76.18
Hosa Road,2 BHK,1364.0,2.0,64.79
Banashankari Stage VI,2 BHK,1180.0,2.0,59.47
7th Phase JP Nagar,3 BHK,1800.0,3.0,130.0
Kothannur,2 BHK,1350.0,2.0,42.0
Thanisandra,3 BHK,1573.0,3.0,98.0
Nallurhalli,3 BHK,1620.0,3.0,95.0
Doddakallasandra,2 BHK,1072.0,2.0,42.87
Bagalakunte,1 BHK,560.0,1.0,21.0
Coconut Grove Layout,2 BHK,1156.0,2.0,46.0
Kudlu Gate,2 BHK,1336.0,2.0,86.0
Electronic City,2 BHK,1200.0,2.0,20.0
Marathahalli,4 BHK,3400.0,4.0,235.0
Raja Rajeshwari Nagar,3 BHK,1608.0,3.0,54.51
JP Nagar,4 BHK,4000.0,4.0,441.0
Whitefield,2 BHK,1215.0,2.0,40.0
Cox Town,2 BHK,1100.0,2.0,166.0
Green Glen Layout,3 BHK,1517.0,3.0,100.0
Mallasandra,2 BHK,1565.0,2.0,69.0
Palace Guttahalli,6 Bedroom,1680.0,4.0,250.0
Whitefield,3 BHK,2025.0,4.0,115.0
Jalahalli,2 BHK,1057.0,2.0,34.71
Sadashiva Nagar,3 BHK,3850.0,3.0,650.0
Sarjapur,2 BHK,1044.0,2.0,34.0
Domlur,3 BHK,1695.0,3.0,125.0
Ramagondanahalli,3 BHK,1635.0,3.0,61.0
Hiremath Layout,2 BHK,1140.0,2.0,56.0
Electronic City,2 BHK,1150.0,2.0,35.0
Yelachenahalli,2 BHK,1110.0,2.0,110.0
Yeshwanthpur,2 BHK,1163.0,2.0,64.08
Thubarahalli,3 BHK,1418.0,2.0,65.0
Varthur,2 BHK,1155.0,2.0,60.0
Bannerghatta Road,2 BHK,1115.0,2.0,78.0
Sanjeevini Nagar,3 BHK,2250.0,3.0,180.0
NGR Layout,2 BHK,1020.0,2.0,48.45
Naidu Layout,3 BHK,1485.0,3.0,78.0
Whitefield,4 Bedroom,1920.0,5.0,250.0
Shingapura,1 Bedroom,1350.0,2.0,45.0
8th block Koramangala,2 BHK,1209.0,2.0,100.0
8th Phase JP Nagar,2 BHK,1089.0,2.0,43.55
Yelahanka,2 BHK,1445.0,2.0,82.0
Uttarahalli,3 BHK,1250.0,2.0,50.0
SHANTHINAGAR,3 BHK,1500.0,3.0,95.0
 Devarachikkanahalli,3 BHK,1705.0,3.0,75.0
Indira Nagar,3 BHK,2200.0,3.0,160.0
Cunningham Road,5 Bedroom,2925.0,5.0,936.0
Laggere,8 Bedroom,1800.0,8.0,110.0
Whitefield,5 Bedroom,7200.0,5.0,900.0
Bellandur,3 BHK,1830.0,3.0,90.0
Electronics City Phase 1,3 BHK,1450.0,3.0,58.0
Choodasandra,3 BHK,1220.0,3.0,56.0
Hoodi,2 BHK,1259.0,2.0,69.45
Subramanyapura,3 BHK,1260.0,2.0,73.0
Kaggadasapura,3 Bedroom,2500.0,5.0,120.0
Kudlu Gate,3 BHK,1919.0,3.0,121.0
Vishveshwarya Layout,6 Bedroom,1400.0,6.0,160.0
Hennur Road,3 BHK,2050.0,3.0,120.0
Basavangudi,2 BHK,1050.0,2.0,103.0
Bhuvaneshwari Nagar,2 BHK,1000.0,2.0,60.0
Raja Rajeshwari Nagar,3 BHK,1640.0,3.0,86.8
Kumarapalli,3 BHK,1488.0,2.0,65.0
Chikkalasandra,3 BHK,1265.0,2.0,53.12
Hennur,3 BHK,1640.0,3.0,120.0
9th Phase JP Nagar,3 BHK,1719.3,2.0,88.0
Someshwara Layout,4 Bedroom,1200.0,4.0,130.0
Kaggadasapura,2 BHK,1180.0,2.0,70.0
HBR Layout,3 BHK,1700.0,3.0,110.0
Kudlu Gate,2 BHK,1464.0,3.0,56.0
JP Nagar,6 Bedroom,1800.0,6.0,68.0
Cox Town,4 Bedroom,1495.0,2.0,300.0
Yelahanka,2 BHK,1225.0,2.0,62.0
7th Phase JP Nagar,2 BHK,1050.0,2.0,68.0
Sarjapur  Road,3 BHK,1691.0,3.0,120.0
Doopanahalli,3 BHK,2250.0,3.0,199.0
Munivenkatppa Layout,4 BHK,3700.0,4.0,314.0
Jalahalli,8 Bedroom,1244.0,6.0,130.0
Jay an agar 4 T Block,4 Bedroom,750.0,4.0,120.0
Satyasaibaba Layout,2 BHK,1190.0,2.0,42.25
Haralur Road,2 BHK,1243.0,2.0,46.0
Hormavu,2 BHK,765.0,2.0,37.49
Chamrajpet,2 BHK,730.0,1.0,52.0
Queens Road,3 BHK,1405.0,3.0,169.0
Old Madras Road,3 BHK,1350.0,3.0,45.9
Yelahanka New Town,1 BHK,500.0,1.0,18.0
Amruthahalli,2 BHK,1200.0,2.0,55.0
Electronic City,2 BHK,1165.0,2.0,33.64
7th Phase JP Nagar,3 BHK,1400.0,2.0,57.0
Vaishnavi Layout,4 Bedroom,4800.0,6.0,420.0
Hormavu,3 BHK,1668.0,2.0,120.0
Kenchenahalli,1 BHK,700.0,1.0,35.0
5th Phase JP Nagar,3 BHK,1485.0,2.0,66.0
Kanakpura Road,2 BHK,700.0,2.0,41.0
Whitefield,3 BHK,1346.0,2.0,100.0
Bisuvanahalli,3 BHK,1075.0,2.0,47.0
Bellari Road,2 BHK,1050.0,2.0,43.5
1st Block Koramangala,3 BHK,1800.0,3.0,53.0
Electronic City,3 BHK,1609.0,3.0,115.0
Electronic City,2 BHK,770.0,1.0,35.0
Kudlu,2 BHK,1076.0,2.0,50.0
Kengeri,2 BHK,1052.0,2.0,51.0
Channasandra,2 BHK,1000.0,2.0,35.0
Bommasandra Industrial Area,2 BHK,1000.0,2.0,28.88
Thanisandra,3 BHK,1262.0,2.0,83.0
Koppa,3 Bedroom,720.0,3.0,48.0
Harsha Layout,1 BHK,500.0,1.0,16.0
Sadashiva Nagar,4 BHK,3500.0,4.0,700.0
Shanthala Nagar,3 BHK,1600.0,3.0,180.0
Ramagondanahalli,2 BHK,1251.0,2.0,53.0
Nagarbhavi,3 Bedroom,1050.0,3.0,175.0
Nyanappana Halli,2 BHK,1140.0,2.0,49.0
Old Madras Road,2 BHK,1157.0,2.0,47.32
RR Nagar,1 BHK,648.0,1.0,34.0
Harlur,2 BHK,1197.0,2.0,78.0
Raja Rajeshwari Nagar,3 BHK,1500.0,3.0,51.04
Raja Rajeshwari Nagar,2 BHK,1185.0,2.0,51.15
Kumaraswami Layout,3 Bedroom,2400.0,2.0,125.0
Kundalahalli,3 BHK,1397.0,3.0,105.0
Uttarahalli,2 BHK,1175.0,2.0,47.0
Basaveshwara Nagar,2 BHK,900.0,2.0,60.0
Rachenahalli,3 BHK,2710.0,3.0,170.0
Tala Cauvery Layout,3 BHK,1720.0,2.0,126.0
Cambridge Layout,3 BHK,1756.0,3.0,307.0
Yelahanka,1 BHK,602.0,1.0,38.0
Sarjapur  Road,3 BHK,1770.0,3.0,180.0
Kothannur,6 Bedroom,930.0,6.0,150.0
Raja Rajeshwari Nagar,2 BHK,1295.0,2.0,43.9
Rachenahalli,2 BHK,1200.0,2.0,46.5
Hagadur,2 BHK,1100.0,2.0,45.0
Haralur Road,2 BHK,1194.0,2.0,46.0
Marsur,3 BHK,720.0,2.0,32.0
Kasavanhalli,3 BHK,1476.0,3.0,105.0
Thanisandra,2 BHK,1056.0,2.0,65.0
Singapura Village,2 BHK,825.0,2.0,35.0
EPIP Zone,3 BHK,1860.0,3.0,130.0
Gunjur,2 BHK,1063.0,2.0,40.0
Yelahanka,1 BHK,697.0,1.0,35.0
Vijayanagar,1 Bedroom,2400.0,2.0,230.0
Anekal,2 Bedroom,1200.0,1.0,36.0
CV Raman Nagar,3 BHK,1835.0,3.0,160.0
BTM 2nd Stage,2 BHK,1147.0,2.0,75.0
Uttarahalli,3 BHK,1360.0,2.0,47.59
Kothanur,4 Bedroom,3400.0,5.0,265.0
Hosakerehalli Layout,2 BHK,1080.0,2.0,64.0
Doddakallasandra,2 BHK,1010.0,2.0,40.4
Shanti Nagar,4 Bedroom,2600.0,4.0,523.0
Brookefield,2 BHK,1270.0,2.0,95.0
Basapura,2 BHK,1100.0,2.0,61.0
Bellandur,2 BHK,1410.0,3.0,92.0
Yelahanka,2 BHK,1065.0,2.0,41.38
Anekal,2 Bedroom,1200.0,1.0,36.0
Hebbal,3 BHK,1315.0,3.0,65.0
Indira Nagar,3 BHK,1650.0,3.0,200.0
Haralur Road,2 BHK,1140.0,2.0,43.0
Kaggadasapura,2 BHK,960.0,2.0,45.0
Hosapalya,2 BHK,800.0,1.0,29.0
Doctors Layout,2 BHK,1225.0,2.0,47.0
Whitefield,2 BHK,1020.0,2.0,45.0
Magadi Road,2 BHK,750.0,2.0,27.0
2nd Block Koramangala,3 Bedroom,3000.0,3.0,550.0
 Mysore Highway,1 BHK,535.0,1.0,35.0
Varthur,2 BHK,1035.0,2.0,60.0
Bommasandra Industrial Area,2 BHK,1020.0,2.0,29.45
GM Palaya,3 BHK,1315.0,3.0,64.0
Basavangudi,3 BHK,1350.0,2.0,130.0
Bisuvanahalli,3 BHK,1075.0,2.0,48.0
Kengeri Satellite Town,3 BHK,1450.0,2.0,50.0
Gottigere,1 Bedroom,1806.0,1.0,150.0
Marathahalli,2 BHK,1350.0,2.0,99.0
Binny Pete,3 Bedroom,1282.0,3.0,178.0
Sarjapur  Road,3 BHK,1929.0,3.0,103.0
Varthur,2 BHK,1100.0,2.0,72.0
Kundalahalli,3 BHK,1800.0,3.0,110.0
Gubbalala,2 BHK,1223.0,2.0,42.81
Bharathi Nagar,3 BHK,1664.0,3.0,69.89
Uttarahalli,3 BHK,1360.0,2.0,47.59
Kasavanhalli,2 BHK,1158.0,2.0,67.0
Hormavu,3 BHK,1420.0,3.0,58.0
Rajaji Nagar,2 BHK,1268.0,2.0,127.0
Sarjapur  Road,2 BHK,1308.0,2.0,75.0
Basavangudi,3 BHK,1485.0,3.0,140.0
Volagerekallahalli,2 BHK,1067.0,2.0,33.99
Hulimavu,4 Bedroom,2000.0,4.0,100.0
Rajaji Nagar,3 BHK,2450.0,3.0,330.0
Glass Factory Layout,2 BHK,1152.0,2.0,42.0
Uttarahalli,3 BHK,1525.0,2.0,62.82
Whitefield,2 BHK,935.0,2.0,32.72
Jagadish Nagar,3 BHK,1465.0,2.0,88.0
HBR Layout,2 BHK,1198.0,2.0,65.0
3rd Phase Iti Layout,2 BHK,1145.0,2.0,63.0
Attibele,2 Bedroom,1000.0,2.0,42.0
Anekal,1 BHK,400.0,1.0,11.5
 south,4 BHK,3420.0,3.0,410.0
Marathahalli,3 BHK,1310.0,3.0,63.22
Panathur,3 BHK,1861.0,3.0,92.0
Uttarahalli,3 BHK,1265.0,2.0,65.0
Green Domain Layout,2 BHK,1280.0,2.0,75.0
Raja Rajeshwari Nagar,3 BHK,1279.0,2.0,53.76
TC Palaya,3 Bedroom,1200.0,2.0,66.0
"Ananthapura, T C palaya Main Road",2 Bedroom,680.0,3.0,60.0
Uttarahalli,3 BHK,1590.0,3.0,57.0
Hoodi,3 BHK,1837.0,3.0,142.0
Hegde Nagar,3 BHK,1703.0,3.0,130.0
Kudlu,3 BHK,1293.0,2.0,80.0
Kanakpura Road,2 BHK,700.0,2.0,35.0
Doctors Layout,3 BHK,1450.0,3.0,75.0
5th Phase JP Nagar,2 BHK,1030.0,2.0,57.0
Kanakpura Road,3 BHK,1570.0,3.0,65.93
7th Phase JP Nagar,2 BHK,1000.0,2.0,60.0
Bisuvanahalli,3 BHK,1075.0,2.0,37.0
Varthur,2 BHK,1091.0,2.0,33.82
EPIP Zone,3 BHK,2210.0,3.0,165.0
Outer Ring Road East,3 BHK,1738.0,3.0,110.0
Rajaji Nagar,3 BHK,1640.0,3.0,262.0
Gottigere,2 BHK,1205.0,2.0,56.58
Kengeri,2 BHK,1009.0,2.0,30.27
2nd Stage Nagarbhavi,5 Bedroom,1200.0,4.0,240.0
Thigalarapalya,4 BHK,3362.0,5.0,249.0
Rajaji Nagar,4 Bedroom,1600.0,3.0,140.0
Sanjay nagar,2 BHK,960.0,2.0,55.0
Uttarahalli,3 BHK,1330.0,2.0,46.55
Whitefield,2 BHK,1024.0,2.0,32.0
Raja Rajeshwari Nagar,2 BHK,1196.0,2.0,40.54
Mico Layout,1 BHK,800.0,1.0,29.5
Sarjapur  Road,3 BHK,2650.0,3.0,260.0
Jakkur,2 BHK,1080.0,2.0,60.0
Hebbal,2 BHK,1150.0,2.0,55.0
Dasanapura,3 BHK,1286.0,2.0,68.0
Whitefield,4 Bedroom,2990.0,3.0,198.0
JP Nagar,2 BHK,1150.0,2.0,90.0
Cooke Town,2 BHK,1310.0,2.0,111.0
Prithvi Layout,2 BHK,1352.0,2.0,72.0
Bommanahalli,2 BHK,1307.0,2.0,50.0
Channasandra,4 Bedroom,1500.0,4.0,89.45
Singena Agrahara,3 Bedroom,1500.0,3.0,90.0
Whitefield,3 Bedroom,1600.0,3.0,69.1
Yelahanka,1 BHK,682.0,1.0,36.23
Whitefield,4 Bedroom,2500.0,4.0,420.0
Vittasandra,3 BHK,1650.0,3.0,85.5
Haralur Road,3 BHK,1850.0,3.0,120.0
Gubbalala,4 Bedroom,2000.0,4.0,85.0
Phase 1 Kammasandra,2 BHK,982.0,2.0,25.0
Nandi Durga Road,2 BHK,2015.0,4.0,325.0
Thanisandra,3 BHK,1702.0,3.0,115.0
Amruthahalli,2 BHK,1250.0,2.0,79.0
Raja Rajeshwari Nagar,2 BHK,1240.0,2.0,40.54
Sneha Colony,2 Bedroom,1050.0,2.0,110.0
Yelahanka,2 BHK,1023.0,2.0,52.59
Dairy Circle,2 BHK,1541.0,2.0,181.0
Siddapura,2 BHK,1275.0,2.0,105.0
Sarjapur  Road,3 BHK,1580.0,3.0,125.0
Thanisandra,2 BHK,1343.0,2.0,75.0
Bommasandra,3 BHK,1365.0,3.0,52.81
Kundalahalli,2 BHK,1047.0,2.0,72.0
Shampura,2 BHK,1187.0,2.0,42.0
Banashankari Stage III,4 Bedroom,1050.0,3.0,147.0
Frazer Town,1 Bedroom,560.0,1.0,90.0
Banashankari Stage III,3 Bedroom,1000.0,2.0,120.0
Nagadevanahalli,5 Bedroom,1200.0,5.0,260.0
Choodasandra,2 BHK,1075.0,2.0,45.0
Dairy Circle,3 BHK,2048.0,3.0,206.0
Raja Rajeshwari Nagar,2 BHK,1090.0,2.0,57.0
Doddakammanahalli,3 BHK,1119.0,2.0,48.5
Poornapragna Housing Society Layout,3 BHK,1355.0,2.0,58.25
Hennur Road,3 BHK,1445.0,2.0,86.69
Electronics City Phase 1,6 Bedroom,1314.0,5.0,120.0
Malleshwaram,4 BHK,6500.0,4.0,1400.0
Yeshwanthpur,2 BHK,1165.0,2.0,64.08
Kothanur,3 BHK,1787.0,3.0,107.0
Mico Layout,4 Bedroom,3600.0,4.0,330.0
Battarahalli,6 Bedroom,1200.0,6.0,100.0
Electronic City,2 BHK,1020.0,2.0,29.45
Sarjapur  Road,3 BHK,1797.0,4.0,95.0
Whitefield,2 BHK,1205.0,2.0,58.0
Chennammana Kere,2 BHK,1095.0,2.0,55.85
Yelahanka,3 BHK,1560.0,2.0,98.0
5th Phase JP Nagar,2 BHK,1200.0,2.0,68.0
Rajaji Nagar,2 Bedroom,1200.0,1.0,200.0
Kanakpura Road,3 BHK,1450.0,3.0,65.0
Whitefield,3 BHK,1496.0,2.0,718.0
Thanisandra,3 BHK,1935.0,4.0,122.0
Hosa Road,2 BHK,1016.0,2.0,45.0
Jakkur,3 BHK,1816.0,3.0,119.0
7th Phase JP Nagar,3 BHK,1680.0,3.0,125.0
Kengeri,2 BHK,1220.0,2.0,63.0
Hosur Road,4 Bedroom,3000.0,4.0,160.0
7th Phase JP Nagar,2 BHK,980.0,2.0,86.0
Nagarbhavi,4 Bedroom,1200.0,4.0,210.0
Hormavu,2 BHK,1250.0,2.0,60.0
Jakkur,2 BHK,1424.0,2.0,80.0
Hennur Road,2 BHK,1297.0,2.0,49.9
Karuna Nagar,3 Bedroom,1300.0,3.0,170.0
Harlur,2 BHK,1290.0,2.0,89.9
Koramangala,3 BHK,1720.0,2.0,130.0
Judicial Layout,7 BHK,1200.0,7.0,199.0
Deepanjali Nagar,3 Bedroom,2320.0,2.0,160.0
Nallurhalli,3 BHK,1237.0,3.0,78.0
Whitefield,3 BHK,1720.0,3.0,98.97
Chikkalasandra,2 BHK,1224.0,2.0,45.0
Yelahanka,3 BHK,1780.0,3.0,107.0
Seegehalli,4 Bedroom,4700.0,5.0,800.0
Electronics City Phase 1,3 BHK,1800.0,3.0,93.0
Budigere,2 BHK,1139.0,2.0,56.5
Pulkeshi Nagar,1 Bedroom,588.0,1.0,88.2
2nd Phase Judicial Layout,2 BHK,700.0,2.0,35.0
Kengeri,1 Bedroom,1150.0,1.0,52.0
Channasandra,3 BHK,1330.0,2.0,51.83
Old Airport Road,4 BHK,2732.0,4.0,194.0
Kodigehaali,2 BHK,965.0,2.0,38.0
Whitefield,3 BHK,1600.0,3.0,95.0
KUDLU MAIN ROAD,2 BHK,1464.0,2.0,56.0
Frazer Town,3 BHK,3100.0,3.0,400.0
Bisuvanahalli,3 BHK,1075.0,2.0,45.0
Kengeri Hobli,2 Bedroom,1840.0,1.0,95.0
Gubbalala,3 BHK,1223.0,3.0,39.14
Ramamurthy Nagar,2 BHK,1170.0,2.0,44.0
Old Madras Road,4 BHK,3630.0,6.0,207.0
Bellandur,2 BHK,950.0,2.0,35.0
Frazer Town,3 BHK,5400.0,3.0,400.0
Electronic City,2 BHK,865.0,2.0,40.0
Kirloskar Layout,4 Bedroom,2400.0,4.0,89.0
Lakshminarayana Pura,2 BHK,1169.0,2.0,75.0
Hormavu,2 BHK,1206.0,2.0,40.0
SARJAPUR BAGALUR ROAD,4 Bedroom,10961.0,4.0,80.0
Lingadheeranahalli,3 BHK,1683.0,3.0,110.0
Mico Layout,3 BHK,1250.0,2.0,44.0
Green Glen Layout,4 BHK,3150.0,4.0,218.0
B Y Raveshwara Nagar,4 Bedroom,1200.0,2.0,140.0
Bhoganhalli,3 BHK,1234.6,3.0,104.0
Vijayanagar,1 BHK,492.0,1.0,40.0
Banashankari,2 BHK,600.0,1.0,27.0
Kalena Agrahara,3 BHK,1902.0,3.0,89.0
Kothnur Narayanapura,6 Bedroom,1200.0,6.0,125.0
Govindpura,3 BHK,1639.0,3.0,77.89
Kasavanhalli,2 BHK,1214.0,2.0,67.0
Kadabagere,2 BHK,565.0,2.0,15.0
Basaveshwara Nagar,5 Bedroom,2520.0,4.0,378.0
Harlur,2 BHK,1386.0,2.0,85.0
Bannerghatta Road,3 BHK,1535.0,3.0,60.0
Marathahalli,3 BHK,1720.0,3.0,175.0
7th Phase JP Nagar,3 BHK,1370.0,2.0,54.79
Bannerghatta Road,3 BHK,1655.0,3.0,90.0
Vidyaranyapura,2 BHK,1200.0,2.0,52.0
Horamavu Banaswadi,3 BHK,1610.0,3.0,68.0
Ramamurthy Nagar,4 Bedroom,2200.0,4.0,130.0
TC Palaya,3 Bedroom,1200.0,2.0,66.0
Mahalakshmi Layout,2 BHK,1105.0,2.0,80.0
Banjara Layout,2 Bedroom,753.0,3.0,59.5
Whitefield,3 BHK,1655.0,3.0,108.0
KR Garden,3 Bedroom,1700.0,3.0,250.0
Vishwapriya Layout,2 BHK,770.0,2.0,30.0
Balagere,2 BHK,1210.0,2.0,69.0
Hormavu,2 BHK,965.0,2.0,37.15
Kanakpura Road,2 BHK,700.0,1.0,41.0
Whitefield,3 BHK,1740.0,3.0,95.0
Electronic City Phase II,3 BHK,1310.0,2.0,37.84
Sarjapur  Road,3 BHK,1763.25,3.0,98.0
Basaveshwara Nagar,3 BHK,1900.0,3.0,150.0
Kammanahalli,6 Bedroom,1000.0,6.0,150.0
JP Nagar,3 BHK,1450.0,2.0,55.0
CV Raman Nagar,3 BHK,1836.0,3.0,148.0
Hoodi Layout,2 BHK,1160.0,2.0,75.0
Hennur Road,2 BHK,1153.0,2.0,43.0
Marathahalli,2 BHK,1285.0,2.0,55.0
Rest House Road,3 BHK,2500.0,3.0,400.0
Haralur Road,2 BHK,1194.0,2.0,47.0
Kadubeesanahalli,2 BHK,1257.0,2.0,105.0
Whitefield,3 Bedroom,1200.0,3.0,56.72
Tumkur Road,3 BHK,1240.0,2.0,79.0
Basapura,3 BHK,1294.0,2.0,52.0
Nagondanahalli,2 BHK,1095.0,2.0,45.0
HSR Layout,2 BHK,1145.0,2.0,46.0
Sarjapur  Road,3 BHK,1826.0,3.0,130.0
Electronics City Phase 1,2 BHK,1314.0,2.0,60.0
Koramangala,3 BHK,1900.0,2.0,120.0
KEB Colony,2 BHK,1040.0,2.0,36.84
Jakkur,2 BHK,1290.0,2.0,85.0
Kodigehaali,4 Bedroom,1200.0,4.0,130.0
Gollahalli,3 BHK,1325.0,2.0,47.0
Hebbal,3 BHK,2600.0,3.0,195.0
Hormavu,2 BHK,1129.0,2.0,44.0
Hebbal,2 BHK,1075.0,2.0,52.0
Green View Layout,2 BHK,1108.0,2.0,48.0
Ananth Nagar,2 BHK,810.0,2.0,25.5
Gopalkrishna Nagar,2 BHK,1155.0,2.0,65.0
Rajaji Nagar,6 BHK,3900.0,6.0,260.0
Rajaji Nagar,3 BHK,2367.0,3.0,375.0
Sarjapur  Road,3 BHK,1550.0,2.0,98.0
Babusapalaya,2 BHK,1100.0,2.0,38.0
Kanakpura Road,3 BHK,1452.0,3.0,54.2
Kothanur,2 BHK,1141.0,2.0,54.0
HOSUR RMAIN ROAD,3 BHK,1464.0,3.0,56.0
Hanumanth Nagar,3 BHK,1500.0,3.0,67.49
Anekal,1 BHK,456.0,1.0,15.0
Ramamurthy Nagar,4 Bedroom,1200.0,4.0,125.0
Thigalarapalya,4 BHK,3122.0,6.0,245.0
Horamavu Agara,2 BHK,760.0,2.0,37.49
Koramangala,6 Bedroom,2400.0,6.0,480.0
Electronic City,2 BHK,800.0,2.0,32.0
Choodasandra,2 BHK,1180.0,2.0,71.22
Kaggadasapura,2 BHK,775.0,2.0,29.5
Sarjapur  Road,2 BHK,1145.0,2.0,49.5
Konappana Agrahara,2 BHK,1060.0,2.0,42.5
Cooke Town,4 BHK,3900.0,5.0,415.0
Yelahanka New Town,3 BHK,1420.0,2.0,75.0
Bhoganhalli,4 BHK,2439.0,4.0,190.0
1st Phase JP Nagar,4 Bedroom,1200.0,4.0,300.0
Hoodi,2 BHK,1111.0,2.0,49.43
Jeevan bima nagar,2 Bedroom,984.0,2.0,125.0
Begur Road,2 BHK,1200.0,2.0,42.0
Bannerghatta Road,2 BHK,1247.0,2.0,47.39
7th Phase JP Nagar,2 BHK,1050.0,2.0,77.47
Devanahalli,3 BHK,1550.0,3.0,85.0
7th Phase JP Nagar,2 BHK,1270.0,2.0,80.0
Balagere,2 BHK,1012.0,2.0,65.0
Electronic City,2 BHK,970.0,2.0,34.0
Thanisandra,2 BHK,933.0,2.0,55.0
Sarjapur,3 Bedroom,1200.0,3.0,76.13
Dodda Nekkundi Extension,2 BHK,1148.0,2.0,69.0
7th Phase JP Nagar,3 BHK,1463.0,2.0,61.45
Jakkur Plantation,3 BHK,1719.0,3.0,110.0
Whitefield,2 BHK,1350.0,2.0,88.0
Kaggadasapura,3 BHK,1250.0,2.0,47.0
1st Block Jayanagar,8 Bedroom,1700.0,3.0,50.0
Mahalakshmi Layout,9 Bedroom,4320.0,7.0,821.0
Lakshminarayana Pura,2 BHK,1200.0,2.0,75.0
Whitefield,2 BHK,1030.0,2.0,44.0
Rajasree Layout,3 BHK,1420.0,3.0,70.0
Ramagondanahalli,5 Bedroom,9600.0,6.0,1800.0
Kanakpura Road,3 BHK,1703.0,3.0,126.0
Old Madras Road,2 BHK,1210.0,2.0,80.0
Horamavu Banaswadi,2 BHK,1210.0,2.0,50.0
Veer Sandra,4 Bedroom,3000.0,4.0,264.0
Chikkadunnasandra,3 BHK,1398.0,3.0,51.0
Nagavarapalya,2 BHK,1335.0,2.0,110.0
Hennur,2 BHK,1255.0,2.0,52.32
Mysore Road,4 Bedroom,540.0,4.0,85.0
Babusapalaya,3 BHK,1213.0,2.0,36.37
Raja Rajeshwari Nagar,2 BHK,1240.0,2.0,42.04
Yelahanka,2 BHK,1076.0,2.0,78.0
3rd Block Hrbr Layout,2 BHK,1320.0,2.0,90.0
Whitefield,2 BHK,1216.0,2.0,80.0
Thanisandra,2 BHK,1100.0,2.0,42.0
Thanisandra,2 BHK,1183.0,2.0,77.3
Balagere,1 BHK,656.0,1.0,38.77
Sarjapur  Road,1 BHK,534.0,1.0,19.65
Shikaripalya,3 BHK,1285.0,2.0,45.0
Hegde Nagar,3 BHK,2087.01,4.0,135.0
"Off Sarjapur Road, ",2 BHK,1161.0,2.0,59.0
Begur,2 BHK,1306.0,2.0,65.0
Jakkur,4 BHK,2249.81,4.0,245.0
Tata Nagar,3 BHK,1504.0,3.0,67.0
Balagere,1 BHK,645.0,1.0,39.0
Esther Enclave Layout,2 Bedroom,1230.0,2.0,68.0
Hebbal,2 BHK,1100.0,2.0,42.0
Yelahanka,1 BHK,1000.0,1.0,14.0
Sadaramangala,2 BHK,1260.0,2.0,62.0
Ambalipura,3 BHK,1817.0,3.0,102.0
Kodihalli,4 BHK,3626.0,5.0,785.0
Basavangudi,2 BHK,1180.0,2.0,124.0
KR Puram,2 BHK,1050.0,2.0,55.0
Whitefield,4 Bedroom,2900.0,4.0,225.0
Kasavanhalli,3 Bedroom,2110.0,4.0,120.0
Mysore Road,1 BHK,500.0,1.0,17.5
Murugeshpalya,3 BHK,1930.0,3.0,75.0
Harappanahalli,4 Bedroom,4560.0,5.0,430.0
Mahadevpura,3 BHK,1505.0,3.0,64.0
Jayamahal,4 Bedroom,2400.0,3.0,750.0
Ananth Nagar,2 BHK,890.0,2.0,27.0
Anekal,2 Bedroom,1200.0,1.0,36.0
Gunjur Palya,2 BHK,849.0,2.0,25.4
Chikka Tirupathi,3 Bedroom,1555.0,3.0,100.0
8th block Koramangala,3 Bedroom,600.0,2.0,85.0
KR Puram,2 BHK,1057.0,2.0,30.0
7th Phase JP Nagar,3 BHK,1680.0,3.0,122.0
Samethanahalli,2 BHK,799.0,2.0,35.0
Sarjapur  Road,3 BHK,1450.0,2.0,75.0
Sarjapur  Road,3 BHK,1819.0,3.0,100.0
Kanakpura Road,2 BHK,1135.0,2.0,56.74
HSR Layout,3 BHK,2020.0,3.0,160.0
Vinayaka Layout,5 BHK,2700.0,4.0,170.0
Hosa Road,3 BHK,1730.0,3.0,72.6
Dasarahalli,3 BHK,1950.0,3.0,125.0
Thirumalashettyhally,2 BHK,1077.0,2.0,34.46
Brookefield,3 BHK,1706.0,3.0,115.0
New Gurappana Palya,5 BHK,3000.0,4.0,300.0
Channasandra,2 BHK,1093.0,2.0,37.0
Ambalipura,4 BHK,2750.0,4.0,142.0
Whitefield,2 BHK,1340.0,2.0,101.0
Sarjapur  Road,2 BHK,984.0,2.0,59.0
AECS Layout,2 BHK,1135.0,2.0,68.0
Bannerghatta Road,4 Bedroom,2400.0,4.0,344.0
Varthur,2 BHK,1155.0,2.0,39.0
Kaggalipura,1 BHK,700.0,1.0,35.0
Horamavu Agara,2 BHK,1150.0,2.0,42.0
Hormavu,3 BHK,1385.0,2.0,69.25
Akshaya Nagar,3 BHK,2061.0,4.0,175.0
Kathriguppe,3 BHK,1335.0,2.0,73.43
Bellandur,2 BHK,1015.0,2.0,60.0
Banashankari Stage III,6 Bedroom,3000.0,6.0,150.0
Electronic City,2 BHK,1108.0,2.0,63.0
Frazer Town,2 BHK,1180.0,2.0,105.0
Hennur Road,3 BHK,1445.0,2.0,83.0
Vasanthapura,2 BHK,1500.0,2.0,65.0
KR Puram,2 BHK,1085.0,2.0,46.5
Rachenahalli,2 BHK,1050.0,2.0,52.08
Kadugodi,4 Bedroom,2760.0,4.0,290.0
Sarjapura - Attibele Road,3 BHK,1330.0,2.0,49.0
Ramagondanahalli,2 Bedroom,845.0,2.0,45.82
Kadugodi,3 BHK,1762.0,3.0,112.0
Ambalipura,2 BHK,1303.0,2.0,80.0
Banagiri Nagar,3 BHK,1560.0,2.0,125.0
Chandapura,3 BHK,1110.0,2.0,29.97
Doddabanahalli,3 BHK,1290.0,3.0,45.33
9th Phase JP Nagar,3 BHK,1780.0,3.0,88.0
Budigere,3 BHK,1636.0,3.0,83.0
Hennur,4 Bedroom,2557.0,,170.0
Sector 2 HSR Layout,2 BHK,1332.0,2.0,101.0
Sadashiva Nagar,5 BHK,7500.0,5.0,1500.0
Kodbisanhalli,2 BHK,1012.0,2.0,59.0
Kengeri,2 BHK,1192.0,2.0,53.5
Abbigere,2 BHK,795.0,2.0,32.54
Uttarahalli,2 BHK,1213.0,2.0,48.0
Sarjapur  Road,3 BHK,1489.0,3.0,88.0
Sarjapur,2 BHK,1200.0,2.0,62.0
Electronic City Phase II,2 BHK,1140.0,2.0,28.5
Devanahalli,3 BHK,1200.0,2.0,55.08
Ananth Nagar,2 BHK,1200.0,2.0,36.0
Vidyaranyapura,5 Bedroom,2640.0,6.0,225.0
Bannerghatta Road,3 BHK,1650.0,3.0,94.0
Bharathnagar,2 Bedroom,1245.0,2.0,120.0
Ardendale,2 BHK,1224.0,2.0,67.0
Gunjur,2 BHK,1235.0,2.0,52.76
Yelenahalli,2 BHK,1200.0,2.0,45.6
Yelahanka,3 BHK,1342.0,2.0,75.0
9th Phase JP Nagar,3 Bedroom,600.0,3.0,79.0
TC Palaya,2 BHK,1800.0,2.0,80.0
HAL 2nd Stage,4 Bedroom,2280.0,4.0,615.0
Rajaji Nagar,4 Bedroom,2440.0,2.0,415.0
Abbigere,2 BHK,1130.0,2.0,46.33
Somasundara Palya,2 BHK,1186.0,2.0,72.0
Hennur,2 BHK,1295.0,2.0,64.0
Kudlu Gate,3 BHK,1535.0,3.0,85.0
Bannerghatta Road,2 BHK,905.0,2.0,65.0
Bhoganhalli,2 BHK,1447.0,2.0,75.97
Hormavu,2 BHK,1165.0,2.0,40.0
Kanakpura Road,2 BHK,1328.0,2.0,107.0
Gandhi Bazar,3 BHK,1485.0,2.0,110.0
Uttarahalli,3 BHK,1475.0,2.0,59.0
Vidyaranyapura,2 BHK,1175.0,2.0,35.0
Thigalarapalya,2 BHK,1245.0,2.0,100.0
Vishwanatha Nagenahalli,4 Bedroom,720.0,4.0,95.0
Rachenahalli,2 BHK,985.0,2.0,49.97
Koramangala,5 Bedroom,4000.0,5.0,800.0
Hoskote,3 BHK,1395.0,2.0,63.0
Electronic City,1 BHK,630.0,1.0,40.5
MS Pallya,4 BHK,2400.0,4.0,88.0
Gottigere,2 BHK,1170.0,2.0,40.0
Marathahalli,4 BHK,2500.0,5.0,181.0
Gubbalala,2 BHK,1100.0,2.0,49.5
Hulimavu,4 BHK,3560.0,5.0,318.0
Margondanahalli,2 Bedroom,900.0,2.0,55.0
Bommasandra Industrial Area,2 BHK,1160.0,2.0,33.51
Varthur,2 BHK,1180.0,2.0,55.0
Tumkur Road,3 BHK,1441.0,2.0,95.0
Channasandra Layout,2 BHK,1115.0,2.0,50.0
Yeshwanthpur,3 BHK,1825.0,3.0,145.0
Challaghatta,2 BHK,1489.0,2.0,101.0
Defence Colony,4 BHK,2800.0,4.0,365.0
Subramanyapura,3 BHK,1278.0,3.0,62.71
Subramanyapura,3 BHK,1223.0,2.0,42.81
Hormavu,2 BHK,1065.0,2.0,50.92
Whitefield,2 BHK,1190.0,2.0,64.0
Koramangala,2 BHK,1130.0,2.0,63.0
Banashankari,2 BHK,1430.0,2.0,87.8
HRBR Layout,4 BHK,1900.0,3.0,90.0
Sarjapur  Road,2 BHK,1104.0,2.0,34.22
Begur Road,2 BHK,1240.0,2.0,45.88
Choodasandra,2 BHK,1140.0,2.0,62.0
Haralur Road,2 BHK,1194.0,2.0,47.0
KUDLU MAIN ROAD,3 BHK,1464.0,3.0,56.0
Sarjapur,4 BHK,3508.0,6.0,425.0
KR Puram,3 BHK,1700.0,3.0,105.0
Old Airport Road,4 BHK,2658.0,5.0,189.0
Canara Bank Colony,3 BHK,1600.0,2.0,90.0
OMBR Layout,4 BHK,3400.0,4.0,275.0
Reliaable Tranquil Layout,3 BHK,1508.0,3.0,75.0
Balagere,1 BHK,645.0,1.0,41.0
Hormavu,2 BHK,1046.0,2.0,60.0
Munnekollal,10 Bedroom,1200.0,8.0,230.0
5th Block Jayanagar,1 Bedroom,1500.0,1.0,300.0
Mahalakshmi Puram,6 Bedroom,3000.0,6.0,300.0
Hosa Road,2 BHK,1079.0,2.0,32.37
Thubarahalli,2 BHK,975.0,2.0,50.0
ISRO Layout,2 BHK,1050.0,2.0,51.0
HSR Layout,9 Bedroom,1200.0,9.0,350.0
"Jayanagar, ",3 BHK,1903.0,3.0,165.0
Asthagrama Layout,2 BHK,1200.0,2.0,38.0
Avalahalli,4 BHK,2996.0,4.0,200.0
Manayata Tech Park,4 BHK,3400.0,4.0,200.0
Whitefield,4 Bedroom,2000.0,4.0,312.0
Jigani,4 Bedroom,1453.0,4.0,160.0
Parappana Agrahara,2 BHK,1092.0,2.0,43.0
Hormavu,2 BHK,1400.0,2.0,75.0
Bommanahalli,3 BHK,1416.0,2.0,85.0
ITI Layout,3 BHK,1602.0,2.0,75.0
Electronic City,2 BHK,1100.0,2.0,41.0
Kothanur,3 BHK,1760.0,3.0,110.0
Marathahalli,4 BHK,3800.0,4.0,235.0
Vasanthapura,2 BHK,1037.0,2.0,36.28
Yeshwanthpur,3 BHK,1384.0,2.0,76.18
Vajarahalli,1 BHK,551.0,1.0,30.0
Indira Nagar,4 Bedroom,2400.0,5.0,1250.0
7th Phase JP Nagar,1 Bedroom,500.0,1.0,70.0
Sarjapur,2 BHK,900.0,2.0,27.98
Anandapura,3 Bedroom,1415.0,2.0,74.0
Rajarajesheari nagar,2 BHK,1400.0,2.0,44.8
Devara Jeevanahalli,7 Bedroom,1300.0,4.0,52.0
Millers Road,3 BHK,2850.0,4.0,460.0
Kudlu,2 BHK,1030.0,2.0,75.0
Kambipura,2 BHK,883.0,2.0,39.0
Celebrity Paradise Layout,1 BHK,550.0,1.0,16.0
Anjanapura,4 BHK,1800.0,4.0,55.0
Yemlur,5 Bedroom,10000.0,5.0,1950.0
Old Madras Road,2 BHK,1210.0,2.0,77.0
Vishveshwarya Layout,4 Bedroom,2000.0,3.0,90.0
Kanakpura Road,3 BHK,1100.0,3.0,58.0
Lavakusha Nagar,3 BHK,1780.0,3.0,100.0
2nd Block Hbr Layout,5 Bedroom,950.0,5.0,55.0
Panathur,2 BHK,1050.0,2.0,60.0
Hosur Road,3 BHK,1370.0,3.0,38.36
Marathahalli,4 BHK,3951.0,4.0,230.0
Bellandur,3 BHK,2500.0,4.0,112.0
Sri Venkateshpura Layout,2 BHK,1050.0,2.0,49.5
Anjanapura,3 BHK,1843.0,3.0,87.54
3rd Block Banashankari,4 Bedroom,1200.0,4.0,175.0
Somasundara Palya,2 BHK,1186.0,2.0,76.0
Haralur Road,1 BHK,560.0,1.0,45.0
Narayanapura,3 BHK,2357.0,3.0,135.0
Mahalakshmi Layout,4 Bedroom,1200.0,3.0,160.0
Yelahanka,3 BHK,1823.0,3.0,103.0
Rajasree Layout,3 BHK,1310.0,3.0,90.0
Varthur,3 BHK,1520.0,2.0,60.0
Bhoganhalli,3 BHK,1610.0,3.0,74.03
Whitefield,3 Bedroom,1500.0,3.0,78.57
LB Shastri Nagar,3 BHK,1400.0,2.0,80.0
HRBR Layout,3 BHK,1625.0,3.0,120.0
Chikkalasandra,5 Bedroom,1500.0,5.0,265.0
Hessarghatta,2 BHK,900.0,2.0,24.0
Talaghattapura,2 BHK,1100.0,2.0,32.0
Bannerghatta Road,2 BHK,1000.0,2.0,50.0
Old Airport Road,4 BHK,2774.0,4.0,197.0
Yeshwanthpur,1 BHK,994.0,2.0,54.67
Kaggadasapura,3 BHK,1455.0,3.0,75.0
Chandapura,5 Bedroom,1200.0,3.0,79.0
Lakshminarayana Pura,2 BHK,1172.0,2.0,75.0
Hennur,3 BHK,1935.0,3.0,102.0
Rachenahalli,3 BHK,1856.0,3.0,106.0
Old Airport Road,3 BHK,2392.0,3.0,249.0
Uttarahalli,2 BHK,900.0,2.0,35.0
Raja Rajeshwari Nagar,3 BHK,1757.0,3.0,98.0
Kudlu,2 BHK,1027.0,2.0,44.0
Whitefield,3 BHK,1626.0,3.0,85.0
Dr Shivarama Karantha Nagar,2 BHK,1200.0,2.0,54.0
Hoodi,3 BHK,1559.0,3.0,81.55
Amruthahalli,2 BHK,1190.0,2.0,50.0
KR Puram,2 BHK,1200.0,2.0,72.0
Harlur,2 BHK,1174.0,2.0,74.0
Kanakpura Road,2 BHK,1140.0,2.0,65.0
Vibuthipura,3 BHK,1603.0,2.0,125.0
Subramanyapura,3 BHK,1278.0,3.0,70.0
Krishna Reddy Layout,3 BHK,2180.0,3.0,285.0
Banashankari Stage III,2 BHK,1085.0,2.0,50.0
Whitefield,2 BHK,1195.0,2.0,61.36
Kamakshipalya,1 Bedroom,450.0,1.0,30.0
Rajaji Nagar,4 BHK,6500.0,5.0,1400.0
Attibele,1 BHK,550.0,1.0,11.5
Kenchenahalli,2 BHK,1165.0,2.0,45.0
1st Stage Indira Nagar,4 BHK,3000.0,4.0,301.0
Kanakpura Road,3 BHK,1452.0,3.0,60.0
Sarjapur  Road,1 BHK,702.0,1.0,52.0
Banashankari,2 BHK,1020.0,2.0,42.83
Devanahalli,2 BHK,1340.0,2.0,65.0
Marathahalli,2 BHK,1125.0,2.0,54.8
JCR Layout,2 BHK,1160.0,2.0,40.53
Vidyaranyapura,2 BHK,1050.0,2.0,50.0
JP Nagar,3 BHK,1960.0,3.0,138.0
Ganga Nagar,2 BHK,1200.0,3.0,52.0
Judicial Layout,3 Bedroom,1200.0,4.0,220.0
Old Airport Road,4 BHK,3496.0,4.0,262.0
Electronic City,2 BHK,975.0,2.0,32.0
Kudlu,3 BHK,1700.0,3.0,125.0
8th Phase JP Nagar,4 Bedroom,1800.0,4.0,230.0
Madavara,4 Bedroom,612.0,3.0,47.0
Brooke Bond First Cross,2 BHK,1275.0,2.0,69.0
Yeshwanthpur,1 BHK,650.0,1.0,40.0
Kasavanhalli,2 BHK,1495.0,2.0,110.0
Hebbal,2 BHK,1200.0,2.0,48.0
Sarjapura - Attibele Road,5 Bedroom,3750.0,6.0,295.0
Hennur Road,3 BHK,1679.0,3.0,94.86
Kaval Byrasandra,3 BHK,1450.0,3.0,75.0
Balagere,2 BHK,1210.0,2.0,82.0
Dwaraka Nagar,3 BHK,1300.0,2.0,51.0
Judicial Layout,2 BHK,1165.0,2.0,49.61
Keshava Nagar,3 BHK,1623.0,3.0,155.0
Channasandra,2 BHK,1115.0,2.0,35.8
BTM Layout,1 BHK,450.0,1.0,20.0
Electronics City Phase 1,2 BHK,1170.0,2.0,62.0
KR Puram,4 Bedroom,2065.0,4.0,248.0
Marathahalli,3 BHK,1700.0,3.0,126.0
Uttarahalli,6 Bedroom,1080.0,5.0,160.0
Malleshpalya,2 BHK,1245.0,2.0,55.0
Kanakapura,2 BHK,1017.0,2.0,66.0
7th Phase JP Nagar,6 Bedroom,650.0,6.0,80.0
Sarjapur  Road,2 BHK,1242.0,2.0,75.0
Yelahanka,3 BHK,1792.0,3.0,104.0
Garebhavipalya,3 BHK,1275.0,3.0,55.0
8th Phase JP Nagar,6 Bedroom,1200.0,6.0,260.0
7th Block Jayanagar,3 Bedroom,2400.0,3.0,408.0
Electronic City,1 BHK,605.0,1.0,22.0
HBR Layout,4 Bedroom,1200.0,4.0,115.0
Electronics City Phase 1,3 BHK,1450.0,3.0,79.0
Bommenahalli,3 Bedroom,1232.0,3.0,96.0
Laggere,5 Bedroom,1800.0,5.0,70.0
Sidedahalli,1 Bedroom,900.0,1.0,52.3
Kaggadasapura,2 BHK,1200.0,2.0,40.0
Kadugodi,4 BHK,2100.0,3.0,204.0
Uttarahalli,2 BHK,1065.0,2.0,42.6
AGS Layout,2 BHK,1075.0,2.0,48.38
Anand Nagar,6 Bedroom,1508.0,5.0,240.0
Lake City,2 BHK,780.0,2.0,31.0
7th Phase JP Nagar,2 BHK,1070.0,2.0,42.79
Haralur Road,3 BHK,1464.0,3.0,56.0
Ramagondanahalli,3 BHK,1910.0,3.0,150.0
Cox Town,2 BHK,1280.0,2.0,120.0
Raja Rajeshwari Nagar,3 BHK,1530.0,3.0,64.0
Bhoganhalli,4 BHK,2439.0,5.0,170.0
Varsova Layout,2 BHK,1088.0,2.0,43.5
Harlur,2 BHK,1174.0,2.0,78.0
Raja Rajeshwari Nagar,3 BHK,1587.0,3.0,73.8
Kaggadasapura,2 BHK,1045.0,2.0,55.0
Yelahanka,2 BHK,1304.0,2.0,69.97
Whitefield,2 BHK,1100.0,2.0,65.0
Hennur Road,3 BHK,1482.0,2.0,68.9
Devanahalli,3 Bedroom,2125.0,3.0,107.0
Varthur,5 BHK,1000.0,4.0,65.0
Parappana Agrahara,2 BHK,1194.0,2.0,45.0
Kengeri,2 BHK,1200.0,2.0,42.0
Volagerekallahalli,2 BHK,1070.0,2.0,32.99
Whitefield,2 BHK,1100.0,2.0,46.5
Whitefield,3 BHK,1270.0,2.0,65.0
Marasandra,2 BHK,1000.0,2.0,31.0
Vittasandra,2 BHK,1246.0,2.0,69.0
Raja Rajeshwari Nagar,3 BHK,1529.0,3.0,51.77
Thanisandra,2 BHK,1185.0,2.0,42.0
Gubbalala,2 BHK,1060.0,2.0,46.0
Ananth Nagar,3 BHK,1319.0,3.0,37.75
Kaikondrahalli,2 BHK,991.0,2.0,64.0
Thanisandra,1 BHK,662.0,1.0,38.0
Nandini Layout,2 Bedroom,1200.0,2.0,110.0
tc.palya,3 Bedroom,1400.0,2.0,78.0
Talaghattapura,3 BHK,1575.0,3.0,80.0
Hosakerehalli,2 Bedroom,600.0,2.0,65.0
Electronic City,5 Bedroom,717.0,5.0,78.0
Ananth Nagar,3 BHK,1319.0,3.0,42.0
Brookefield,3 Bedroom,2000.0,3.0,300.0
9th Phase JP Nagar,3 Bedroom,600.0,3.0,85.0
Electronics City Phase 1,2 BHK,940.0,2.0,48.0
Singasandra,1 Bedroom,600.0,1.0,45.0
Chandapura,2 BHK,985.0,2.0,25.12
Kodigehalli,2 Bedroom,500.0,1.0,55.0
Bharathi Nagar,2 BHK,1349.0,2.0,56.7
Whitefield,3 Bedroom,3117.0,3.0,261.0
HSR Layout,3 BHK,1844.0,3.0,95.0
Thigalarapalya,3 BHK,1830.0,4.0,150.0
Sarjapur  Road,3 BHK,2275.0,4.0,185.0
Varthur Road,2 BHK,1140.0,2.0,49.11
Banjara Layout,3 Bedroom,900.0,3.0,79.0
Jaya Mahal layout,3 BHK,2648.0,3.0,238.0
Judicial Layout,5 Bedroom,5400.0,4.0,700.0
Banashankari,3 BHK,1372.0,2.0,48.02
Sanne Amanikere,3 BHK,1455.0,2.0,45.0
Hebbal,2 BHK,1100.0,2.0,38.0
Raja Rajeshwari Nagar,2 BHK,1295.0,2.0,55.47
Vajarahalli,3 BHK,1475.0,3.0,80.0
Nagavarapalya,3 BHK,1788.0,3.0,164.0
Haralur Road,2 BHK,1243.0,2.0,46.0
Yeshwanthpur,3 BHK,1855.0,3.0,140.0
Kudlu Gate,3 BHK,1850.0,3.0,120.0
Marathahalli,3 BHK,1315.0,2.0,60.0
Whitefield,2 BHK,1216.0,2.0,73.0
Brooke Bond First Cross,3 BHK,1721.0,3.0,93.0
Sonnenahalli,2 BHK,1059.0,2.0,62.0
Kadubeesanahalli,2 BHK,1184.0,2.0,55.0
Yelahanka,7 Bedroom,1400.0,5.0,175.0
Koramangala,3 BHK,2223.0,3.0,300.0
Kodbisanhalli,3 BHK,1480.0,3.0,75.0
Kodigehalli,2 BHK,635.0,1.0,28.0
BEML Layout,2 Bedroom,2400.0,2.0,228.0
JP Nagar,4 Bedroom,1500.0,2.0,87.0
Hosa Road,2 BHK,1143.0,2.0,34.2
Sarjapur  Road,4 Bedroom,3200.0,4.0,350.0
Kanakpura Road,4 Bedroom,3170.0,4.0,250.0
Vaishnavi Layout,4 Bedroom,4800.0,4.0,420.0
Kothannur,3 BHK,1485.0,2.0,59.4
Rajaji Nagar,3 BHK,1640.0,3.0,251.0
Hennur,3 BHK,1655.0,2.0,70.5
2nd Phase Judicial Layout,2 BHK,900.0,2.0,41.0
Somasundara Palya,3 BHK,1600.0,3.0,69.0
Neelamangala,2 BHK,1163.0,2.0,68.0
Hennur Road,3 BHK,1654.0,3.0,97.8
Ngef Layout,4 Bedroom,2100.0,3.0,1000.0
Bellandur,3 BHK,1685.0,3.0,101.0
Banashankari,3 BHK,1540.0,3.0,80.0
Thanisandra,2 BHK,1265.0,2.0,72.0
Kasavanhalli,3 BHK,1200.0,2.0,38.4
Amblipura,3 BHK,1300.0,2.0,80.0
Sultan Palaya,2 BHK,1009.0,2.0,65.0
Ramamurthy Nagar Extension,3 BHK,1540.0,3.0,65.0
Bellandur,3 BHK,1735.0,3.0,105.0
HSR Layout,4 Bedroom,2500.0,4.0,300.0
Marsur,2 BHK,497.0,1.0,20.0
Hosakerehalli,3 BHK,2480.0,4.0,265.0
Electronic City,2 BHK,1142.0,2.0,35.0
Doctors Layout,3 BHK,1215.0,2.0,46.8
Electronic City,2 BHK,1070.0,2.0,48.0
Electronic City Phase II,2 BHK,1125.0,2.0,32.49
Bommasandra Industrial Area,2 BHK,1125.0,2.0,32.49
Kasavanhalli,2 BHK,1575.0,2.0,85.0
Hosa Road,2 BHK,1360.0,2.0,77.61
Haralur Road,3 BHK,1710.0,3.0,85.0
Electronic City Phase II,2 BHK,1200.0,2.0,34.65
Bannerghatta Road,4 BHK,2185.0,3.0,120.0
Bagalur,4 BHK,2400.0,4.0,135.0
Banashankari,2 BHK,1195.0,2.0,35.84
Vittasandra,2 BHK,1246.0,2.0,67.0
Bannerghatta Road,2 BHK,1012.0,2.0,45.0
Ganga Nagar,2 BHK,998.0,2.0,65.0
Doddaballapur,3 Bedroom,2400.0,3.0,250.0
7th Phase JP Nagar,2 BHK,1130.0,2.0,85.0
Koramangala,3 BHK,1744.0,4.0,210.0
Rajaji Nagar,4 BHK,2733.0,5.0,259.0
Karuna Nagar,3 BHK,1354.0,2.0,98.0
Maruthi Nagar,10 Bedroom,3300.0,9.0,450.0
Brookefield,2 BHK,1389.0,2.0,94.0
Sarjapur,4 Bedroom,2970.0,3.0,130.0
Cooke Town,3 BHK,2560.0,4.0,310.0
Lakshminarayana Pura,2 BHK,1172.0,2.0,75.0
5th Block Jayanagar,3 Bedroom,500.0,2.0,75.0
Kaggadasapura,3 BHK,1495.0,3.0,60.0
Varthur,2 BHK,1738.0,2.0,57.35
Dodda Nekkundi,2 BHK,1315.0,2.0,50.0
Marathahalli,2 BHK,1270.0,2.0,73.0
Electronic City Phase II,2 BHK,1160.0,2.0,52.2
Raja Rajeshwari Nagar,3 BHK,1450.0,2.0,67.0
Rayasandra,1 BHK,470.0,1.0,21.0
2nd Phase JP Nagar,2 BHK,1040.0,2.0,78.0
Sarjapur,2 BHK,1205.0,2.0,29.0
KSRTC Layout,3 BHK,1215.0,2.0,50.0
Whitefield,2 BHK,1135.0,2.0,58.0
8th Phase JP Nagar,3 BHK,1224.0,2.0,48.95
Budigere,1 BHK,664.0,1.0,34.0
Electronic City,3 BHK,1160.0,2.0,42.0
Babusapalaya,2 Bedroom,1200.0,2.0,105.0
Bommasandra Industrial Area,3 BHK,1220.0,2.0,35.2
Bharathi Nagar,2 BHK,1328.0,2.0,69.0
BSM Extension,2 BHK,975.0,2.0,45.0
Ambedkar Colony,3 BHK,1907.0,2.0,200.0
Malleshwaram,2 BHK,900.0,2.0,72.0
Banashankari 6th Stage,2 BHK,1330.0,2.0,80.0
Rajiv Nagar,4 BHK,2330.0,5.0,175.0
Munnekollal,3 BHK,1222.0,3.0,95.0
Dodsworth Layout,3 Bedroom,4446.0,3.0,410.0
Sarjapur  Road,3 BHK,2100.0,3.0,135.0
Sarjapur  Road,4 BHK,3335.0,4.0,290.0
Whitefield,3 Bedroom,3150.0,3.0,290.0
Jnana Ganga Nagar,3 Bedroom,1320.0,2.0,95.0
9th Phase JP Nagar,7 Bedroom,820.0,7.0,140.0
Shetty Halli,5 Bedroom,8000.0,5.0,550.0
Hennur Road,4 Bedroom,2400.0,5.0,500.0
Uttarahalli,3 BHK,1330.0,2.0,46.55
Hosur Road,4 Bedroom,2000.0,4.0,130.0
Electronic City Phase II,2 BHK,1244.0,2.0,55.0
Konena Agrahara,2 BHK,1000.0,2.0,50.0
Gunjur Palya,3 BHK,1400.0,3.0,45.0
Vignana Nagar,2 BHK,1000.0,2.0,35.0
Rajaji Nagar,2 Bedroom,1056.0,1.0,250.0
Uttarahalli,3 BHK,1250.0,2.0,50.0
Jeevan bima nagar,2 BHK,1225.0,2.0,48.0
Hebbal,4 BHK,2790.0,5.0,198.0
Indira Nagar,4 BHK,2800.0,4.0,365.0
Seegehalli,3 BHK,1683.0,3.0,80.0
Yelahanka,2 BHK,1250.0,2.0,54.0
Hennur Road,3 BHK,1305.0,2.0,110.0
Sarjapur  Road,3 Bedroom,3009.0,3.0,331.0
Kaggalipura,3 BHK,1150.0,2.0,57.5
Kaggadasapura,3 BHK,1654.0,3.0,70.0
Munivenkatppa Layout,4 BHK,4500.0,3.0,225.0
Kadugodi,3 BHK,1890.0,4.0,125.0
Kasavanhalli,2 BHK,1069.0,2.0,55.0
Chandapura,2 BHK,750.0,1.0,18.5
Banashankari,4 Bedroom,675.0,4.0,140.0
Hormavu,3 Bedroom,2400.0,3.0,177.0
2nd Stage Nagarbhavi,5 Bedroom,1200.0,4.0,240.0
Koramangala,4 Bedroom,1410.0,2.0,280.0
7th Phase JP Nagar,3 BHK,1680.0,3.0,130.0
Sadanand Nagar,3 BHK,3500.0,4.0,500.0
Sarjapur  Road,3 BHK,1700.0,3.0,93.5
Brindavan Layout,4 Bedroom,2200.0,2.0,150.0
Thanisandra,3 BHK,1595.0,3.0,105.0
Hennur Road,3 BHK,1480.0,3.0,100.0
Bethel Nagar,3 Bedroom,1092.0,3.0,95.0
Koramangala,3 BHK,1866.0,4.0,245.0
Hebbal,3 BHK,3895.0,3.0,390.0
Banashankari,3 BHK,1683.0,3.0,115.0
Dasanapura,2 BHK,545.0,2.0,22.34
Banaswadi,2 BHK,1340.0,2.0,73.0
"Judicial Layout, Kanakapura Road, ",3 BHK,1100.0,3.0,53.0
Akshaya Nagar,1 Bedroom,2000.0,1.0,200.0
Whitefield,2 BHK,1185.0,2.0,56.0
Chandapura,2 BHK,1025.0,2.0,27.68
Haralur Road,3 BHK,1730.0,3.0,95.0
Hennur Road,3 BHK,1450.0,3.0,88.6
Sarjapur  Road,3 BHK,1862.0,4.0,110.0
Sarjapur  Road,4 Bedroom,4000.0,5.0,578.0
Old Madras Road,3 BHK,2430.0,5.0,180.0
Chambenahalli,2 BHK,1170.0,2.0,50.0
B Narayanapura,2 BHK,1075.0,2.0,50.0
Kodichikkanahalli,2 BHK,1060.0,2.0,34.0
Sarjapur,2 BHK,850.0,2.0,32.0
P&T Layout,2 BHK,935.0,2.0,45.9
Gollarapalya Hosahalli,4 BHK,1905.0,3.0,86.0
8th Block Jayanagar,6 Bedroom,2000.0,6.0,300.0
Uttarahalli,2 BHK,1125.0,2.0,47.0
9th Phase JP Nagar,6 Bedroom,600.0,6.0,75.0
Chikkabanavar,4 Bedroom,1500.0,4.0,105.0
Bannerghatta Road,3 BHK,1725.0,3.0,85.0
Dodda Banaswadi,2 BHK,1120.0,2.0,36.0
Brookefield,3 BHK,1750.0,2.0,75.0
7th Phase JP Nagar,3 BHK,2000.0,3.0,77.0
Koramangala,3 BHK,1745.0,3.0,98.0
Bagalakunte,5 Bedroom,750.0,3.0,95.0
Uttarahalli,3 BHK,1270.0,2.0,55.25
Iblur Village,5 BHK,5384.0,5.0,420.0
Sahakara Nagar,2 BHK,1180.0,2.0,72.0
Shanti Nagar,2 BHK,1130.0,2.0,75.0
Old Airport Road,4 BHK,2774.0,4.0,197.0
Ardendale,3 BHK,1723.0,3.0,95.0
Mysore Road,2 BHK,1175.0,2.0,70.5
Ambalipura,3 BHK,1607.0,2.0,112.0
Varanasi,2 BHK,1334.0,2.0,62.0
Vishwapriya Layout,5 Bedroom,2800.0,5.0,130.0
Bellandur,3 BHK,1138.0,3.0,128.0
Bannerghatta,2 BHK,1113.0,2.0,70.0
9th Phase JP Nagar,3 BHK,1300.0,2.0,58.0
Judicial Layout,4 Bedroom,2400.0,4.0,350.0
Sahakara Nagar,2 BHK,1200.0,2.0,60.0
cooketown,3 BHK,1900.0,3.0,190.0
Jakkur,4 BHK,5150.0,4.0,559.0
2nd Stage Nagarbhavi,5 Bedroom,1200.0,5.0,290.0
Whitefield,4 BHK,2956.0,5.0,234.0
Begur Road,5 Bedroom,1100.0,5.0,165.0
Panathur,2 BHK,1398.0,2.0,97.0
Margondanahalli,2 Bedroom,1152.0,1.0,66.0
Rajarajeshwarinagar,4 Bedroom,1200.0,5.0,325.0
Nagavara,2 BHK,1110.0,2.0,44.95
 Devarachikkanahalli,2 BHK,1116.0,2.0,47.0
Babusapalaya,2 BHK,1061.0,2.0,33.84
Malleshwaram,1 BHK,620.0,1.0,86.8
7th Phase JP Nagar,3 BHK,1300.0,2.0,52.0
Yelahanka,2 BHK,1270.0,2.0,57.0
Peenya,2 BHK,966.0,2.0,50.0
AMS Layout,4 Bedroom,1200.0,4.0,110.0
Kodigehalli,4 Bedroom,1320.0,4.0,249.0
Iblur Village,4 BHK,3596.0,5.0,297.0
Kathriguppe IV Phase,3 BHK,1630.0,3.0,131.0
Kodipalya,5 BHK,600.0,6.0,72.0
Ramchandrapuram,4 Bedroom,600.0,4.0,60.0
Amruthahalli,2 BHK,1202.0,2.0,65.0
Pampa Extension,4 Bedroom,1200.0,4.0,250.0
Jakkur,2 BHK,1300.0,2.0,80.0
Uttarahalli,6 Bedroom,1200.0,6.0,330.0
Electronic City,3 BHK,1360.0,2.0,70.0
Hennur Road,2 BHK,1155.0,2.0,69.18
Hosakerehalli,3 BHK,2378.0,3.0,310.0
Hulimavu,2 BHK,1011.0,2.0,38.0
HSR Layout,2 BHK,1203.0,2.0,72.0
Hebbal,3 BHK,1645.0,3.0,113.0
Horamavu Agara,3 BHK,1364.0,2.0,50.0
Anekal,2 Bedroom,1200.0,1.0,36.0
KR Layout,1 BHK,1050.0,2.0,41.0
Kothanur,3 BHK,1365.0,3.0,66.0
Jigani,3 BHK,1252.0,3.0,70.0
Jigani,3 BHK,1221.0,3.0,65.0
Panathur,2 BHK,1065.0,2.0,58.0
Uttarahalli,3 BHK,1270.0,2.0,55.25
Sahakara Nagar,2 BHK,1032.0,2.0,45.0
Frazer Town,4 BHK,2900.0,4.0,325.0
Sector 2 HSR Layout,3 BHK,1515.0,2.0,69.0
Akshaya Vana,2 BHK,1427.0,2.0,52.0
Magadi Road,2 BHK,940.0,2.0,50.0
Medahalli,5 Bedroom,800.0,5.0,95.0
Bannerghatta Road,3 BHK,1460.0,2.0,80.0
Sarjapur  Road,3 BHK,2275.0,4.0,175.0
9th Phase JP Nagar,3 BHK,1522.0,3.0,90.0
Basaveshwara Nagar Yelahanka,3 Bedroom,3210.0,4.0,380.0
Thanisandra,2 BHK,1185.0,2.0,42.67
1Hoysalanagar,13 BHK,5425.0,13.0,275.0
Banashankari,3 BHK,1800.0,3.0,125.0
Electronics City Phase 1,2 BHK,940.0,2.0,44.0
Andrahalli,4 Bedroom,1200.0,4.0,135.0
Marathahalli,3 BHK,1530.0,3.0,71.0
Gollahalli,2 BHK,1050.0,2.0,48.0
Subramanyapura,2 BHK,929.0,2.0,49.0
Banjara Layout,4 Bedroom,3750.0,5.0,145.0
Whitefield,3 BHK,1530.0,3.0,75.0
PC Palaya,2 Bedroom,900.0,2.0,48.0
Vasanthapura,2 BHK,978.0,2.0,34.22
Sathya Sai Layout,4 BHK,4041.0,4.0,345.0
Ambalipura,1 BHK,770.0,1.0,43.82
Kaval Byrasandra,2 BHK,1066.0,2.0,55.0
Electronic City,1 BHK,635.0,1.0,28.0
Whitefield,2 BHK,1015.0,2.0,45.0
Hebbal,2 BHK,1175.0,2.0,54.05
Chikkabanavar,4 Bedroom,1200.0,4.0,130.0
Vidyaranyapura,2 BHK,1188.0,2.0,50.0
Indira Nagar,5 Bedroom,2400.0,5.0,700.0
Soppahalli,1 BHK,620.0,1.0,25.0
Ejipura,2 BHK,1210.0,2.0,75.0
Attibele,3 Bedroom,1000.0,3.0,90.0
Rajaji Nagar,3 BHK,1500.0,2.0,99.0
Electronic City,4 Bedroom,1800.0,3.0,190.0
Thanisandra,2 BHK,1185.0,2.0,43.66
Basavangudi,3 BHK,1600.0,3.0,130.0
Gottigere,2 BHK,1100.0,2.0,28.0
Yelahanka,2 BHK,1300.0,2.0,69.23
Kasavanhalli,2 BHK,1100.0,2.0,68.0
Ambalipura,2 BHK,860.0,2.0,28.93
Panathur,2 BHK,1007.0,2.0,64.0
Akshaya Nagar,2 BHK,1100.0,2.0,48.0
Whitefield,2 BHK,1187.0,2.0,38.0
R.T. Nagar,2 BHK,1150.0,2.0,72.0
Nagavara,3 BHK,2400.0,3.0,252.0
Aavalahalli,2 BHK,1180.0,2.0,41.94
Budigere,3 BHK,1820.0,3.0,85.2
Hennur Bande,6 Bedroom,1200.0,6.0,180.0
Sector 1 HSR Layout,3 Bedroom,2400.0,6.0,775.0
KR Puram,4 BHK,3628.0,4.0,246.0
Kodbisanhalli,3 BHK,1430.0,3.0,70.0
Kanakpura Road,2 BHK,700.0,2.0,40.0
Kattigenahalli,2 Bedroom,1200.0,1.0,70.0
Old Madras Road,2 BHK,1165.0,2.0,40.77
Jalahalli,3 BHK,1569.0,3.0,118.0
Basaveshwara Nagar Yelahanka,3 BHK,1950.0,4.0,95.0
Jayanti Nagar,2 Bedroom,1200.0,3.0,70.0
Yelahanka New Town,3 BHK,2437.0,3.0,125.0
Marathahalli,2 BHK,950.0,2.0,46.7
Bellandur,3 BHK,1685.0,3.0,115.0
Green Glen Layout,4 BHK,3270.0,4.0,205.0
Sarjapur  Road,2 BHK,1314.0,2.0,110.0
New Gurappana Palya,3 BHK,1250.0,3.0,40.0
Virudhu Nagar,2 BHK,1130.0,2.0,68.0
Doddakannelli,6 Bedroom,1200.0,9.0,122.0
Sultan Palaya,6 Bedroom,890.0,5.0,160.0
kamanahalli main road,3 Bedroom,857.0,3.0,95.0
Whitefield,3 BHK,2247.0,3.0,145.0
Marathahalli,3 BHK,1550.0,3.0,85.0
Hoodi,3 BHK,1715.0,2.0,100.0
Hennur Road,2 BHK,1053.0,2.0,53.0
Begur Road,3 Bedroom,1200.0,3.0,50.0
HBR Layout,3 Bedroom,1800.0,2.0,230.0
Chikkabanavar,5 Bedroom,2400.0,4.0,97.0
Kodbisanhalli,2 BHK,1245.0,1.0,60.0
Koramangala,2 BHK,1320.0,2.0,160.0
Whitefield,4 Bedroom,3940.0,5.0,265.0
Thanisandra,3 BHK,1241.0,2.0,65.0
7th Phase JP Nagar,3 BHK,2980.0,4.0,260.0
7th Block Koramangala,6 Bedroom,600.0,5.0,130.0
Raja Rajeshwari Nagar,2 BHK,1090.0,2.0,57.0
Byrasandra,3 BHK,1390.0,2.0,50.0
Sampangi Rama Nagar,8 Bedroom,600.0,4.0,175.0
Jakkur Plantation,3 BHK,2750.0,5.0,275.0
Kanakpura Road,3 BHK,1100.0,2.0,52.97
Koramangala,2 BHK,1350.0,2.0,103.0
Prakash Nagar,2 BHK,800.0,2.0,55.0
Sarjapur  Road,3 BHK,1787.0,3.0,116.0
BTM Layout,3 BHK,2400.0,3.0,220.0
Haralur Road,4 BHK,3700.0,4.0,325.0
Sarjapur  Road,3 BHK,1691.0,3.0,93.01
Bhoganhalli,4 BHK,2119.0,4.0,111.0
Chikka Tirupathi,3 Bedroom,2325.0,3.0,95.0
Thyagaraja Nagar,5 Bedroom,570.0,5.0,80.0
Akshaya Nagar,3 BHK,1896.0,3.0,102.0
Banashankari Stage V,3 BHK,1540.0,3.0,48.51
Cambridge Layout,2 BHK,1244.0,2.0,95.0
Hormavu,3 BHK,1365.0,2.0,65.0
Thanisandra,1 BHK,580.0,1.0,27.5
Hebbal,3 BHK,1355.0,3.0,83.87
Bharat Nagar,3 Bedroom,1500.0,4.0,180.0
8th Phase JP Nagar,2 BHK,1513.0,2.0,62.0
Banashankari,2 BHK,1175.0,2.0,41.13
Thanisandra,3 BHK,2087.0,4.0,139.0
Talaghattapura,3 BHK,2273.0,3.0,145.0
Thanisandra,3 BHK,2050.0,3.0,150.0
Garebhavipalya,2 Bedroom,1200.0,2.0,75.0
Whitefield,2 BHK,1190.0,2.0,59.0
Kodigehalli,4 BHK,600.0,3.0,85.0
Marathahalli,2 BHK,1019.0,2.0,49.86
Thigalarapalya,3 BHK,1830.0,3.0,133.0
Channasandra,7 Bedroom,4278.0,7.0,299.0
Sarjapur  Road,2 BHK,1028.0,2.0,56.0
Old Madras Road,2 BHK,1300.0,2.0,100.0
Whitefield,2 BHK,1160.0,2.0,67.0
Mahadevpura,3 BHK,1505.0,3.0,78.0
Kogilu,2 BHK,1250.0,2.0,55.55
Ramchandrapuram,1 Bedroom,400.0,2.0,50.0
Sarjapur,2 BHK,1175.0,2.0,41.68
Janatha Colony,2 BHK,1100.0,2.0,57.6
Vishwanatha Nagenahalli,3 BHK,2159.0,3.0,120.0
Devanahalli,2 BHK,1230.0,2.0,56.45
Gkvk Layout,3 Bedroom,1200.0,4.0,180.0
Channasandra Layout,5 Bedroom,3100.0,6.0,165.0
Hegganahalli,1 Bedroom,1200.0,1.0,48.0
Dodsworth Layout,2 BHK,1340.0,2.0,71.0
Banashankari,3 BHK,1750.0,2.0,89.0
Banashankari Stage II,2 BHK,1400.0,2.0,100.0
Nagarbhavi,3 BHK,1350.0,3.0,60.0
RMV Extension,3 BHK,1675.0,3.0,62.0
Thanisandra,2 BHK,1340.0,2.0,66.33
Malleshwaram,2 Bedroom,600.0,1.0,68.0
Hulimavu,2 BHK,1276.0,2.0,76.0
Ramagondanahalli,3 BHK,1738.0,2.0,76.0
"Hoodi Circle, ",2 BHK,1190.0,2.0,59.9
Electronic City,2 BHK,1128.0,2.0,65.45
Veersandra,2 BHK,1250.0,2.0,55.0
ITI Layout,2 BHK,1450.0,2.0,90.0
Kudlu,2 BHK,1084.0,2.0,53.0
Kaggadasapura,4 BHK,2150.0,4.0,90.0
Koramangala,4 Bedroom,6000.0,4.0,625.0
Nagarbhavi,4 Bedroom,600.0,3.0,77.0
Hosur Road,2 BHK,1250.0,2.0,65.0
Seegehalli,3 Bedroom,2400.0,4.0,240.0
Begur,3 BHK,1304.0,3.0,65.0
Rajaji Nagar,3 BHK,1640.0,3.0,268.0
7th Phase JP Nagar,2 BHK,980.0,2.0,77.44
Ramanashree Enclave,2 BHK,1275.0,2.0,49.5
"Yelahanka,MVIT college",1 Bedroom,10030.0,1.0,150.0
Banjara Layout,3 Bedroom,2500.0,4.0,140.0
Bidadi,4 Bedroom,3600.0,4.0,225.0
Anekal,3 Bedroom,2400.0,4.0,95.0
Chikku Lakshmaiah Layout,3 BHK,2300.0,3.0,280.0
Kanakpura Road,3 BHK,1450.0,2.0,70.18
Electronic City,2 BHK,890.0,2.0,40.0
Bannerghatta Road,2 BHK,1340.0,2.0,85.0
Vidyaranyapura,3 BHK,1100.0,2.0,75.0
Kengeri,2 BHK,750.0,2.0,40.0
Basaveshwara Nagar,4 Bedroom,700.0,4.0,125.0
Akshaya Nagar,2 BHK,1300.0,2.0,66.0
HRBR Layout,2 BHK,1301.0,2.0,120.0
Gnana Bharathi,9 Bedroom,3200.0,8.0,130.0
Pillahalli,3 Bedroom,1900.0,2.0,92.0
Kanakpura Road,2 BHK,1299.0,2.0,105.0
Anugrah Layout,3 BHK,1250.0,3.0,40.0
Whitefield,4 Bedroom,1600.0,4.0,300.0
Kalkere,2 BHK,925.0,2.0,55.0
Meenakunte,3 Bedroom,3900.0,3.0,250.0
Uttarahalli,2 BHK,1107.0,2.0,45.0
Ramesh Nagar,2 Bedroom,1400.0,2.0,160.0
Electronics City Phase 1,2 BHK,1300.0,2.0,67.0
Yeshwanthpur,2 BHK,570.0,2.0,62.0
Hiremath Layout,3 BHK,1715.0,3.0,95.0
Uttarahalli,2 BHK,1200.0,2.0,55.0
9th Block Jayanagar,6 Bedroom,1200.0,5.0,280.0
Ashok Nagar,2 BHK,703.0,2.0,60.0
Talaghattapura,2 BHK,921.0,2.0,29.47
Marathahalli,2 BHK,1144.0,2.0,65.0
Kanakpura Road,1 BHK,525.0,1.0,26.01
Suddaguntepalya,3 BHK,1400.0,2.0,56.0
Balagere,1 BHK,661.0,1.0,33.0
Upkar Layout,6 Bedroom,1200.0,6.0,160.0
Kengeri Satellite Town,5 BHK,1200.0,5.0,70.0
Yelahanka,3 BHK,1705.0,3.0,91.0
Anjana Nagar,5 Bedroom,1035.0,5.0,170.0
Kadugodi,3 BHK,1430.0,2.0,55.0
Marathahalli,2 BHK,1240.0,2.0,55.0
Garudachar Palya,3 BHK,1325.0,2.0,60.8
Thanisandra,2 BHK,1230.0,2.0,44.0
Electronics City Phase 1,2 BHK,1000.0,2.0,28.0
Gollarahatti,4 Bedroom,740.0,2.0,24.5
Uttarahalli,3 BHK,1330.0,2.0,46.45
Sarjapur  Road,4 BHK,3005.0,5.0,275.0
Shivaji Nagar,3 BHK,1300.0,3.0,170.0
Haralur Road,2 BHK,1243.0,2.0,46.0
Kengeri Satellite Town,4 Bedroom,936.0,2.0,60.84
Banashankari Stage III,3 BHK,1500.0,2.0,100.0
Kodigehalli,3 Bedroom,1200.0,4.0,156.0
Cox Town,2 BHK,1073.0,2.0,72.0
Kudlu,2 BHK,1300.0,2.0,56.0
Sarjapur,4 Bedroom,4201.0,4.0,435.0
Electronic City,2 BHK,1065.0,2.0,30.75
Whitefield,2 BHK,1216.0,2.0,66.88
Jigani,3 BHK,1252.0,3.0,59.0
Hormavu,2 BHK,1196.0,2.0,44.8
Kudlu,2 BHK,1027.0,2.0,44.0
Padmanabhanagar,3 Bedroom,610.0,2.0,75.0
Poornapragna Housing Society Layout,3 BHK,1270.0,2.0,57.15
Mico Layout,2 BHK,1171.0,2.0,39.0
Kothannur,3 BHK,1215.0,2.0,48.6
Venkateswara Nagar,1 Bedroom,600.0,1.0,20.0
Whitefield,2 BHK,1180.0,2.0,77.0
Electronic City Phase II,2 BHK,1160.0,2.0,33.51
Chikkagubbi,4 Bedroom,4382.0,4.0,400.0
Whitefield,3 BHK,2140.0,3.0,139.0
Yeshwanthpur,3 BHK,1500.0,3.0,100.0
Banaswadi,2 BHK,1008.0,2.0,52.0
Ambedkar Nagar,3 BHK,1921.0,4.0,129.0
Electronic City,2 BHK,1127.0,2.0,32.0
Rajaji Nagar,3 BHK,1621.0,3.0,124.0
Poornapragna Housing Society Layout,3 Bedroom,2400.0,3.0,360.0
Banashankari 2 nd Stage,3 BHK,1030.0,2.0,77.25
Whitefield,2 BHK,1314.0,2.0,84.0
Choodasandra,3 BHK,1220.0,3.0,56.0
Banashankari Stage VI,4 Bedroom,600.0,3.0,97.0
JP Nagar,3 BHK,1590.0,2.0,85.0
Shivaji Nagar,2 BHK,703.0,2.0,49.5
Hosakerehalli,3 BHK,1795.0,3.0,64.62
Gottigere,4 Bedroom,3000.0,3.0,132.0
Sarjapur  Road,4 BHK,4395.0,4.0,242.0
Electronic City,2 BHK,825.0,2.0,35.0
Yelahanka,4 BHK,4025.0,6.0,350.0
Vajarahalli,3 BHK,1254.0,2.0,70.0
Ramagondanahalli,3 BHK,2040.0,3.0,114.0
Thigalarapalya,3 BHK,2215.0,4.0,154.0
Jalahalli,2 BHK,1478.0,2.0,125.0
Malleshwaram,3 BHK,2475.0,4.0,337.0
Cambridge Layout,3 BHK,1669.0,3.0,298.0
Nagappa Reddy Layout,3 BHK,1820.0,3.0,79.5
Horamavu Agara,3 BHK,1623.0,3.0,89.0
Haralur Road,2 BHK,1243.0,2.0,46.0
Electronic City,2 BHK,1200.0,2.0,40.5
Gottigere,3 BHK,1613.0,3.0,72.0
Rajiv Gandhi Nagar,2 BHK,1293.0,2.0,80.0
Hoskote,2 BHK,1065.0,2.0,28.5
Kudlu Gate,2 BHK,940.0,2.0,69.57
Sarjapur  Road,3 BHK,1181.0,2.0,65.0
Malleshwaram,3 BHK,2215.0,3.0,275.0
Marathahalli,1 BHK,1100.0,2.0,75.0
MLA Layout,2 BHK,1050.0,2.0,36.0
Subramanyapura,3 BHK,1260.0,2.0,75.0
Banashankari Stage II,5 BHK,2800.0,3.0,425.0
Dodda Banaswadi,3 BHK,1500.0,3.0,56.0
KR Puram,6 Bedroom,1200.0,6.0,132.0
Esther Enclave Layout,2 Bedroom,1000.0,2.0,66.0
Whitefield,3 BHK,1530.0,3.0,73.0
HSR Layout,2 BHK,1140.0,2.0,46.0
Dodda Nekkundi Extension,3 BHK,1864.0,3.0,115.0
Sarjapur,3 BHK,1575.0,3.0,55.0
Attibele,3 Bedroom,1200.0,3.0,105.0
Raja Rajeshwari Nagar,2 BHK,945.0,2.0,45.0
Sarjapur  Road,3 BHK,1691.0,3.0,100.0
KR Garden,2 Bedroom,1200.0,2.0,135.0
Electronic City Phase II,3 BHK,1220.0,3.0,35.25
Kengeri,1 BHK,600.0,1.0,35.0
Whitefield,2 BHK,1160.0,2.0,39.0
Dodda Nekkundi Extension,3 BHK,1950.0,2.0,89.5
Vittasandra,3 BHK,1650.0,3.0,85.0
Annapurneshwari Nagar,4 Bedroom,2400.0,4.0,150.0
Abbigere,2 BHK,795.0,1.0,32.6
Raghavendra Nagar,5 Bedroom,800.0,5.0,95.0
TC Palaya,5 Bedroom,1400.0,5.0,97.0
Kalyan nagar,3 BHK,2285.0,4.0,165.0
Haralur Road,2 BHK,1243.0,2.0,46.0
Kammagondahalli,2 BHK,1263.0,2.0,51.5
Nanjappa Layout Vidyaranyapura,5 BHK,1200.0,4.0,115.0
Hennur,3 BHK,1345.0,2.0,69.0
D Group Employees Layout,5 Bedroom,4400.0,5.0,240.0
Electronic City,3 BHK,1360.0,2.0,58.0
Sarjapur  Road,2 BHK,1026.0,2.0,60.55
Alfa Garden Layout,2 BHK,1050.0,2.0,38.0
Uttarahalli,3 BHK,1460.0,3.0,76.0
Banagiri Nagar,3 BHK,1525.0,2.0,91.48
Kanakpura Road,3 BHK,1843.0,3.0,85.0
Ananth Nagar,2 BHK,1000.0,2.0,25.0
Koramangala,3 BHK,1642.0,2.0,115.0
TC Palaya,3 Bedroom,1200.0,2.0,66.0
Austin Town,2 BHK,975.0,2.0,60.0
Bisuvanahalli,3 BHK,1075.0,2.0,44.0
Panathur,2 BHK,1210.0,2.0,77.93
Rammana Layout,3 BHK,2000.0,3.0,100.0
Akshaya Nagar,2 BHK,1225.0,2.0,68.0
Jakkur,2 BHK,1290.0,2.0,80.04
Remco Bhel Layout,2 BHK,1220.0,2.0,56.0
A Narayanapura,1 Bedroom,1500.0,2.0,85.0
Kaggadasapura,2 BHK,1361.0,2.0,79.0
Frazer Town,5 Bedroom,2801.25,4.0,462.0
1st Phase JP Nagar,2 BHK,1394.0,2.0,85.0
Yelahanka,2 BHK,870.0,2.0,27.0
Marasandra,4 Bedroom,5000.0,5.0,300.0
Rajaji Nagar,2 BHK,1222.0,2.0,98.0
Hebbal,2 BHK,1420.0,2.0,99.39
Bellandur,3 BHK,1846.0,3.0,135.0
Benson Town,2 Bedroom,1688.12,2.0,270.0
Yeshwanthpur,2 BHK,1167.0,2.0,64.08
Ananth Nagar,2 BHK,902.0,2.0,25.0
Kannamangala,4 BHK,2422.0,4.0,135.0
Rachenahalli,2 BHK,1050.0,2.0,52.5
Rajapura,2 BHK,1000.0,2.0,50.0
Kundalahalli,2 BHK,1260.0,2.0,58.0
Banashankari Stage II,3 Bedroom,3000.0,3.0,450.0
Jigani,2 BHK,939.0,2.0,39.0
Konanakunte,9 Bedroom,1590.0,6.0,150.0
Jalahalli,1 Bedroom,600.0,1.0,37.0
8th Phase JP Nagar,2 BHK,1298.0,2.0,59.0
Marathahalli,3 BHK,1710.0,3.0,135.0
Subramanyapura,2 BHK,1000.0,2.0,45.0
Ramagondanahalli,3 BHK,3350.0,3.0,150.0
Bagalakunte,2 Bedroom,1200.0,4.0,138.0
RPC layout,2 BHK,1100.0,2.0,68.0
Jalahalli,1 BHK,615.0,1.0,46.0
Sarjapur  Road,2 BHK,1350.0,2.0,85.0
Sultan Palaya,4 Bedroom,5000.0,5.0,325.0
Cunningham Road,3 BHK,2700.0,3.0,501.0
Vijaya Bank Layout,6 Bedroom,4000.0,6.0,460.0
Hegde Nagar,3 BHK,1718.0,3.0,130.0
7th Phase JP Nagar,3 BHK,1680.0,3.0,112.0
Hulimavu,2 Bedroom,1500.0,2.0,90.0
Sarjapur  Road,3 BHK,1157.0,2.0,72.0
Akshaya Nagar,2 BHK,1179.0,2.0,51.0
Phase 1 Kammasandra,2 BHK,1105.0,2.0,28.18
Banashankari,3 BHK,1800.0,3.0,175.0
Jalahalli East,2 BHK,1010.0,2.0,52.0
Electronic City,1 BHK,630.0,1.0,46.0
Anekal,2 Bedroom,1200.0,2.0,36.1
Kaval Byrasandra,2 BHK,1025.0,2.0,60.0
Hennur Road,2 BHK,1195.0,2.0,59.0
Whitefield,2 BHK,1012.0,2.0,58.0
Hegde Nagar,3 BHK,1884.0,4.0,118.0
Sarjapura - Attibele Road,2 BHK,1090.0,2.0,37.0
Kathriguppe,3 BHK,1300.0,3.0,77.99
Amblipura,4 BHK,2950.0,4.0,250.0
Harlur,3 BHK,1710.0,3.0,85.0
Uttarahalli,3 BHK,1500.0,3.0,68.0
Kodichikkanahalli,3 BHK,1310.0,2.0,53.0
Dommasandra,2 BHK,674.0,1.0,19.9
Hoodi,3 BHK,1350.0,3.0,70.0
Hennur Gardens,3 BHK,1464.0,2.0,115.0
Marsur,3 BHK,715.0,2.0,29.0
Electronic City,3 BHK,1400.0,2.0,40.45
Electronic City Phase II,3 BHK,1625.0,2.0,48.75
Electronic City,2 BHK,1065.0,2.0,30.76
Kumaraswami Layout,6 Bedroom,510.0,4.0,70.0
HMT Layout,3 BHK,1385.0,3.0,90.0
CV Raman Nagar,2 BHK,1040.0,2.0,50.0
Haralur Road,3 BHK,1817.0,3.0,110.0
Volagerekallahalli,2 BHK,1205.0,2.0,47.0
Volagerekallahalli,2 BHK,1070.0,2.0,33.43
Kodathi,2 BHK,1070.0,2.0,52.0
Amruthahalli,2 BHK,1340.0,2.0,75.0
Kalena Agrahara,2 BHK,980.0,2.0,35.0
8th Phase JP Nagar,2 BHK,1006.0,2.0,44.0
Thanisandra,2 BHK,1098.0,2.0,71.0
Mico Layout,2 BHK,1200.0,2.0,53.5
Thigalarapalya,4 BHK,4190.0,4.0,325.0
Sarjapur  Road,2 BHK,1019.0,2.0,62.0
Whitefield,2 BHK,1150.0,2.0,40.21
Anekal,3 Bedroom,1733.5,3.0,120.0
Yeshwanthpur Industrial Suburb,2 BHK,1415.0,2.0,120.0
"Electronic city Phase 1, ",3 BHK,1750.0,3.0,58.0
Raja Rajeshwari Nagara,3 BHK,1537.0,3.0,81.0
Chennappa Layout,2 BHK,1050.0,2.0,45.0
Kanakpura Road,3 BHK,1452.0,3.0,55.6
Domlur,2 BHK,1246.0,2.0,95.0
Yelahanka,3 BHK,1890.0,4.0,85.0
Electronic City Phase II,2 BHK,972.0,2.0,40.0
5th Block Jayanagar,4 Bedroom,10624.0,4.0,2340.0
Brookefield,4 Bedroom,1500.0,5.0,160.0
Electronic City,1 BHK,630.0,1.0,33.7
Kothanur,8 Bedroom,1050.0,5.0,80.0
Shingapura,3 BHK,1255.0,2.0,60.0
Ramamurthy Nagar,4 Bedroom,1900.0,4.0,185.0
Doddaballapur,3 Bedroom,2440.0,3.0,142.0
Kanakpura Road,3 BHK,1938.0,3.0,92.69
Bannerghatta Road,3 BHK,1711.0,3.0,125.0
Nagarbhavi,5 Bedroom,1200.0,4.0,240.0
CV Raman Nagar,2 BHK,1392.0,2.0,95.0
Haralur Road,2 BHK,1225.0,2.0,77.0
Sarjapur  Road,4 BHK,3418.0,3.0,235.0
Green Glen Layout,3 BHK,1750.0,3.0,120.0
Subramanyapura,3 BHK,1260.0,2.0,80.0
Sarjapur  Road,1 BHK,691.0,1.0,31.1
BTM 2nd Stage,4 Bedroom,2400.0,3.0,400.0
Haralur Road,2 BHK,1285.0,2.0,78.0
Hebbal,3 BHK,1590.0,3.0,96.0
9th Phase JP Nagar,3 BHK,1571.0,3.0,65.0
Hebbal Kempapura,5 Bedroom,2800.0,5.0,220.0
Garudachar Palya,2 BHK,1060.0,2.0,48.66
Hennur,2 BHK,1255.0,2.0,58.0
Govindapura,4 Bedroom,702.0,4.0,65.0
Lal Bahadur Shastri Nagar,3 Bedroom,2400.0,2.0,185.0
Bannerghatta Road,3 BHK,1520.0,2.0,81.0
Gollahalli,2 BHK,1170.0,2.0,45.51
OMBR Layout,3 BHK,1580.0,3.0,75.0
Ardendale,3 BHK,1777.26,3.0,89.0
Raja Rajeshwari Nagar,2 BHK,1303.0,2.0,55.78
Kodichikkanahalli,2 BHK,1680.0,2.0,59.0
Whitefield,3 BHK,1495.0,2.0,70.0
Yelahanka,3 BHK,1835.0,3.0,108.0
Banjara Layout,3 Bedroom,610.0,3.0,60.0
Nagawara Junction,2 BHK,1080.0,2.0,38.0
Electronic City,2 BHK,1025.0,2.0,29.61
Haralur Road,2 BHK,1225.0,2.0,67.48
Balagere,1 BHK,656.0,1.0,34.77
Sarjapur  Road,2 BHK,994.0,2.0,45.0
Thirupalya,2 BHK,1025.0,2.0,65.0
Marathahalli,2 BHK,1156.0,2.0,52.0
JP Nagar,2 BHK,1250.0,2.0,60.0
Kundalahalli,4 Bedroom,3092.0,4.0,230.0
Hegde Nagar,3 BHK,1930.0,4.0,122.0
New Thippasandra,2 BHK,1020.0,2.0,70.0
Kumaraswami Layout,3 BHK,1310.0,2.0,70.0
Kanakpura Road,2 BHK,1322.0,2.0,70.0
Kothanur,2 BHK,1160.0,2.0,57.0
5th Block Hbr Layout,2 BHK,1100.0,2.0,48.0
Lakshminarayana Pura,3 BHK,1720.0,3.0,150.0
Hosur Road,3 BHK,1689.0,3.0,103.0
Chikkalasandra,2 BHK,1090.0,2.0,47.42
KR Puram,2 BHK,2000.0,2.0,75.0
Venugopal Reddy Layout,2 BHK,1155.0,2.0,69.0
Vishveshwarya Layout,6 Bedroom,4000.0,6.0,230.0
Sarjapur  Road,4 Bedroom,3913.0,5.0,176.0
Hebbal,3 BHK,3520.0,5.0,320.0
JP Nagar,2 BHK,1125.0,2.0,39.98
Yelahanka,3 BHK,1847.0,3.0,92.0
7th Phase JP Nagar,3 BHK,1515.0,2.0,76.0
Raja Rajeshwari Nagar,8 Bedroom,3450.0,7.0,225.0
Yelahanka,5 Bedroom,2500.0,3.0,120.0
Sarjapur  Road,2 BHK,1130.0,2.0,55.0
Bellandur,2 BHK,1049.0,2.0,51.0
Amruthahalli,3 BHK,2650.0,4.0,175.0
Varthur Road,2 BHK,850.0,2.0,25.4
Badavala Nagar,3 BHK,1842.0,3.0,115.0
Govindaraja Nagar Ward,5 Bedroom,2600.0,5.0,370.0
Jakkur,2 BHK,1282.0,2.0,72.0
Kalena Agrahara,2 BHK,800.0,2.0,40.0
Gidada Konnenahalli,4 Bedroom,1200.0,4.0,240.0
Chandapura,3 BHK,1190.0,2.0,30.35
Magadi Road,3 BHK,1318.0,2.0,68.0
Kanakpura Road,2 BHK,1698.0,2.0,105.0
Jayanagar,3 BHK,2030.0,2.0,182.0
Kammasandra,3 BHK,1276.0,2.0,31.9
Shikaripalya,3 BHK,1555.0,2.0,67.0
Sarjapur  Road,3 BHK,1881.0,3.0,145.0
frazertown,3 BHK,2900.0,3.0,325.0
Yelahanka,3 BHK,1890.0,3.0,109.0
M V Extenstion,5 BHK,900.0,5.0,135.0
Old Madras Road,2 BHK,935.0,2.0,32.0
Cox Town,2 BHK,1000.0,2.0,58.0
Singasandra,3 BHK,1510.0,3.0,75.0
Uttarahalli,2 BHK,1120.0,2.0,50.0
Ananth Nagar,2 BHK,930.0,2.0,25.99
Electronic City,3 BHK,1160.0,2.0,42.0
Raja Rajeshwari Nagar,2 BHK,1419.0,2.0,48.1
Talaghattapura,2 BHK,1175.0,2.0,62.0
Bellandur,3 BHK,1350.0,2.0,63.0
Malleshwaram,3 BHK,2215.0,3.0,330.0
Attibele,2 BHK,996.0,2.0,24.9
Anjanapura,2 BHK,1076.0,2.0,30.13
Off Bannergatta road,4 BHK,2180.0,4.0,115.0
Kasavanhalli,3 BHK,1715.0,3.0,112.0
Hebbal,2 BHK,1072.0,2.0,45.0
Panathur,2 BHK,1230.0,2.0,80.0
Murugeshpalya,3 BHK,1600.0,2.0,65.0
Thanisandra,3 BHK,1411.0,3.0,93.25
Rayasandra,5 BHK,3600.0,5.0,145.0
Jalahalli,3 BHK,2404.0,3.0,138.0
Sahakara Nagar,4 Bedroom,1200.0,4.0,190.0
Nagarbhavi,3 Bedroom,1200.0,3.0,226.0
Doddathoguru,3 BHK,1208.0,3.0,45.0
Yeshwanthpur,5 Bedroom,1700.0,5.0,300.0
Haralur Road,2 BHK,1225.0,2.0,69.84
Hebbal,2 BHK,1162.0,2.0,69.0
Thanisandra,3 BHK,1262.0,2.0,65.0
Konanakunte Cross,2 BHK,1050.0,2.0,35.0
Electronic City Phase II,2 BHK,1160.0,2.0,33.51
Channasandra,3 Bedroom,1500.0,3.0,61.95
Vaderahalli,3 BHK,1610.0,3.0,85.0
Whitefield,2 BHK,1340.0,2.0,41.0
Sarjapur  Road,3 BHK,2275.0,4.0,182.0
Budigere,2 BHK,1162.0,2.0,58.0
Manorayana Palya,2 Bedroom,1500.0,2.0,145.0
Hiremath Layout,4 Bedroom,3150.0,3.0,135.0
Hosa Road,2 BHK,1170.0,2.0,65.0
Sarjapur  Road,2 BHK,980.0,2.0,25.0
Channasandra,3 BHK,1800.0,3.0,60.0
Banashankari Stage VI,3 BHK,1423.0,2.0,71.73
Kaggadasapura,2 BHK,1106.0,2.0,40.0
Kereguddadahalli,2 BHK,1105.0,2.0,27.6
Cunningham Road,4 Bedroom,7500.0,6.0,1800.0
Tirumanahalli,2 BHK,1255.0,2.0,56.7
Sarjapur  Road,3 BHK,1525.0,2.0,65.0
Babusapalaya,2 BHK,1061.0,2.0,38.95
Hoskote near,2 Bedroom,600.0,2.0,29.5
Electronic City Phase II,3 BHK,1400.0,2.0,40.45
Domlur,3 BHK,2100.0,3.0,145.0
Electronic City,2 BHK,660.0,1.0,16.5
Kengeri,2 BHK,633.0,1.0,18.0
Indira Nagar,2 BHK,1260.0,2.0,120.0
Hennur Road,3 BHK,2047.0,3.0,67.55
"Haralur Road, ",4 BHK,2597.0,4.0,189.0
Bellandur,2 BHK,1211.0,2.0,63.0
Hennur Road,3 BHK,1904.0,3.0,129.0
Balagere,2 BHK,1205.0,2.0,73.87
Yeshwanthpur,2 BHK,1164.0,2.0,64.08
Mahaganapathy Nagar,2 BHK,1410.0,2.0,73.0
Green View Layout,2 BHK,1150.0,2.0,42.0
Udayapur Village,2 BHK,1170.0,2.0,53.11
Hennur,2 BHK,1420.0,2.0,62.0
Panathur,2 BHK,1125.0,2.0,45.0
NRI Layout,3 BHK,1789.0,3.0,75.0
Hulimavu,2 BHK,1021.0,2.0,76.0
Ananth Nagar,2 BHK,1074.0,2.0,26.85
Kalena Agrahara,2 BHK,1222.0,2.0,48.0
Hennur Road,3 BHK,1981.0,3.0,134.0
Yelachenahalli,2 BHK,1103.0,2.0,55.0
Adugodi,2 BHK,1201.0,2.0,65.0
Sarjapur  Road,2 BHK,970.0,2.0,36.0
Sarjapur,2 BHK,920.0,2.0,33.0
Yeshwanthpur,3 BHK,1520.0,3.0,85.0
Chikkathoguru,3 Bedroom,675.0,3.0,75.0
Sonnenahalli,3 BHK,1268.0,2.0,75.0
Thippasandra,1 BHK,660.0,1.0,30.0
Harlur,3 BHK,1755.0,3.0,115.0
Hoskote,2 BHK,945.0,2.0,35.0
8th Phase JP Nagar,1 BHK,500.0,1.0,33.0
Bommenahalli,4 Bedroom,1632.0,3.0,140.0
Rachenahalli,2 BHK,1167.0,2.0,37.5
Domlur,2 BHK,1276.0,2.0,80.0
Thanisandra,2 BHK,1234.0,2.0,51.0
Lakshminarayana Pura,2 BHK,1180.0,2.0,75.0
ISRO Layout,3 BHK,1370.0,2.0,87.0
Chandapura,2 BHK,1015.0,2.0,25.88
RK Colony,9 Bedroom,1200.0,9.0,230.0
Electronic City,3 Bedroom,1400.0,3.0,90.0
Whitefield,5 Bedroom,1500.0,6.0,155.0
Bagalakunte,2 Bedroom,1050.0,2.0,40.0
Ramagondanahalli,2 BHK,1251.0,2.0,46.0
Yeshwanthpur,3 BHK,1677.0,3.0,92.13
Sarjapur  Road,2 BHK,1346.0,2.0,67.38
Electronic City Phase II,2 BHK,1090.0,2.0,31.48
2nd Stage Nagarbhavi,5 Bedroom,1200.0,4.0,240.0
Kanakapura,3 BHK,1290.0,2.0,51.1
Rajaji Nagar,5 BHK,7514.0,7.0,1500.0
Sarjapur  Road,3 BHK,1881.0,3.0,145.0
Garudachar Palya,2 BHK,1150.0,2.0,52.0
Sarjapur,3 Bedroom,2690.0,3.0,295.0
Kanakpura Road,3 BHK,1200.0,2.0,42.0
Dairy Circle,3 BHK,2735.0,4.0,340.0
Austin Town,2 BHK,950.0,2.0,65.0
Bommasandra Industrial Area,3 BHK,1491.0,3.0,40.5
Ramamurthy Nagar,2 BHK,1050.0,2.0,51.66
Hoodi,3 BHK,1660.0,3.0,131.0
Nagavarapalya,2 BHK,1134.0,2.0,55.0
Hebbal,2 BHK,1100.0,2.0,60.0
Magadi Road,4 Bedroom,800.0,4.0,60.0
Anekal,2 Bedroom,1200.0,2.0,36.1
Nagarbhavi,4 Bedroom,1200.0,4.0,240.0
kg halli jalhalli west,3 Bedroom,980.0,3.0,80.0
Vasatha Vallbha Nagar,2 BHK,1080.0,2.0,37.8
CV Raman Nagar,1 BHK,705.0,2.0,50.0
BAGUR ROAD,3 BHK,1200.0,2.0,35.0
Anandapura,2 BHK,1200.0,2.0,50.0
Talaghattapura,3 BHK,1804.0,3.0,127.0
Sidedahalli,2 BHK,750.0,2.0,20.0
Shanti Nagar,2 BHK,420.0,1.0,25.0
Malleshwaram,4 BHK,2800.0,4.0,252.0
Battarahalli,2 BHK,1090.0,2.0,38.37
R.T. Nagar,2 Bedroom,1500.0,2.0,230.0
Electronic City,3 BHK,1287.0,3.0,55.0
Thigalarapalya,3 BHK,2215.0,4.0,157.0
Kadubeesanahalli,4 Bedroom,2800.0,4.0,375.0
Sarjapur  Road,2 BHK,1045.0,2.0,42.15
Hormavu,2 BHK,1263.0,2.0,47.36
Whitefield,3 BHK,1431.0,3.0,85.0
Dommasandra,2 BHK,999.0,2.0,32.9
Vittasandra,3 BHK,1650.0,3.0,85.5
Lavakusha Nagar,3 BHK,1535.0,3.0,72.0
Marathahalli,4 BHK,2524.0,5.0,180.0
Kanakpura Road,3 BHK,1300.0,3.0,69.0
1st Block HRBR Layout,3 Bedroom,600.0,3.0,125.0
7th Phase JP Nagar,3 BHK,2095.0,3.0,150.0
Yelahanka New Town,1 BHK,284.0,1.0,8.0
Ananth Nagar,1 BHK,500.0,1.0,14.0
Nallurhalli,2 BHK,1265.0,2.0,68.0
Kudlu Gate,2 BHK,1215.0,2.0,44.96
Yelahanka New Town,2 Bedroom,2200.0,2.0,180.0
Electronics City Phase 1,2 BHK,1028.0,2.0,51.0
Hegde Nagar,3 BHK,1835.0,2.0,92.0
Munnekollal,3 BHK,1800.0,3.0,65.0
1st Phase JP Nagar,3 BHK,2077.0,3.0,175.0
Sarjapur  Road,4 Bedroom,2880.0,3.0,211.0
Balepet,6 BHK,499.0,5.0,89.0
Dasanapura,2 BHK,708.0,2.0,31.15
Basavangudi,2 BHK,1200.0,2.0,120.0
Hosakerehalli,2 BHK,925.0,2.0,46.25
Bannerghatta Road,3 Bedroom,2826.0,3.0,148.0
Annasandrapalya,4 Bedroom,3500.0,4.0,150.0
Bileshivale,4 Bedroom,5400.0,4.0,250.0
9th Block Jayanagar,4 Bedroom,1000.0,5.0,200.0
Amruthahalli,3 BHK,1450.0,2.0,90.0
Kasavanhalli,2 BHK,1100.0,2.0,65.0
Kadubeesanahalli,2 BHK,1185.0,2.0,55.0
9th Phase JP Nagar,4 Bedroom,1900.0,4.0,80.0
TC Palaya,2 Bedroom,1200.0,2.0,70.0
Shettigere,1 BHK,660.0,1.0,35.0
Ambedkar Nagar,3 BHK,1920.0,4.0,121.0
Jalahalli,2 Bedroom,1200.0,2.0,130.0
Sarjapur  Road,4 Bedroom,3418.0,,222.0
1st Phase JP Nagar,4 BHK,4550.0,2.0,240.0
Bhoganhalli,2 BHK,1205.0,2.0,68.32
Haralur Road,2 BHK,1200.0,2.0,46.0
Akshaya Nagar,3 BHK,1421.0,2.0,73.0
6th Phase JP Nagar,3 BHK,1250.0,3.0,48.9
Whitefield,1 BHK,524.0,1.0,29.0
HSR Layout,5 Bedroom,4200.0,5.0,245.0
Thubarahalli,3 BHK,1540.0,3.0,90.0
Sarjapur  Road,2 BHK,984.0,2.0,45.91
Rachenahalli,2 BHK,985.0,2.0,50.17
Whitefield,4 BHK,2830.0,4.0,161.0
Byrasandra,2 BHK,1140.0,2.0,60.0
5th Block Hbr Layout,5 Bedroom,3600.0,5.0,130.0
Begur Road,3 BHK,1410.0,2.0,44.42
Raja Rajeshwari Nagar,3 BHK,1700.0,2.0,86.0
Electronic City,4 Bedroom,1800.0,3.0,700.0
Dasarahalli,2 BHK,1333.0,2.0,86.65
Electronic City,2 BHK,1258.0,2.0,85.5
Dodda Nekkundi Extension,3 BHK,1458.0,2.0,87.0
Electronic City,2 BHK,1386.0,2.0,85.0
Electronic City Phase II,2 BHK,1140.0,2.0,32.92
 Electronic City,1 RK,550.0,1.0,27.0
Lakshminarayana Pura,2 BHK,1200.0,2.0,83.0
Belathur,2 BHK,1081.0,2.0,39.0
Whitefield,4 BHK,2135.0,3.0,149.0
Whitefield,4 Bedroom,2500.0,4.0,100.0
Pampa Extension,2 BHK,1178.0,2.0,80.0
 Devarachikkanahalli,2 BHK,991.0,2.0,40.0
Gottigere,3 BHK,1493.0,2.0,90.0
Subramanyapura,3 BHK,2495.0,3.0,130.0
Kammasandra,2 BHK,1080.0,2.0,31.99
Dasanapura,2 BHK,814.0,2.0,53.0
Electronic City,2 BHK,1025.0,2.0,50.0
Bannerghatta Road,2 BHK,1115.0,2.0,61.0
Whitefield,4 BHK,3075.0,2.0,188.0
RMC YARD,7 Bedroom,1900.0,3.0,162.0
Whitefield,3 BHK,1760.0,3.0,160.0
Attur Layout,7 BHK,4000.0,8.0,150.0
Marathahalli,4 Bedroom,3090.0,4.0,350.0
Varsova Layout,4 Bedroom,2700.0,4.0,295.0
Hanumanth Nagar,2 BHK,1175.0,2.0,52.86
Hebbal,4 BHK,4235.0,5.0,364.0
KR Puram,2 BHK,1100.0,2.0,45.0
Banashankari Stage VI,8 Bedroom,1200.0,7.0,175.0
Banashankari,2 BHK,1450.0,2.0,50.75
6th Phase JP Nagar,3 BHK,1810.0,3.0,131.0
Gunjur Palya,3 BHK,1426.0,2.0,71.0
Sector 7 HSR Layout,3 BHK,2400.0,2.0,195.0
Kalyan nagar,2 BHK,1100.0,2.0,70.0
Electronic City Phase II,1 BHK,650.0,1.0,35.0
Old Madras Road,3 BHK,1350.0,3.0,47.25
Kaikondrahalli,2 BHK,900.0,2.0,27.0
Billekahalli,2 BHK,1360.0,2.0,110.0
Yeshwanthpur,1 BHK,674.0,1.0,36.85
Whitefield,3 BHK,1655.0,3.0,110.0
Cholanayakanahalli,2 Bedroom,1300.0,2.0,95.0
"Panathur Road, ",1 BHK,936.0,1.0,53.0
Kaverappa Layout,2 BHK,1277.0,2.0,92.0
Gkvk Layout,2 BHK,1200.0,2.0,54.0
Hormavu,2 BHK,1015.0,2.0,39.08
Budigere,2 BHK,1153.0,2.0,60.0
Kengeri,2 BHK,1035.0,2.0,51.5
KR Puram,5 BHK,3300.0,3.0,255.0
Uttarahalli,2 BHK,1150.0,2.0,46.0
Malleshwaram,2 BHK,1020.0,2.0,80.0
8th Phase JP Nagar,2 BHK,1160.0,2.0,95.0
Bisuvanahalli,3 BHK,1075.0,2.0,31.0
Brookefield,2 BHK,1225.0,2.0,72.0
Benson Town,4 Bedroom,5000.0,5.0,950.0
Vivek Nagar,2 Bedroom,1600.0,2.0,160.0
Malleshwaram,2 Bedroom,600.0,1.0,90.0
Nagappa Reddy Layout,3 BHK,1350.0,3.0,60.0
Kanakpura Road,3 BHK,1300.0,3.0,69.0
Channasandra,2 BHK,830.0,2.0,36.28
Hennur Road,2 BHK,1155.0,2.0,69.18
Sarakki Nagar,4 BHK,3126.0,5.0,345.0
Jalahalli,2 BHK,905.0,2.0,55.0
Vijayanagar,3 BHK,1375.0,2.0,75.0
Rajankunte,,1575.0,,31.11
Electronic City,2 BHK,1140.0,2.0,33.84
Hormavu,3 BHK,1550.0,2.0,60.0
Kannamangala,2 BHK,957.0,2.0,55.0
9th Phase JP Nagar,2 BHK,890.0,2.0,45.0
KR Puram,4 BHK,3000.0,4.0,235.0
Electronic City,2 BHK,1070.0,2.0,55.0
Bendiganahalli,5 Bedroom,2400.0,5.0,150.0
Domlur Layout,4 Bedroom,2400.0,4.0,595.0
Rachenahalli,2 BHK,925.0,2.0,37.0
Kammasandra,2 BHK,1415.0,2.0,60.0
Mylasandra,1 Bedroom,500.0,2.0,80.0
Thanisandra,2 BHK,1225.0,2.0,37.0
Hennur Road,4 Bedroom,2000.0,4.0,90.0
Whitefield,1 BHK,840.0,1.0,57.0
Banashankari Stage III,9 Bedroom,1560.0,9.0,200.0
Thanisandra,3 BHK,1732.0,3.0,112.0
Parappana Agrahara,1 Bedroom,1200.0,1.0,45.0
Bhoganhalli,2 BHK,1260.0,2.0,69.9
Doddanakundi Industrial Area 2,2 BHK,1092.0,2.0,49.0
Kachanayakanahalli,2 BHK,827.0,2.0,34.0
Horamavu Banaswadi,2 BHK,1357.0,2.0,54.0
Chamrajpet,2 BHK,650.0,1.0,40.0
7th Phase JP Nagar,3 BHK,1370.0,2.0,54.79
Whitefield,3 BHK,1725.0,3.0,106.0
Jalahalli,2 BHK,1000.0,2.0,70.0
TC Palaya,1 Bedroom,1350.0,1.0,55.0
7th Phase JP Nagar,4 Bedroom,3200.0,4.0,350.0
Bellandur,3 BHK,1717.0,3.0,110.0
Kanakpura Road,2 BHK,700.0,2.0,34.0
Shanthi Pura,2 BHK,800.0,2.0,32.0
Rajaji Nagar,3 BHK,2367.0,4.0,340.0
Sonnenahalli,3 BHK,1415.0,2.0,65.0
7th Phase JP Nagar,3 BHK,1976.0,3.0,145.0
Kambipura,2 BHK,883.0,2.0,37.01
Yelahanka,1 BHK,700.0,1.0,38.0
Sarjapur,3 BHK,1445.0,3.0,50.0
Battarahalli,3 BHK,2082.0,3.0,104.0
HSR Layout,2 BHK,1140.0,2.0,46.0
Thanisandra,2 BHK,933.0,2.0,66.0
NRI Layout,4 Bedroom,800.0,5.0,95.5
Electronic City Phase II,2 BHK,1155.0,2.0,57.0
Whitefield,2 BHK,1130.0,2.0,36.0
Bannerghatta,2 BHK,1200.0,2.0,73.2
Basaveshwara Nagar Yelahanka,2 BHK,1055.0,2.0,43.0
Rajaji Nagar,3 BHK,1555.0,3.0,125.0
Bellandur,3 BHK,1420.0,3.0,62.0
Viviani Road,3 BHK,2214.0,3.0,350.0
Devanahalli,1 BHK,658.0,1.0,26.91
Bhoganhalli,2 BHK,896.9,2.0,78.74
Giri Nagar,4 Bedroom,4000.0,3.0,750.0
KR Puram,2 BHK,1035.0,2.0,40.0
Whitefield,4 Bedroom,2064.0,5.0,225.0
Keshava Nagar,3 BHK,1839.0,3.0,160.0
Begur Road,2 BHK,1200.0,2.0,44.0
Yelahanka New Town,1 BHK,488.0,1.0,20.0
Banashankari Stage II,3 BHK,1200.0,2.0,198.0
Sampangirama Nagar,5 Bedroom,2760.0,5.0,140.0
Gunjur Palya,2 BHK,993.0,2.0,42.0
Hoodi,2 BHK,1225.0,2.0,45.0
TC Palaya,2 Bedroom,900.0,2.0,55.0
Electronic City,9 Bedroom,1200.0,13.0,150.0
Sompura,2 BHK,825.0,2.0,32.0
Bellandur,4 BHK,3596.0,4.0,359.0
Hosahalli Extension,6 Bedroom,1350.0,4.0,203.0
Electronic City Phase II,3 BHK,1800.0,3.0,92.0
Shankarapuram,2 BHK,925.0,2.0,100.0
Kanakpura Road,2 BHK,1167.0,2.0,63.0
Sarjapur,2 BHK,1150.0,2.0,41.0
Byatarayanapura,1 BHK,650.0,1.0,50.0
Sarjapur  Road,1 BHK,675.0,1.0,27.0
Doctor Layout Rayasandra,2 Bedroom,2260.0,3.0,90.0
Whitefield,3 Bedroom,4800.0,4.0,600.0
Yelahanka New Town,2 BHK,1100.0,2.0,58.0
Pillanna Gardens,2 BHK,550.0,1.0,20.0
Uttarahalli,3 BHK,1330.0,2.0,58.0
Koramangala,2 BHK,1320.0,2.0,160.0
Ulsoor,3 BHK,1685.0,4.0,185.0
Ullal Uppanagar,6 BHK,2400.0,5.0,75.0
Banashankari,3 BHK,1770.0,3.0,108.0
Prithvi Layout,3 BHK,2100.0,3.0,125.0
Pai Layout,2 BHK,1000.0,2.0,42.0
Banashankari Stage VI,4 Bedroom,600.0,5.0,105.0
Ramamurthy Nagar,4 Bedroom,2916.0,5.0,230.0
Kanakpura Road,3 BHK,1419.59,2.0,65.0
Kodihalli,3 BHK,1400.0,3.0,81.0
Horamavu Agara,2 BHK,750.0,2.0,37.49
Bannerghatta,2 BHK,1070.0,2.0,87.0
Kannamangala,3 BHK,1536.0,3.0,107.0
Koramangala,3 BHK,1710.0,3.0,210.0
JP Nagar,3 BHK,2400.0,3.0,196.0
Electronic City,2 BHK,1342.0,2.0,72.0
Chandra Layout,3 BHK,1600.0,3.0,130.0
Kanakapura,1 BHK,938.0,1.0,50.0
Budigere,3 BHK,1820.0,3.0,99.0
Bhoganhalli,4 BHK,2439.0,4.0,170.0
Kanakpura Road,3 BHK,1665.0,3.0,78.0
Basavangudi,3 BHK,1850.0,3.0,150.0
Bommanahalli,2 BHK,1091.0,2.0,40.0
Sarjapur  Road,2 BHK,1346.0,2.0,74.03
Rajaji Nagar,3 BHK,1720.0,3.0,224.0
Brookefield,4 Bedroom,3675.0,4.0,176.0
JP Nagar,2 BHK,1060.0,2.0,33.95
Whitefield,2 BHK,1059.0,2.0,57.0
Hebbal,2 BHK,1299.0,2.0,97.0
Yelahanka,3 BHK,1491.0,3.0,85.0
Basaveshwara Nagar,2 BHK,1200.0,2.0,85.0
Yelahanka,4 Bedroom,2088.0,5.0,110.0
Hulimavu,1 BHK,581.0,1.0,29.0
 Devarabeesana Halli,2 BHK,1296.0,2.0,70.0
Doctors Layout,2 BHK,1125.0,2.0,55.0
Electronic City,3 BHK,1275.0,3.0,70.0
Kothanur,2 BHK,1095.0,2.0,55.0
Sarjapur  Road,5 Bedroom,10000.0,4.0,975.0
Old Madras Road,2 BHK,1330.0,2.0,74.0
Marathahalli,2 BHK,1135.0,2.0,60.0
Whitefield,1 BHK,516.0,1.0,39.0
Doddanakundi Industrial Area 2,2 BHK,1194.0,2.0,51.0
Banaswadi,5 Bedroom,2250.0,5.0,240.0
Electronic City,2 BHK,770.0,1.0,38.0
Sarjapur  Road,4 BHK,3930.0,5.0,330.0
Chikkalasandra,3 BHK,1355.0,3.0,54.2
Abbigere,8 Bedroom,3000.0,8.0,150.0
Harlur,4 BHK,2569.0,4.0,175.0
Hebbal,4 Bedroom,3758.0,4.0,450.0
Whitefield,2 BHK,1116.0,2.0,51.91
Bhoganhalli,3 BHK,1707.0,3.0,115.0
AECS LAYOUT A-BLOCK Singasandra,5 Bedroom,1200.0,5.0,225.0
Sultan Palaya,2 BHK,1070.0,2.0,49.0
Whitefield,4 Bedroom,6000.0,4.0,410.0
Tumkur Road,3 BHK,1240.0,2.0,83.0
JP Nagar,2 BHK,1300.0,2.0,91.65
Ambalipura,2 BHK,1700.0,2.0,76.0
Yeshwanthpur,3 BHK,1383.0,2.0,76.18
Banashankari Stage I,5 Bedroom,3000.0,4.0,170.0
Electronic City,2 BHK,1200.0,2.0,34.65
Hulimavu,2 BHK,935.0,2.0,45.0
Thigalarapalya,3 BHK,2072.0,4.0,151.0
Ramanjaneyanagar,4 Bedroom,2200.0,3.0,225.0
Jalahalli,1 BHK,615.0,1.0,46.0
KR Puram,2 BHK,1116.0,2.0,45.0
Whitefield,3 BHK,1639.0,3.0,107.0
Marathahalli,3 BHK,1839.0,3.0,130.0
Byatarayanapura,2 BHK,1300.0,2.0,63.0
Horamavu Agara,1 BHK,625.0,1.0,27.0
Thanisandra,1 BHK,933.0,1.0,61.0
Hosur Road,3 BHK,2289.0,3.0,180.0
Ramamurthy Nagar,3 Bedroom,2316.0,3.0,125.0
Electronic City,2 BHK,1005.0,2.0,39.77
Horamavu Agara,2 BHK,1080.0,2.0,38.0
Munnekollal,7 Bedroom,1200.0,5.0,185.0
Vishwapriya Layout,2 BHK,910.0,2.0,36.0
Hormavu,2 Bedroom,1200.0,2.0,73.0
Electronic City,2 BHK,1110.0,2.0,39.9
Kothanur,2 BHK,1142.0,2.0,56.0
2nd Stage Nagarbhavi,5 Bedroom,4000.0,4.0,240.0
Hormavu,3 Bedroom,1800.0,3.0,204.0
AECS Layout,2 BHK,1005.0,2.0,55.0
3rd Block Banashankari,3 BHK,1626.6,3.0,133.0
Kothanur,2 BHK,1074.0,2.0,54.0
Basavangudi,2 BHK,1230.0,2.0,80.0
Electronic City,2 BHK,660.0,1.0,23.0
Coconut Grove Layout,2 BHK,1007.0,2.0,48.0
2nd Block Hrbr Layout,4 Bedroom,1050.0,6.0,74.0
Whitefield,3 BHK,1820.0,3.0,113.0
Basapura,2 BHK,1100.0,2.0,60.0
Anjappa Layout,2 Bedroom,1348.0,2.0,100.0
Kasavanhalli,2 BHK,1230.0,2.0,66.25
Horamavu Agara,3 BHK,1176.0,2.0,37.62
Uttarahalli,3 BHK,1590.0,3.0,57.0
Frazer Town,2 BHK,1200.0,2.0,78.0
"Off Sarjapur Road, ",2 BHK,1298.0,2.0,65.0
Hosa Road,2 BHK,1161.0,2.0,55.15
Himagiri Meadows,4 Bedroom,1350.0,4.0,175.0
4th Block HBR Layout,5 Bedroom,1200.0,5.0,138.0
Kothanur,2 BHK,1285.0,2.0,60.0
Electronic City,3 BHK,1644.0,3.0,92.59
Kasavanhalli,3 BHK,1819.0,3.0,150.0
1st Phase JP Nagar,2 BHK,1205.0,2.0,85.0
Basavangudi,3 BHK,2350.0,3.0,300.0
Uttarahalli,2 BHK,1050.0,2.0,42.0
Raja Rajeshwari Nagar,2 BHK,1270.0,2.0,62.0
9th Phase JP Nagar,3 BHK,1240.0,2.0,39.89
Jigani,3 BHK,1221.0,3.0,70.0
Hoysalanagar,3 BHK,840.0,2.0,35.0
Kanakpura Road,2 BHK,1339.0,2.0,63.0
Thigalarapalya,4 BHK,4303.0,5.0,300.0
Haralur Road,2 BHK,1315.0,2.0,85.0
Raja Rajeshwari Nagar,2 BHK,1250.0,2.0,68.0
Bisuvanahalli,2 BHK,850.0,2.0,27.0
7th Phase JP Nagar,3 BHK,1600.0,2.0,110.0
Electronic City,2 BHK,1250.0,2.0,62.0
Motappa Layout,3 BHK,1312.0,2.0,56.5
Kadugodi,4 BHK,3000.0,4.0,134.0
Electronic City Phase II,2 BHK,1300.0,2.0,28.0
Whitefield,3 BHK,1990.0,3.0,98.0
Medahalli,2 BHK,760.0,2.0,38.5
Ambedkar Nagar,4 Bedroom,5000.0,4.0,536.0
Kadugodi,3 BHK,1614.0,2.0,59.0
Judicial Layout,4 Bedroom,1500.0,3.0,162.0
Basava Nagar,3 BHK,1182.0,2.0,60.1
Avalahalli,2 BHK,1053.0,2.0,46.29
6th Phase JP Nagar,1 BHK,750.0,1.0,105.0
Gubbalala,3 BHK,2000.0,3.0,125.0
Electronic City Phase II,3 BHK,1940.0,4.0,116.0
Hennur Road,3 BHK,1590.0,3.0,105.0
Chennammana Kere,2 BHK,1035.0,2.0,52.79
Kothanur,2 BHK,1075.0,2.0,53.0
TC Palaya,2 Bedroom,900.0,2.0,55.0
Raja Rajeshwari Nagar,3 BHK,1260.0,2.0,62.0
Prashanth Nagar,6 Bedroom,1200.0,5.0,260.0
Thanisandra,3 BHK,1702.0,3.0,107.0
Bisuvanahalli,3 BHK,1080.0,2.0,65.0
Kasavanhalli,2 BHK,1189.0,2.0,45.0
Tumkur Road,2 BHK,1035.0,2.0,39.0
Hennur Road,2 BHK,1200.0,2.0,36.0
Mahalakshmi Layout,8 Bedroom,4482.0,6.0,852.0
Michael Palaya,3 Bedroom,1200.0,3.0,200.0
Kanakpura Road,3 BHK,1300.0,3.0,69.0
Yelahanka,2 BHK,1330.0,2.0,93.65
Kaggalipura,3 BHK,1210.0,2.0,65.0
Chikkalasandra,3 BHK,1350.0,2.0,54.2
Kaval Byrasandra,3 BHK,1900.0,2.0,65.0
Ambedkar Nagar,3 BHK,1935.0,4.0,125.0
Doddanakundi Industrial Area 2,3 BHK,1410.0,3.0,90.0
Narayanapura,2 BHK,1469.0,2.0,99.14
Varthur,2 BHK,986.0,2.0,30.0
RBI Layout,3 BHK,1460.0,2.0,87.0
Chandra Layout,3 BHK,1260.0,2.0,85.05
Chandapura,3 BHK,1345.0,2.0,39.5
Panathur,2 BHK,980.0,2.0,57.0
Kudlu Gate,2 BHK,1164.0,2.0,75.0
Subramanyapura,2 BHK,929.0,1.0,51.0
Kundalahalli,2 BHK,1065.0,2.0,70.0
Lakshmiamma Garden,3 BHK,3000.0,3.0,265.0
Electronic City,2 BHK,1020.0,2.0,30.27
Gunjur,3 BHK,1362.0,3.0,62.63
Yeshwanthpur,1 BHK,672.0,1.0,36.85
Brookefield,3 BHK,1746.0,3.0,115.0
Electronic City,2 BHK,1025.0,2.0,29.6
Harlur,2 BHK,1532.0,2.0,65.0
Guni Agrahara,3 BHK,1200.0,2.0,120.0
Ganga Nagar,2 BHK,1250.0,2.0,65.0
Thanisandra,2 BHK,1188.0,2.0,39.0
Whitefield,4 Bedroom,3565.0,4.0,218.0
Marathahalli,2 BHK,1170.0,2.0,85.0
BEL Road,3 BHK,1800.0,3.0,150.0
Madavara,2 Bedroom,1000.0,2.0,35.0
Cooke Town,3 Bedroom,2600.0,3.0,375.0
Nagarbhavi,5 Bedroom,1200.0,4.0,240.0
Kasturi Nagar,4 BHK,2507.0,4.0,155.0
Babusapalaya,2 BHK,1061.0,2.0,34.0
KR Puram,2 BHK,1290.0,2.0,69.0
Sarjapur,2 BHK,1200.0,2.0,42.6
Bharathi Nagar,2 BHK,1120.0,2.0,39.29
Electronic City,1 BHK,418.0,1.0,12.0
Sarjapur,3 BHK,1333.0,3.0,50.0
Sarjapur  Road,3 BHK,1691.0,3.0,119.0
Koramangala,3 BHK,1700.0,3.0,250.0
Thanisandra,3 BHK,2030.0,4.0,125.0
Balagere,2 BHK,1012.0,2.0,70.0
Kudlu,3 BHK,1245.0,2.0,60.0
7th Phase JP Nagar,3 BHK,1765.0,3.0,118.0
Gottigere,2 BHK,1110.0,2.0,36.25
Akash Nagar,2 BHK,967.0,2.0,47.8
Sarjapur,2 BHK,1044.0,2.0,36.0
Brookefield,3 BHK,1518.0,3.0,80.0
KR Puram,3 BHK,1300.0,2.0,57.0
Seetharampalya,3 BHK,1798.0,3.0,73.0
KR Puram,2 BHK,866.28,2.0,36.38
Whitefield,4 BHK,3410.0,5.0,253.0
Singasandra,2 BHK,1179.0,2.0,56.0
Rajaji Nagar,5 BHK,3600.0,5.0,510.0
Uttarahalli,2 BHK,1125.0,2.0,48.0
Cambridge Layout,3 BHK,2098.0,3.0,210.0
3rd Phase JP Nagar,3 BHK,2400.0,3.0,270.0
Haralur Road,3 BHK,1976.0,3.0,92.0
5th Phase JP Nagar,2 BHK,1190.0,2.0,61.8
cooketown,3 BHK,1800.0,3.0,192.0
Jakkur,3 BHK,1761.0,3.0,84.52
Cooke Town,3 BHK,1700.0,3.0,120.0
Ramamurthy Nagar,4 Bedroom,900.0,4.0,70.0
Electronic City,2 BHK,1128.0,2.0,64.8
5th Stage BEML Layout,3 BHK,2000.0,3.0,85.0
Electronic City,3 BHK,1220.0,2.0,35.25
Shauhardha Layout,1 BHK,509.0,1.0,20.0
Ambedkar Nagar,3 BHK,1852.0,4.0,122.0
Varthur,2 BHK,1045.0,2.0,40.65
Kaverappa Layout,4 BHK,3535.0,4.0,215.0
Marathahalli,2 BHK,1102.0,2.0,53.67
Omkar Nagar,4 BHK,1800.0,3.0,82.0
Hebbal Kempapura,3 BHK,1436.0,2.0,75.0
Chikkadunnasandra,3 BHK,1397.0,2.0,52.0
Kothanur,2 BHK,1140.0,2.0,56.0
Balagere,1 BHK,645.0,1.0,55.0
Bank Of Baroda Colony,5 Bedroom,2350.0,5.0,325.0
Nagarbhavi,3 Bedroom,1200.0,3.0,225.0
Bhoopsandra,3 BHK,2050.0,3.0,135.0
Sarjapur  Road,2 BHK,1335.0,2.0,95.0
Thirumenahalli,2 Bedroom,2100.0,1.0,200.0
Hebbal,3 BHK,1255.0,3.0,77.68
Thanisandra,2 BHK,1140.0,2.0,59.0
Hosakerehalli,3 BHK,2376.0,3.0,240.0
Thanisandra,1 BHK,663.0,1.0,46.0
Victoria Layout,2 BHK,1276.0,2.0,146.0
Kanakpura Road,3 BHK,1450.0,3.0,60.9
Kodichikkanahalli,3 BHK,1400.0,3.0,66.0
Divya Unnathi Layout,2 BHK,1339.0,2.0,53.56
Electronic City,3 BHK,1220.0,2.0,35.23
Malleshwaram,3 BHK,2200.0,3.0,275.0
Harohalli,2 BHK,1305.0,2.0,52.0
Green Glen Layout,3 BHK,1740.0,3.0,80.0
Anekal,2 BHK,680.0,1.0,21.0
Bannerghatta Road,2 BHK,1154.0,2.0,47.0
Munnekollal,2 BHK,1200.0,2.0,40.0
Hennur,2 BHK,1155.0,2.0,54.5
Sarjapur  Road,3 BHK,1525.0,2.0,63.0
Giri Nagar,1 Bedroom,600.0,1.0,125.0
Hebbal,4 BHK,2470.0,5.0,192.0
Padmanabhanagar,2 BHK,1100.0,2.0,60.0
Hormavu,2 BHK,1250.0,2.0,65.0
Kothanur,2 BHK,1400.0,2.0,70.0
Ittamadu,3 BHK,1600.0,3.0,100.0
Electronic City,2 BHK,1060.0,2.0,55.0
Horamavu Banaswadi,2 BHK,1272.0,2.0,50.0
Kanakpura Road,2 BHK,1296.0,2.0,105.0
Dollars Colony,4 BHK,2100.0,3.0,280.0
Karuna Nagar,3 BHK,1945.0,3.0,115.0
Chandapura,3 BHK,1033.0,2.0,30.47
Stage-4 Bommanahalli,3 BHK,2300.0,2.0,69.0
Gunjur Palya,2 BHK,1235.0,2.0,52.76
3rd Block Koramangala,3 BHK,2100.0,3.0,270.0
2nd Phase JP Nagar,2 BHK,850.0,2.0,42.5
Subramanyapura,3 BHK,1880.0,3.0,110.0
1st Block Jayanagar,4 BHK,2450.0,4.0,368.0
Kenchenahalli,2 BHK,1060.0,2.0,52.0
Hennur Road,3 BHK,2041.0,3.0,138.0
Hulimavu,2 Bedroom,1050.0,2.0,125.0
Vasanthapura,2 BHK,1037.0,2.0,36.28
"Electronic city phase 1, ",2 BHK,1150.0,2.0,39.0
LB Shastri Nagar,2 BHK,1184.0,2.0,62.0
Sarjapur  Road,3 BHK,1680.0,3.0,126.0
Thanisandra,3 BHK,1411.0,3.0,100.0
Hosa Road,5 Bedroom,900.0,5.0,55.0
Kanakpura Road,2 BHK,900.0,2.0,41.0
Jakkur Plantation,4 BHK,3500.0,4.0,320.0
Thanisandra,3 BHK,1702.0,3.0,120.0
Yelahanka,2 BHK,1185.0,2.0,45.0
Kanakpura Road,3 BHK,1300.0,3.0,64.0
Lavakusha Nagar,3 BHK,1545.0,3.0,65.0
6th Phase JP Nagar,3 BHK,1515.0,2.0,135.0
Jigani,3 BHK,1300.0,3.0,55.0
JP Nagar,2 BHK,1107.0,2.0,57.0
Old Madras Road,3 BHK,1720.0,3.0,106.0
Kuvempu Nagar,3 BHK,1540.0,3.0,150.0
Bannerghatta Road,2 BHK,1000.0,2.0,44.5
Electronic City,1 BHK,710.0,1.0,40.42
Thanisandra,2 BHK,1100.0,2.0,38.0
Sri Balaji Krupa Layout,4 Bedroom,3200.0,4.0,270.0
Domlur Layout,2 Bedroom,900.0,2.0,160.0
Bannerghatta Road,2 BHK,1250.0,2.0,48.0
Kaggadasapura,5 Bedroom,2400.0,4.0,130.0
Hegde Nagar,3 BHK,1584.01,3.0,104.0
Vasanth nagar,4 Bedroom,875.0,4.0,150.0
Kammasandra,4 Bedroom,1200.0,6.0,60.0
Kaggadasapura,3 BHK,1485.0,2.0,70.0
Hennur Road,3 BHK,1100.0,2.0,78.0
8th Phase JP Nagar,2 BHK,1245.0,2.0,59.0
Hennur Road,4 Bedroom,1880.0,4.0,154.0
Frazer Town,3 BHK,2214.0,3.0,350.0
Anathanagar,2 BHK,1050.0,2.0,45.0
Vishveshwarya Layout,4 Bedroom,600.0,4.0,95.0
Bannerghatta Road,3 BHK,1640.0,3.0,105.0
Basavanapura,2 BHK,1165.0,2.0,65.0
Kengeri Satellite Town,2 BHK,1110.0,2.0,43.0
vinayakanagar,7 BHK,1200.0,5.0,200.0
St. John's Road,4 BHK,4000.0,4.0,630.0
Uttarahalli,4 Bedroom,4500.0,4.0,150.0
Jaraganahalli Jp Nagar Post,4 Bedroom,600.0,4.0,65.0
Haralur Road,2 BHK,1300.0,2.0,75.0
adigondanhalli,2 Bedroom,1200.0,1.0,42.0
Hennur Road,2 BHK,1232.0,2.0,69.61
Jalahalli,3 BHK,1704.0,3.0,94.36
7th Phase JP Nagar,3 BHK,1275.0,2.0,88.0
Sarjapur  Road,3 BHK,1222.0,2.0,68.0
Varthur,2 BHK,1155.0,2.0,39.0
Electronic City,2 BHK,1000.0,2.0,29.95
Horamavu Banaswadi,2 BHK,1200.0,2.0,45.0
Yelahanka,3 BHK,1517.0,3.0,71.28
Horamavu Agara,2 BHK,1166.0,2.0,37.29
Electronic City,2 BHK,870.0,2.0,24.0
5th Phase JP Nagar,5 BHK,4000.0,5.0,170.0
Rajaji Nagar,4 Bedroom,1350.0,4.0,230.0
Yelahanka,4 BHK,3019.0,6.0,190.0
Whitefield,3 BHK,1345.0,3.0,58.0
Dommasandra,3 Bedroom,900.0,3.0,75.0
EPIP Zone,4 BHK,3800.0,5.0,170.0
Chandapura,3 BHK,971.0,2.0,38.0
Hennur,2 BHK,1255.0,2.0,52.32
EPIP Zone,2 BHK,1810.0,2.0,65.0
"Whitefield, ",2 BHK,1300.0,2.0,58.0
Thanisandra,2 BHK,1185.0,2.0,45.0
Pattandur Agrahara,2 BHK,1350.0,2.0,68.0
Thyagaraja Nagar,7 BHK,3000.0,6.0,180.0
Brookefield,4 Bedroom,1560.0,3.0,149.0
Somasundara Palya,3 BHK,1650.0,3.0,126.0
Off Bannergatta Road,3 BHK,1645.0,3.0,87.0
Hennur Road,3 BHK,1748.0,3.0,103.0
Channasandra,3 Bedroom,1200.0,3.0,67.77
Kengeri Satellite Town,2 BHK,1170.0,2.0,50.0
Sarjapur  Road,4 BHK,3420.0,4.0,225.0
Hulimavu,3 BHK,1320.0,2.0,65.0
Bhoganhalli,3 BHK,1610.0,3.0,84.53
Frazer Town,3 BHK,1870.0,3.0,180.0
Sarjapur  Road,3 BHK,1510.0,2.0,110.0
Kammagondahalli,6 Bedroom,2700.0,7.0,110.0
Kanakapura  Rod,3 BHK,1305.0,2.0,45.68
Mahadevpura,3 BHK,1500.0,2.0,70.0
Indira Nagar,2 BHK,1149.0,2.0,130.0
Thanisandra,4 BHK,1948.0,4.0,129.0
Margondanahalli,3 Bedroom,1448.0,3.0,70.0
Sarjapur  Road,2 BHK,1242.0,2.0,78.0
Sonnenahalli,2 BHK,1268.0,2.0,58.0
Ramamurthy Nagar,2 BHK,1101.0,2.0,50.0
Kallumantapa,2 BHK,1255.0,2.0,65.0
Gunjur,3 BHK,1362.0,3.0,62.63
Sarjapur  Road,3 BHK,984.0,3.0,140.0
Hosa Road,2 BHK,1089.0,2.0,32.67
Byrathi Village,2 BHK,800.0,1.0,95.0
Uttarahalli,3 BHK,1345.0,2.0,57.0
Thanisandra,8 Bedroom,3600.0,9.0,125.0
Krishna Nagar,4 Bedroom,1650.0,2.0,140.0
Kaggalipura,2 BHK,950.0,2.0,45.0
HBR Layout,2 BHK,1068.0,2.0,43.0
Yelahanka New Town,2 BHK,860.0,1.0,31.0
Kengeri,8 Bedroom,3000.0,5.0,130.0
Yelahanka,3 BHK,1756.0,3.0,66.73
Whitefield,2 BHK,1205.0,2.0,41.0
Hoodi,8 Bedroom,1120.0,8.0,155.0
Banashankari,3 BHK,1800.0,3.0,125.0
Ashok Nagar,4 BHK,8321.0,5.0,2912.0
Hormavu,3 BHK,1604.0,3.0,68.0
Old Airport Road,4 BHK,2732.0,4.0,204.0
Chandapura,2 BHK,1015.0,2.0,25.88
Banashankari,3 BHK,1200.0,2.0,42.0
Ananth Nagar,2 BHK,1010.0,2.0,38.0
Nagarbhavi,2 Bedroom,1250.0,3.0,170.0
Doddakallasandra,2 BHK,1010.0,2.0,41.0
Yelahanka,2 BHK,1050.0,2.0,33.1
Harlur,3 BHK,1710.0,3.0,85.0
Mysore Road,3 BHK,1248.52,3.0,115.0
Attibele,1 BHK,410.0,1.0,10.0
Bannerghatta Road,3 BHK,1656.0,2.0,62.93
Naganathapura,3 BHK,1451.0,3.0,68.0
Giri Nagar,6 BHK,1200.0,3.0,175.0
JP Nagar,2 BHK,1250.0,2.0,93.0
Meenakunte,3 Bedroom,4395.0,3.0,240.0
Hebbal,4 BHK,4600.0,6.0,650.0
Sonnenahalli,3 BHK,1340.0,2.0,42.0
Abbaiah Reddy Layout,2 BHK,1100.0,2.0,38.5
Whitefield,4 BHK,6000.0,6.0,700.0
 Devarachikkanahalli,3 BHK,1700.0,3.0,71.0
Yelahanka,6 Bedroom,1200.0,5.0,150.0
KR Puram,2 BHK,1096.0,2.0,43.0
Electronic City Phase II,2 BHK,1160.0,2.0,33.5
"Sarjapur Road, ",3 BHK,1936.0,3.0,139.0
Nehru Nagar,3 BHK,1269.0,2.0,63.0
Richmond Road,3 BHK,3500.0,3.0,630.0
Panathur,3 BHK,1586.0,3.0,125.0
Rajaji Nagar,2 BHK,1376.0,2.0,124.0
Kanakpura Road,3 BHK,1452.0,3.0,56.5
Hosa Road,3 BHK,1538.0,3.0,107.0
Hosur Road,3 BHK,1427.0,2.0,130.0
Upadhyaya Layout,2 BHK,935.0,2.0,40.0
Ashwath Nagar,2 BHK,1220.0,2.0,65.0
Harlur,2 BHK,1197.0,2.0,77.0
Varthur,2 BHK,674.0,1.0,19.9
Kengeri,1 BHK,410.0,1.0,15.0
Thanisandra,3 BHK,1573.0,3.0,90.0
Dodda Nekkundi,2 BHK,1135.0,2.0,58.0
Huskur,3 BHK,1400.0,2.0,40.43
Agrahara Dasarahalli,1 BHK,1200.0,1.0,65.0
Ittamadu,3 Bedroom,1800.0,3.0,95.0
Avalahalli,3 BHK,2045.0,3.0,108.0
Sonnenahalli,2 BHK,1268.0,2.0,56.0
Kambipura,2 BHK,883.0,2.0,39.0
Yelahanka,3 BHK,1600.0,3.0,100.0
Thanisandra,2 BHK,1056.0,2.0,70.0
Jigani,10 Bedroom,1200.0,11.0,105.0
Whitefield,4 Bedroom,4500.0,4.0,330.0
KR Puram,2 BHK,1204.0,2.0,58.0
Tejaswini Nagar,3 BHK,1410.0,2.0,54.0
Hennur Road,2 BHK,1460.0,2.0,80.3
Dodda Nekkundi,2 BHK,1100.0,2.0,41.18
Govindapura,2 BHK,1310.0,2.0,88.0
Sector 2 HSR Layout,3 BHK,1600.0,3.0,90.0
Lottegolla Halli,2 BHK,1250.0,2.0,55.0
Sarjapur  Road,3 BHK,1665.0,3.0,74.93
Uttarahalli,3 BHK,1345.0,2.0,57.0
Hosahalli Extension,5 Bedroom,2000.0,5.0,240.0
Singasandra,2 BHK,1416.0,2.0,67.0
HSR Layout,2 BHK,1145.0,2.0,46.0
Munnekollal,10 Bedroom,7200.0,10.0,200.0
Jigani,3 BHK,1231.0,3.0,58.0
Yelahanka,3 BHK,1664.0,3.0,73.95
TC Palaya,3 Bedroom,2000.0,3.0,76.0
Rajiv Nagar,2 BHK,972.0,2.0,43.0
3rd Phase JP Nagar,4 BHK,4500.0,4.0,345.0
Bellandur,2 BHK,1185.0,2.0,47.39
Green Glen Layout,3 BHK,1750.0,3.0,81.0
Byadarahalli,3 BHK,3155.0,4.0,316.0
Balagere,2 BHK,1007.0,2.0,68.0
Rajaji Nagar,3 BHK,1700.0,3.0,200.0
Whitefield,2 BHK,1250.0,2.0,85.0
Telecom Layout,2 BHK,1200.0,2.0,54.0
Horamavu Agara,2 BHK,994.0,2.0,42.28
Ramamurthy Nagar,2 BHK,1150.0,2.0,40.0
Thanisandra,2 BHK,1220.0,2.0,46.0
Hennur Gardens,2 BHK,1441.0,2.0,115.0
Old Madras Road,2 BHK,1157.0,2.0,47.32
RPC layout,6 BHK,1300.0,6.0,150.0
Thigalarapalya,2 BHK,1400.0,2.0,105.0
Tindlu,3 BHK,1370.07,3.0,65.0
Magadi Road,5 Bedroom,1200.0,4.0,130.0
Judicial Layout,2 BHK,900.0,2.0,40.0
Kodipalya,1 BHK,418.0,1.0,17.0
Vishwapriya Nagar,3 Bedroom,1200.0,3.0,80.0
ISRO Layout,2 BHK,1200.0,2.0,43.0
Talaghattapura,2 BHK,1062.0,2.0,42.48
Kanakpura Road,2 BHK,1120.0,2.0,51.0
Bannerghatta Road,2 BHK,1012.0,2.0,44.0
Postal Colony,3 Bedroom,1500.0,2.0,200.0
ISRO Layout,4 Bedroom,950.0,4.0,180.0
Kadabagere,2 BHK,675.0,2.0,13.5
Kanakpura Road,2 BHK,1430.0,2.0,78.0
Channasandra,3 BHK,1195.0,2.0,56.0
Old Madras Road,3 BHK,2640.0,5.0,150.0
Bisuvanahalli,3 BHK,1075.0,2.0,42.0
Kammanahalli,6 Bedroom,782.0,4.0,85.0
Sonnenahalli,2 BHK,1011.0,2.0,59.0
7th Phase JP Nagar,3 BHK,1450.0,2.0,102.0
Sarjapur  Road,2 BHK,1129.0,2.0,69.0
Sarjapura - Attibele Road,2 BHK,1126.0,2.0,36.0
Attibele,3 Bedroom,1200.0,3.0,110.0
Sarjapur  Road,3 BHK,1180.0,2.0,45.0
1st Block HRBR Layout,3 Bedroom,600.0,4.0,125.0
Bannerghatta,4 Bedroom,940.0,4.0,45.0
Hennur Road,3 BHK,1933.0,3.0,140.0
TC Palaya,2 BHK,1082.0,2.0,64.0
LB Shastri Nagar,8 Bedroom,2400.0,8.0,250.0
Anwar Layout,1 BHK,610.0,1.0,28.0
Raja Rajeshwari Nagar,4 Bedroom,1560.0,4.0,160.0
Kathriguppe,3 BHK,1300.0,3.0,77.99
Kudlu Gate,4 Bedroom,3850.0,6.0,205.0
CV Raman Nagar,2 BHK,1125.0,2.0,46.0
Bileshivale,6 Bedroom,2400.0,7.0,107.0
Kengeri Satellite Town,2 BHK,777.4,2.0,25.0
Battarahalli,4 BHK,2500.0,3.0,65.0
Old Airport Road,3 BHK,1798.0,3.0,150.0
Dodda Nekkundi Extension,3 BHK,1864.0,3.0,120.0
Whitefield,2 BHK,1115.0,2.0,51.91
Kengeri,1 BHK,400.0,1.0,25.0
Rajaji Nagar,2 BHK,1200.0,2.0,70.0
Ananth Nagar,2 BHK,992.0,2.0,24.8
Jakkasandra Extension,2 BHK,950.0,2.0,57.0
R.T. Nagar,4 Bedroom,1500.0,4.0,185.0
Bellandur,2 BHK,1200.0,2.0,62.0
GM Palaya,3 BHK,1735.0,3.0,70.0
BTM 2nd Stage,3 BHK,1750.0,3.0,172.0
HSR Layout,2 BHK,1009.0,2.0,56.0
Jalahalli,3 BHK,1470.0,2.0,102.0
Bannerghatta Road,3 BHK,1527.0,3.0,115.0
Singapura Village,2 BHK,985.0,2.0,45.0
Chandapura,4 Bedroom,3300.0,4.0,135.0
Whitefield,2 BHK,1277.0,2.0,77.0
Nallurhalli,2 BHK,1100.0,2.0,62.0
Whitefield,3 BHK,1820.0,3.0,140.0
Puttanahalli,4 BHK,1530.0,3.0,87.0
Banashankari,3 BHK,1886.0,3.0,205.0
Chandra Layout,3 Bedroom,1200.0,2.0,190.0
Jakkur,3 BHK,1880.0,4.0,110.0
Hennur,2 BHK,1255.0,2.0,52.35
Kanakpura Road,2 BHK,700.0,2.0,36.0
Somasundara Palya,2 BHK,1140.0,2.0,46.0
Electronic City Phase II,2 BHK,1025.0,2.0,29.6
Whitefield,4 Bedroom,3453.0,4.0,247.0
Uttarahalli,3 BHK,1490.0,2.0,59.6
Akshaya Vana,4 Bedroom,1200.0,4.0,165.0
Sarjapur  Road,3 BHK,1850.0,3.0,140.0
Kaikondrahalli,2 BHK,1250.0,2.0,78.0
Kamakya Layout,4 BHK,2400.0,3.0,108.0
Kodihalli,4 BHK,3522.0,5.0,716.0
Jalahalli,2 BHK,1244.0,2.0,88.0
Kumaraswami Layout,4 Bedroom,623.0,4.0,75.0
Kengeri Satellite Town,2 BHK,1025.0,2.0,28.57
Sarjapur  Road,2 BHK,1034.0,2.0,38.0
Kengeri Satellite Town,3 BHK,1191.0,2.0,33.34
Kasavanhalli,3 BHK,1719.0,3.0,71.0
7th Phase JP Nagar,2 BHK,1035.0,2.0,39.33
2nd Stage Nagarbhavi,4 Bedroom,1500.0,3.0,230.0
Hosa Road,3 BHK,1470.0,2.0,84.22
Yelahanka,2 BHK,1140.0,2.0,50.66
Harlur,3 BHK,1752.12,3.0,125.0
BTM 1st Stage,6 Bedroom,600.0,6.0,80.0
2nd Stage Nagarbhavi,4 Bedroom,600.0,3.0,84.0
Old Madras Road,3 BHK,2990.0,3.0,170.0
Bannerghatta Road,3 BHK,1660.0,3.0,85.0
Electronic City,3 BHK,1275.0,3.0,63.43
Bommasandra Industrial Area,3 BHK,1365.0,3.0,52.81
"MEI layout, Bagalgunte",3 Bedroom,1200.0,2.0,90.0
Kanakpura Road,3 BHK,2546.0,3.0,170.0
Banashankari Stage VI,3 BHK,1392.0,3.0,69.46
Whitefield,2 BHK,1245.0,2.0,59.76
Rayasandra,5 Bedroom,1200.0,3.0,65.0
Yeshwanthpur,2 BHK,1162.0,2.0,64.08
Singasandra,3 BHK,1476.0,2.0,73.0
KR Puram,1 BHK,700.0,1.0,21.5
Gnana Bharathi,6 Bedroom,3600.0,6.0,170.0
Jigani,2 BHK,943.0,2.0,48.0
Pai Layout,2 Bedroom,1150.0,2.0,170.0
Sarjapur  Road,2 BHK,1113.0,2.0,44.5
Varthur,3 BHK,1615.0,3.0,69.43
Keshava Nagar,2 BHK,1279.0,2.0,100.0
Kacharakanahalli,2 BHK,1256.0,2.0,60.0
Benson Town,3 BHK,1805.0,3.0,280.0
Sompura,3 BHK,1350.0,3.0,65.0
SRINIVASAPURA,3 BHK,1525.0,3.0,68.63
Rajaji Nagar,2 BHK,1357.0,2.0,123.0
Hebbal,3 BHK,1645.0,3.0,117.0
Ardendale,3 BHK,1777.26,3.0,92.0
Bisuvanahalli,2 BHK,845.0,2.0,32.0
Sidedahalli,2 BHK,900.0,2.0,25.0
Varthur,2 BHK,1210.0,2.0,64.15
Electronic City Phase II,2 BHK,829.0,2.0,22.8
Sarjapur  Road,3 BHK,1879.0,3.0,155.0
Hosur Road,3 BHK,1250.0,2.0,50.0
Jeevanhalli,4 Bedroom,1200.0,2.0,35.0
Marathahalli,3 BHK,1108.0,2.0,60.0
Kanakpura Road,3 BHK,1401.0,3.0,69.0
Sarjapur  Road,3 BHK,1157.0,2.0,75.0
Ramamurthy Nagar Extension,2 BHK,1185.0,2.0,42.66
Green Glen Layout,3 BHK,1751.0,3.0,115.0
Mahalakshmi Puram,5 Bedroom,1550.0,3.0,250.0
Bannerghatta Road,3 BHK,1880.0,3.0,96.5
Channasandra,2 BHK,1175.0,2.0,38.0
Jalahalli,2 BHK,1407.0,2.0,98.49
Yelachenahalli,2 BHK,1000.0,2.0,50.0
Electronic City,3 BHK,1518.0,3.0,75.0
"Gubbi Cross, Hennur Main Road",4 Bedroom,3600.0,4.0,300.0
Tumkur Road,2 BHK,1027.0,2.0,67.0
Dairy Circle,4 BHK,3730.0,6.0,430.0
HSR Layout,2 BHK,1145.0,2.0,46.0
Rajaji Nagar,2 BHK,1260.0,2.0,113.0
Begur Road,3 BHK,1500.0,2.0,47.25
Varthur,3 BHK,1737.0,2.0,57.32
Byrathi Village,3 Bedroom,1600.0,4.0,120.0
Hegde Nagar,3 BHK,1500.0,3.0,135.0
Sabari Nagar,2 Bedroom,1120.0,2.0,60.0
Banashankari Stage V,3 Bedroom,1200.0,4.0,240.0
Hennur Road,2 BHK,1030.0,2.0,46.5
Gubbalala,6 Bedroom,2500.0,6.0,88.0
Kammasandra,2 BHK,1057.0,2.0,35.0
Old Airport Road,4 BHK,2774.0,4.0,208.0
Thanisandra,2 BHK,1460.0,2.0,38.5
Hormavu,2 BHK,1075.0,2.0,53.7
Mysore Road,3 BHK,1080.0,2.0,60.0
Kodihalli,4 BHK,3626.0,5.0,788.0
Ashraya Layout,6 BHK,5100.0,7.0,225.0
Singasandra,2 BHK,1139.7,2.0,45.0
Whitefield,2 BHK,1074.0,2.0,42.8
Whitefield,2 Bedroom,1200.0,2.0,46.13
Sarjapur  Road,4 BHK,2425.0,5.0,175.0
Sarjapur  Road,2 BHK,1323.0,2.0,74.0
Hennur Road,2 BHK,1232.0,2.0,69.61
Kalena Agrahara,2 BHK,900.0,2.0,40.0
Sarjapura - Attibele Road,1 BHK,740.0,1.0,23.65
Hebbal,3 BHK,1920.0,3.0,134.0
Bannerghatta Road,3 BHK,1550.0,3.0,96.0
Gunjur,3 BHK,1588.0,2.0,90.0
Rajaji Nagar,3 Bedroom,2300.0,4.0,240.0
R.T. Nagar,9 Bedroom,3600.0,8.0,165.0
"Thanisandra Main Road, ",2 BHK,1308.0,2.0,86.0
Hennur,3 BHK,1340.0,2.0,54.27
Kogilu,10 Bedroom,3280.0,9.0,450.0
Infantry Road,4 BHK,2170.0,3.0,265.0
Thanisandra,3 BHK,1719.0,3.0,135.0
Horamavu Agara,2 BHK,1107.83,2.0,41.51
Whitefield,2 Bedroom,1200.0,2.0,45.84
Electronic City,1 BHK,1090.0,2.0,31.48
Sarvabhouma Nagar,5 Bedroom,1500.0,5.0,210.0
Jakkur,3 BHK,1660.0,3.0,104.0
Nagavara,2 BHK,1247.0,2.0,58.56
Thanisandra,3 BHK,1595.0,3.0,96.0
Kaggadasapura,2 BHK,1175.0,2.0,50.0
9th Phase JP Nagar,8 Bedroom,1200.0,8.0,135.0
Old Airport Road,2 BHK,1184.0,2.0,78.0
Byrasandra,2 BHK,1100.0,2.0,55.0
Kaval Byrasandra,2 Bedroom,935.0,2.0,78.0
Yelahanka,2 BHK,1200.0,2.0,60.0
Rajaji Nagar,5 Bedroom,2400.0,5.0,408.0
Neelamangala,2 BHK,1000.0,2.0,45.0
Uttarahalli,2 BHK,1000.0,2.0,52.0
Yelahanka,3 BHK,1705.0,3.0,85.0
Tumkur Road,3 BHK,1060.0,2.0,58.3
Chikka Tirupathi,4 Bedroom,2325.0,4.0,120.0
Kammagondahalli,3 BHK,1347.0,2.0,55.0
Kathreguppe,8 Bedroom,1200.0,8.0,250.0
Varthur,2 BHK,1402.0,2.0,95.0
Whitefield,3 BHK,2280.0,4.0,125.0
Whitefield ECC Road,2 BHK,1225.0,2.0,71.05
5th Phase JP Nagar,2 BHK,1080.0,2.0,53.0
Koppa,7 Bedroom,4000.0,7.0,90.0
Lavelle Road,3 BHK,1919.0,3.0,300.0
Begur Road,2 BHK,1100.0,2.0,42.6
Sarjapur  Road,4 BHK,2500.0,4.0,225.0
Bannerghatta Road,2 BHK,1200.0,2.0,78.0
Begur Road,3 BHK,1565.0,2.0,57.91
Maruthi nagar kogilu,2 Bedroom,1200.0,3.0,78.0
Kothanur,3 BHK,1581.0,3.0,76.0
Whitefield,4 BHK,2882.0,5.0,200.0
TC Palaya,5 Bedroom,1440.0,5.0,97.0
Krishna Reddy Layout,3 BHK,2180.0,3.0,273.0
Nagasandra,4 Bedroom,7000.0,8.0,450.0
Abbigere,2 BHK,985.0,2.0,38.92
Sarjapur,2 BHK,950.0,2.0,35.0
Jai Bheema Nagar,2 BHK,1339.0,2.0,55.0
Ayappa Nagar,3 BHK,1449.0,3.0,72.0
Chikkasandra,4 Bedroom,1200.0,4.0,180.0
Brindavan Layout,2 BHK,1100.0,2.0,38.68
Kaval Byrasandra,3 Bedroom,2700.0,3.0,200.0
Billamaranahalli,2 BHK,1100.0,2.0,55.0
Electronic City,2 BHK,1140.0,2.0,32.92
Sarjapur,3 Bedroom,3009.0,3.0,330.0
Hanumantha Nagar,8 BHK,3300.0,8.0,310.0
Chandapura,2 BHK,800.0,1.0,30.0
Chikkabanavar,5 Bedroom,2000.0,4.0,65.0
Prasanti Nagar,4 Bedroom,1200.0,4.0,190.0
3rd Block Hrbr Layout,2 BHK,1300.0,2.0,95.0
Kanakpura Road,2 BHK,1220.0,2.0,60.0
Sarjapur  Road,3 BHK,2289.0,3.0,178.0
Whitefield,2 BHK,1170.0,2.0,56.0
Vignana Nagar,2 BHK,1350.0,2.0,89.5
Kambipura,2 BHK,883.0,2.0,45.0
Thanisandra,3 BHK,1698.0,3.0,125.0
Ambalipura,2 BHK,1060.0,2.0,58.5
Somasundara Palya,2 BHK,1185.0,2.0,75.0
Padmanabhanagar,3 BHK,2051.0,3.0,180.0
Vittasandra,2 BHK,1404.0,2.0,72.0
Electronic City Phase II,2 BHK,1252.0,2.0,67.0
Bannerghatta Road,3 BHK,1885.0,3.0,125.0
Kaikondrahalli,6 BHK,3381.0,6.0,225.0
Hormavu,2 BHK,980.0,2.0,42.0
Rajaji Nagar,3 BHK,2500.0,3.0,340.0
Banashankari,3 BHK,1420.0,3.0,66.0
Medahalli,6 Bedroom,1166.0,6.0,135.0
"Banasawadi, ",3 BHK,2312.0,3.0,156.0
Kaggadasapura,4 BHK,3000.0,4.0,130.0
Jayamahal,2 BHK,1175.0,2.0,70.0
Vinayaka Nagar,2 BHK,1145.0,2.0,51.0
Bhoganhalli,2 BHK,970.0,2.0,52.5
Electronic City,2 BHK,1125.0,2.0,32.49
9th Phase JP Nagar,4 BHK,5000.0,4.0,300.0
3rd Block Jayanagar,3 BHK,2150.0,3.0,240.0
Ramagondanahalli,3 BHK,1635.0,3.0,57.0
Harlur,3 Bedroom,3425.0,3.0,320.0
Hennur Road,4 Bedroom,2950.0,4.0,253.0
Jalahalli,1 BHK,1200.0,2.0,66.0
Kathriguppe,3 BHK,1335.0,2.0,73.43
Hebbal,4 BHK,4450.0,6.0,449.0
Yeshwanthpur,2 BHK,1166.0,2.0,64.08
Rajaji Nagar,3 BHK,2390.0,3.0,372.0
Shivaji Nagar,3 BHK,1460.0,2.0,90.0
Gulimangala,3 BHK,1690.0,3.0,50.0
Nagashetty Halli,4 Bedroom,1386.0,3.0,93.0
Devasandra Extension,2 BHK,1090.0,2.0,32.0
Thanisandra,3 BHK,1732.0,3.0,85.73
Whitefield,2 BHK,1390.0,2.0,72.0
Sector 2 HSR Layout,2 BHK,1095.0,2.0,85.41
Kengeri,1 BHK,416.0,1.0,17.19
Channasandra Layout,3 BHK,2400.0,2.0,50.0
Yelahanka,3 BHK,1350.0,2.0,85.0
Bannerghatta Road,3 BHK,1453.0,2.0,73.0
Thanisandra,2 BHK,1226.0,2.0,65.0
Kasturi Nagar,4 Bedroom,784.0,2.0,165.0
Hegde Nagar,3 BHK,1168.0,2.0,68.0
Bannerghatta,3 BHK,1776.0,3.0,124.0
Whitefield,3 BHK,1634.0,3.0,68.0
Hormavu,2 Bedroom,860.0,2.0,56.0
Kamala Nagar,3 Bedroom,2800.0,3.0,400.0
Nagasandra,3 BHK,1650.0,3.0,95.0
Whitefield,2 BHK,1190.0,2.0,70.0
JP Nagar,2 BHK,1133.0,2.0,33.99
Suraksha Nagar,3 BHK,1559.0,3.0,62.0
Horamavu Banaswadi,3 Bedroom,1448.0,4.0,118.0
Sathya Sai Layout,4 BHK,6652.0,6.0,510.0
Kodichikkanahalli,2 BHK,976.0,2.0,50.0
Bank Of Baroda Colony,4 Bedroom,1350.0,4.0,240.0
Yelahanka,3 BHK,1590.0,2.0,54.0
Binny Pete,4 BHK,2940.0,6.0,201.0
Yelahanka,3 BHK,1633.0,3.0,110.0
Ramagondanahalli,2 BHK,1151.0,2.0,46.0
Kereguddadahalli,3 BHK,1400.0,2.0,42.0
Uttarahalli,2 BHK,1037.0,2.0,36.0
Thanisandra,2 BHK,1188.0,2.0,36.0
Raja Rajeshwari Nagar 5th Stage,2 BHK,1060.0,2.0,52.0
Thigalarapalya,3 BHK,2215.0,4.0,162.0
Hennur,2 BHK,1255.0,2.0,54.5
Ganesha Block,3 Bedroom,2500.0,2.0,300.0
Hormavu,2 BHK,1075.0,2.0,53.7
Harlur,4 BHK,2569.0,5.0,180.0
ITPL,2 BHK,900.0,2.0,27.0
Kudlu Gate,2 BHK,1183.0,2.0,79.54
HSR Layout,2 BHK,1100.0,2.0,44.0
GM Palaya,3 BHK,1643.0,2.0,70.0
Banagiri Nagar,3 BHK,1500.0,2.0,120.0
Jakkur,2 BHK,1291.0,2.0,75.0
Hennur,3 Bedroom,1150.0,3.0,80.0
Electronic City,2 BHK,1060.0,2.0,55.0
7th Phase JP Nagar,3 BHK,1575.0,2.0,110.0
BHEL Layout,5 Bedroom,1200.0,4.0,160.0
Byrathi Village,4 Bedroom,1700.0,3.0,55.0
Mahadevpura,2 BHK,1236.0,2.0,58.0
Ramamurthy Nagar,3 BHK,1350.0,2.0,39.0
Malleshwaram,3 BHK,2475.0,4.0,326.0
Pai Layout,6 Bedroom,3800.0,6.0,175.0
Haralur Road,4 BHK,4694.0,5.0,375.0
Electronic City,2 BHK,1200.0,2.0,34.66
Hulimavu,4 Bedroom,1200.0,4.0,75.0
Harlur,2 BHK,1225.0,2.0,56.0
Thanisandra,2 BHK,1056.0,2.0,75.0
9th Phase JP Nagar,3 BHK,1240.0,2.0,42.85
Banashankari,3 BHK,1200.0,3.0,74.52
Kudlu Gate,3 BHK,1850.0,3.0,110.0
Amblipura,4 BHK,3150.0,4.0,180.0
Naganathapura,1 Bedroom,1200.0,1.0,39.82
Dodda Banaswadi,4 Bedroom,1018.0,4.0,150.0
Konena Agrahara,5 Bedroom,3520.0,6.0,460.0
Chandapura,3 BHK,1185.0,2.0,30.22
Jigani,2 BHK,918.0,2.0,56.0
GD Layout,3 BHK,1330.0,2.0,68.0
Munnekollal,3 BHK,1540.0,2.0,70.0
Lakshminarayana Pura,2 BHK,1200.0,2.0,80.0
Sunkan palya,2 BHK,927.0,2.0,37.0
CV Raman Nagar,3 BHK,1400.0,2.0,78.0
Hosur Road,2 BHK,1345.0,2.0,106.0
1st Phase JP Nagar,4 Bedroom,1900.0,3.0,400.0
8th Phase JP Nagar,2 BHK,1510.0,2.0,80.0
Malleshwaram,2 BHK,302.0,2.0,25.0
Kanakpura Road,1 BHK,525.0,,27.0
ITPL,3 Bedroom,1500.0,3.0,61.52
Vidyaranyapura,3 BHK,1100.0,2.0,72.0
Sunkadakatte,3 Bedroom,1200.0,3.0,68.0
Kanakpura Road,3 BHK,1100.0,3.0,53.0
Hormavu,4 BHK,2282.0,4.0,115.0
Jayanti Nagar,2 BHK,760.0,2.0,37.49
Sarjapur,3 Bedroom,2172.0,3.0,100.0
Yeshwanthpur Industrial Suburb,6 BHK,3800.0,6.0,390.0
Kumaraswami Layout,4 Bedroom,600.0,2.0,72.0
8th Phase JP Nagar,3 BHK,3300.0,3.0,165.0
Thubarahalli,3 BHK,1242.0,3.0,51.0
Moodalapalya,1 Bedroom,410.0,1.0,48.0
Uttarahalli,3 BHK,1245.0,2.0,43.58
Kadugodi,2 BHK,1088.0,2.0,44.0
Sahakara Nagar,2 BHK,1200.0,2.0,46.0
TC Palaya,3 Bedroom,1995.0,3.0,100.0
Haralur Road,2 BHK,1309.0,2.0,82.0
BTM 1st Stage,3 BHK,1717.0,3.0,200.0
7th Phase JP Nagar,3 BHK,2100.0,3.0,200.0
Gayathri Nagar,2 Bedroom,880.0,1.0,90.0
Abbigere,6 Bedroom,1200.0,6.0,95.0
Maruthi Nagar,3 BHK,1250.0,3.0,42.0
Hebbal,3 BHK,3520.0,5.0,240.0
5th Phase JP Nagar,2 BHK,1041.0,2.0,54.0
Sarjapur  Road,3 BHK,1505.0,2.0,60.0
Bannerghatta,3 BHK,1776.0,3.0,150.0
Bellandur,3 BHK,1767.0,3.0,89.0
Rajiv Gandhi Nagar,2 BHK,1293.0,2.0,80.0
Kengeri,2 BHK,1320.0,2.0,50.0
Bhuvaneshwari Nagar,2 BHK,1280.0,2.0,68.48
Thanisandra,2 BHK,1245.0,2.0,83.05
Haralur Road,2 BHK,1027.0,1.0,44.0
Yelenahalli,2 BHK,1200.0,2.0,46.17
Kanakpura Road,3 BHK,1100.0,3.0,58.0
Medahalli,3 Bedroom,1065.0,3.0,72.0
Kannamangala,3 BHK,1814.0,3.0,129.0
Ramagondanahalli,3 BHK,1610.0,2.0,112.0
Kumaraswami Layout,1 Bedroom,850.0,1.0,78.0
Kasavanhalli,3 BHK,1600.0,3.0,79.0
Old Mangammanapalya Road,3 BHK,3200.0,4.0,140.0
Canara Bank Colony,3 BHK,1250.0,2.0,77.13
Haralur Road,2 BHK,1243.0,2.0,46.0
Kanakpura Road,3 BHK,1452.0,3.0,60.98
Ittamadu,3 BHK,1475.0,3.0,75.0
Electronic City,2 BHK,1353.0,2.0,75.0
Maruthi Sevanagar,4 Bedroom,2100.0,3.0,210.0
Electronics City Phase 1,3 BHK,1750.0,3.0,58.0
Whitefield,4 Bedroom,4800.0,4.0,550.0
Sahakara Nagar,2 BHK,1270.0,2.0,96.0
Battarahalli,4 Bedroom,2700.0,3.0,75.0
8th Phase JP Nagar,4 Bedroom,1200.0,4.0,270.0
Thanisandra,4 BHK,2695.0,4.0,188.0
Hessarghatta,3 BHK,1330.0,3.0,65.0
Electronic City,2 BHK,660.0,1.0,18.0
BTM 2nd Stage,2 BHK,1400.0,2.0,90.0
Gubbalala,4 BHK,4000.0,5.0,195.0
Kanakpura Road,3 BHK,1700.0,3.0,75.0
Kasavanhalli,2 BHK,1585.0,2.0,90.0
Kothanur,3 BHK,1385.0,3.0,67.0
Electronic City,2 BHK,1128.0,2.0,67.0
Whitefield,4 Bedroom,60.0,4.0,218.0
1Kasavanhalli,18 Bedroom,1200.0,18.0,200.0
HSR Layout,2 BHK,1203.0,2.0,60.0
Mallasandra,2 BHK,905.0,2.0,35.0
Hennur Road,3 BHK,1450.0,3.0,79.0
Varthur,2 BHK,1105.0,2.0,38.0
Channasandra,2 Bedroom,1200.0,2.0,46.13
Jalahalli,3 BHK,1530.0,2.0,89.0
Whitefield,2 BHK,1105.0,2.0,35.4
Dasarahalli,2 BHK,1333.0,2.0,78.56
Hongasandra,2 BHK,1065.0,2.0,45.0
Hosur Road,,1350.0,,8.44
Haralur Road,2 BHK,1243.0,2.0,46.0
Old Madras Road,3 BHK,1530.0,3.0,76.34
Margondanahalli,2 Bedroom,1200.0,2.0,65.0
Whitefield,2 BHK,1270.0,2.0,94.0
Bellandur,3 BHK,1830.0,3.0,89.0
Chandapura,2 BHK,900.0,2.0,35.0
Attibele,4 Bedroom,2400.0,2.0,250.0
Varsova Layout,6 Bedroom,7000.0,6.0,560.0
Bannerghatta Road,3 BHK,1450.0,2.0,78.0
J C Nagar,3 BHK,1525.0,3.0,65.0
Mahalakshmi Layout,2 BHK,1080.0,2.0,67.0
Bagalur Main Road,2 BHK,1220.0,2.0,72.0
Begur Road,2 BHK,1200.0,2.0,44.4
R.T. Nagar,3 Bedroom,2400.0,3.0,348.0
Govindapura,2 BHK,1500.0,2.0,60.0
Koramangala,2 BHK,1355.0,2.0,95.0
Electronic City,2 BHK,1070.0,2.0,57.0
CV Raman Nagar,3 BHK,1980.0,4.0,180.0
Bommasandra,2 BHK,842.0,2.0,30.0
Bannerghatta Road,1 BHK,700.0,1.0,31.2
Doddakammanahalli,3 BHK,2500.0,4.0,65.0
"Kanakapura Road, ",3 Bedroom,1884.0,3.0,95.0
Dena Bank Colony,2 BHK,1100.0,2.0,75.0
Raja Rajeshwari Nagar,2 BHK,1196.0,2.0,40.54
Budigere,3 BHK,1820.0,3.0,85.0
Basavanapura,8 Bedroom,1200.0,8.0,145.0
Thanisandra,2 BHK,1185.0,2.0,43.5
Varthur,3 BHK,2145.0,3.0,170.0
Whitefield,2 BHK,1220.0,2.0,89.0
Whitefield,2 BHK,1116.0,2.0,51.91
6th Phase JP Nagar,2 BHK,1192.0,2.0,75.0
Marathahalli,3 BHK,1449.0,3.0,110.0
Ardendale,3 Bedroom,2500.0,3.0,250.0
Electronic City,3 BHK,1700.0,3.0,90.0
Hebbal,3 BHK,1920.0,3.0,150.0
BTM 4th Stage,2 Bedroom,1350.0,2.0,90.0
Devanahalli Int. Airport,4 Bedroom,4800.0,5.0,350.0
"Sarjapur Road, ",3 BHK,1700.0,3.0,74.0
Hoodi,2 BHK,1447.0,3.0,76.0
Kanakpura Road,2 BHK,1329.0,2.0,107.0
Sarjapur  Road,3 BHK,1314.0,2.0,70.44
Hal old airport road,3 Bedroom,1200.0,3.0,110.0
Basavangudi,6 Bedroom,1214.0,3.0,220.0
Hosa Road,3 BHK,1513.0,3.0,103.0
Vittasandra,2 BHK,1246.0,2.0,67.5
Ganga Nagar,1 BHK,705.0,1.0,65.0
Dasarahalli,2 BHK,1220.0,2.0,62.0
Yelahanka New Town,3 BHK,1800.0,2.0,45.0
Kaval Byrasandra,3 BHK,1400.0,3.0,75.0
Kasavanhalli,2 BHK,1245.0,2.0,80.0
Anantapuram,3 BHK,1495.0,2.0,63.0
Nagavara,3 Bedroom,2000.0,2.0,275.0
Gollarapalya Hosahalli,2 BHK,996.0,2.0,36.5
Yelahanka New Town,2 BHK,1000.0,2.0,44.0
Chikka Banaswadi,2 BHK,1250.0,2.0,75.0
Chandapura,2 BHK,975.0,2.0,24.86
Thanisandra,3 BHK,1261.0,2.0,80.0
Electronics City Phase 1,2 BHK,1080.0,2.0,46.0
Akshayanagara East,2 BHK,1230.0,2.0,50.0
Kammasandra,2 BHK,982.0,2.0,25.53
Bommasandra,3 BHK,1260.0,3.0,49.36
HSR Layout,3 BHK,1590.0,2.0,135.0
Horamavu Agara,2 BHK,1220.0,2.0,39.0
Electronic City Phase II,3 BHK,1320.0,2.0,38.12
Green Glen Layout,3 BHK,1750.0,3.0,105.0
Whitefield,3 BHK,1436.0,2.0,62.15
TC Palaya,3 Bedroom,1200.0,2.0,66.0
Malleshwaram,2 BHK,1500.0,2.0,140.0
Varthur,3 BHK,1560.0,3.0,90.0
Whitefield,3 BHK,3758.0,3.0,300.0
Belatur,2 BHK,1275.0,2.0,59.0
Ramanjaneyanagar,2 BHK,1040.0,2.0,36.4
Bellandur,3 BHK,2400.0,3.0,115.0
Chamrajpet,6 Bedroom,1500.0,9.0,230.0
Kaggalipura,4 Bedroom,3150.0,5.0,212.0
Karuna Nagar,3 BHK,1960.0,3.0,165.0
JP Nagar,4 BHK,3200.0,5.0,309.0
Yeshwanthpur,2 BHK,1195.0,2.0,100.0
Hosakerehalli,5 BHK,4500.0,5.0,145.0
Ulsoor,3 Bedroom,450.0,3.0,70.0
Sathya Sai Layout,4 Bedroom,4304.0,4.0,699.0
Javarandoddi,1 BHK,648.0,1.0,40.0
Sarjapur  Road,3 BHK,2100.0,3.0,130.0
Thanisandra main road,4 BHK,4209.0,4.0,602.0
Kudlu,2 BHK,1027.0,2.0,44.0
Whitefield,4 Bedroom,1575.0,4.0,250.0
Bommasandra,3 BHK,1365.0,3.0,52.82
Yelahanka New Town,1 BHK,650.0,1.0,18.0
Chandapura,3 Bedroom,1200.0,2.0,52.0
Cooke Town,2 BHK,1100.0,2.0,90.0
7th Phase JP Nagar,3 BHK,1075.0,2.0,57.0
Banashankari,2 BHK,1100.0,2.0,63.0
Akshya Nagar,3 BHK,1320.0,2.0,58.0
Kammasandra,3 BHK,1500.0,3.0,65.0
Vijaypura,4 Bedroom,1200.0,5.0,150.0
Bapuji Nagar,4 Bedroom,1125.0,3.0,126.0
Vittasandra,2 BHK,1246.0,2.0,67.5
Bhoganhalli,3 BHK,1718.0,3.0,90.2
Bisuvanahalli,3 BHK,1075.0,2.0,32.0
Chennammana Kere,3 BHK,1480.0,3.0,75.48
Austin Town,1 BHK,500.0,1.0,13.0
3rd Block Banashankari,5 Bedroom,2400.0,4.0,325.0
Kaikondrahalli,4 Bedroom,1200.0,4.0,125.0
Kanakpura Road,2 BHK,1041.0,2.0,36.44
Doddanekundi,2 BHK,1128.0,2.0,48.4
Hosur Road,3 BHK,1685.0,3.0,90.0
Guddadahalli,2 BHK,1180.0,2.0,65.0
Ejipura,2 BHK,1200.0,2.0,60.0
Mangammanapalya,3 BHK,1250.0,3.0,39.5
Kanakpura Road,2 BHK,900.0,2.0,41.0
Chelekare,2 BHK,1000.0,2.0,45.0
Yelahanka New Town,2 Bedroom,600.0,2.0,80.0
2nd Stage Nagarbhavi,4 Bedroom,600.0,3.0,82.0
Vittasandra,2 BHK,1404.0,2.0,70.0
Ramagondanahalli,3 BHK,1610.0,2.0,115.0
Varthur,2 BHK,1760.0,2.0,85.0
Amam Enclave Layout,2 BHK,975.0,2.0,55.0
Kashi Nagar,2 BHK,1190.0,2.0,42.0
Kudlu,2 BHK,1110.0,2.0,46.0
Rajaji Nagar,3 BHK,2415.0,3.0,399.0
Gunjur,2 BHK,1235.0,2.0,44.5
Nanjappa Garden,2 BHK,1275.0,2.0,55.0
Victoria Layout,2 BHK,1115.0,2.0,115.0
Harlur,2 BHK,1197.0,2.0,76.0
Begur Road,1 BHK,644.0,1.0,32.0
Bellandur,2 BHK,1251.0,2.0,47.0
Neeladri Nagar,2 BHK,1105.0,2.0,30.0
4th Phase JP Nagar,2 BHK,1080.0,2.0,38.0
Kudlu,4 BHK,2100.0,3.0,114.0
Kammanahalli,4 Bedroom,1600.0,4.0,200.0
NRI Layout,3 BHK,1731.0,3.0,64.11
Hormavu,2 BHK,1206.0,2.0,55.0
Choodasandra,3 BHK,1560.0,3.0,78.0
7th Phase JP Nagar,1 BHK,750.0,1.0,47.0
Billekahalli,2 BHK,1035.0,2.0,90.0
Ramamurthy Nagar,7 Bedroom,1200.0,6.0,150.0
Sarjapur  Road,1 BHK,702.0,1.0,35.8
Attibele,3 Bedroom,1700.0,3.0,65.0
HRBR Layout,2 BHK,1145.0,2.0,68.5
Ramamurthy Nagar,3 BHK,1208.0,2.0,43.5
Brookefield,3 BHK,1589.0,3.0,74.0
Allalasandra,2 BHK,560.0,2.0,22.0
Yelahanka New Town,3 BHK,1426.0,2.0,61.5
Green Glen Layout,3 BHK,1885.0,3.0,135.0
Old Madras Road,2 BHK,935.0,2.0,37.77
Old Madras Road,2 BHK,1171.0,2.0,73.0
Singasandra,2 BHK,1465.0,2.0,60.0
Budigere,3 BHK,1820.0,3.0,95.0
Raja Rajeshwari Nagar,3 BHK,1580.0,2.0,66.85
Whitefield,3 BHK,1452.0,2.0,46.29
Hennur Road,3 BHK,1445.0,2.0,89.56
Gollahalli,2 BHK,1170.0,2.0,39.0
Anjappa Layout,2 BHK,1070.0,2.0,50.0
Kanakpura Road,3 BHK,1100.0,3.0,53.0
Kothanur,2 BHK,1140.0,2.0,56.0
Rachenahalli,3 BHK,2600.0,3.0,160.0
Shikaripalya,3 BHK,1532.0,3.0,59.75
AGS Layout,2 BHK,1150.0,2.0,46.0
Jakkur,2 BHK,1473.0,2.0,85.0
Kathriguppe,3 BHK,1350.0,3.0,80.99
Prithvi Layout,4 BHK,4040.0,4.0,500.0
CV Raman Nagar,3 BHK,1980.0,4.0,166.0
Hoodi,3 BHK,1660.0,3.0,128.0
Kogilu,7 Bedroom,2456.0,7.0,85.0
Chamrajpet,2 BHK,650.0,2.0,45.0
Neeladri Nagar,5 Bedroom,4000.0,5.0,425.0
Malleshwaram,3 BHK,2475.0,4.0,340.0
Chikkakannalli,3 BHK,1495.0,3.0,90.0
R.T. Nagar,2 BHK,1080.0,2.0,48.0
Electronic City,3 BHK,1521.0,2.0,57.5
Aishwarya Crystal Layout,2 BHK,1053.0,2.0,51.0
Binny Pete,3 BHK,2406.0,5.0,289.0
Kanakpura Road,4 Bedroom,800.0,5.0,115.0
7th Phase JP Nagar,2 BHK,1050.0,2.0,42.0
Thanisandra,3 BHK,1430.0,2.0,51.48
Begur,3 BHK,2400.0,3.0,12.0
OLd Gurappanapalya,3 BHK,1250.0,3.0,39.0
Ramanagara Channapatna,4 Bedroom,1200.0,2.0,75.0
Ulsoor,1 Bedroom,840.0,1.0,150.0
Uttarahalli,2 BHK,1000.0,2.0,39.5
Bannerghatta Road,3 BHK,1630.0,3.0,68.0
Kammasandra,2 BHK,985.0,2.0,40.5
BTM 2nd Stage,2 BHK,1200.0,2.0,70.0
Ambalipura,3 BHK,1650.0,3.0,100.0
Mico Layout,3 BHK,1670.0,3.0,59.0
5th Block Hbr Layout,5 BHK,1200.0,5.0,205.0
Sarjapur  Road,4 Bedroom,1240.0,4.0,110.0
Maheswari Nagar,2 BHK,1000.0,2.0,60.0
Doddabanahalli,2 BHK,830.0,2.0,26.0
Ramagondanahalli,3 Bedroom,1200.0,3.0,56.1
Sadashiva Nagar,5 Bedroom,9600.0,7.0,2736.0
Haralur Road,2 BHK,1140.0,2.0,43.0
Nagarbhavi,3 BHK,1635.0,3.0,85.0
HSR Layout,2 BHK,1120.0,2.0,70.0
Kamakya Layout,6 Bedroom,2750.0,6.0,200.0
Sector 7 HSR Layout,3 BHK,1760.0,3.0,185.0
Harlur,3 BHK,2137.0,3.0,110.0
Hennur Road,2 BHK,973.0,2.0,50.74
Kundalahalli,3 BHK,1724.0,3.0,146.0
Banashankari,2 BHK,1020.0,2.0,40.79
Hsr layout sector3,4 Bedroom,1200.0,4.0,375.0
Electronic City,1 BHK,750.0,1.0,35.0
Kambipura,2 BHK,883.0,2.0,49.0
Thyagraj Nagar,2 Bedroom,660.0,2.0,76.0
Ramagondanahalli,4 BHK,2787.0,5.0,220.0
Devasthanagalu,3 BHK,1470.0,2.0,60.0
Electronics City Phase 1,2 BHK,891.0,2.0,24.95
"Sarjapur Road, ",2 BHK,1275.0,2.0,76.0
Kothanur,3 BHK,1787.0,3.0,120.0
8th Phase JP Nagar,5 Bedroom,1730.0,5.0,75.0
Sarjapur  Road,2 BHK,1320.0,2.0,110.0
Yeshwanthpur,3 BHK,1692.0,3.0,108.0
Bannerghatta Road,3 BHK,1400.0,3.0,69.0
Sarjapur  Road,2 BHK,1115.0,2.0,50.0
Whitefield,2 BHK,1370.0,2.0,56.0
Thirumenahalli,3 BHK,1602.0,3.0,56.0
"Hoodi Circle, ",1 BHK,793.0,1.0,40.0
GM Palaya,1 BHK,675.0,1.0,35.0
Chikka Tirupathi,4 Bedroom,3250.0,4.0,136.0
Whitefield,2 BHK,1050.0,2.0,43.0
Jalahalli East,2 BHK,1035.0,2.0,42.5
Sarjapur  Road,3 BHK,1200.0,2.0,44.0
Sarjapur  Road,3 BHK,1800.0,3.0,128.0
Green Glen Layout,3 BHK,1625.0,3.0,70.0
Electronics City Phase 1,2 BHK,1032.0,2.0,31.99
Whitefield,3 BHK,1496.0,2.0,71.81
Kothnoor Dinne,2 BHK,1100.0,2.0,38.0
Kundalahalli,3 BHK,1500.0,3.0,50.0
Electronic City Phase II,2 BHK,1125.0,2.0,32.63
Chikka Banaswadi,3 BHK,1555.0,3.0,73.0
Amruthahalli,2 BHK,1025.0,2.0,42.0
Hennur Road,3 BHK,1482.0,2.0,83.73
Banagirinagar,3 BHK,1630.0,2.0,130.0
Arekere,2 BHK,900.0,2.0,44.5
Yelahanka,3 BHK,1355.0,2.0,75.0
1st Block Koramangala,4 Bedroom,2360.0,4.0,601.0
Akshaya Nagar,2 BHK,1200.0,2.0,45.0
Suraksha Nagar,3 BHK,1563.0,3.0,63.0
Medaralli,4 Bedroom,1344.0,4.0,84.0
6th block Koramangala,3 BHK,3000.0,3.0,400.0
5th Phase JP Nagar,2 BHK,812.0,2.0,42.0
Basaveshwara Nagar,2 BHK,1200.0,2.0,70.0
Yelahanka,4 BHK,3175.0,4.0,156.0
Marathahalli,2 BHK,1360.0,2.0,101.0
Hegde Nagar,3 BHK,1835.0,3.0,88.0
Rachenahalli,3 BHK,1756.0,3.0,110.0
8th Phase JP Nagar,3 BHK,1296.0,2.0,51.83
Haralur Road,2 BHK,1300.0,2.0,75.0
Anandapura,2 BHK,1141.0,2.0,50.0
Poorna Pragna Layout,3 BHK,1270.0,2.0,50.79
Electronic City,2 BHK,1210.0,2.0,55.0
Hormavu,2 BHK,1310.0,2.0,67.0
Ejipura,5 Bedroom,1356.0,5.0,139.0
Gubbalala,3 BHK,1745.0,3.0,140.0
KR Puram,5 Bedroom,1200.0,5.0,125.0
Raja Rajeshwari Nagar,2 BHK,1050.0,2.0,37.0
Banashankari,4 Bedroom,2400.0,4.0,500.0
Electronic City Phase II,2 BHK,1140.0,2.0,34.0
Varthur,2 BHK,1210.0,2.0,54.0
Kasavanhalli,3 BHK,2035.0,3.0,142.0
Sarjapur,1 BHK,633.0,1.0,17.09
Amruthahalli,1 BHK,485.0,1.0,19.5
Varthur,2 BHK,1112.0,2.0,40.0
Ullal Uppanagar,2 Bedroom,1200.0,2.0,82.0
Sarjapur  Road,3 BHK,2275.0,4.0,187.0
Doddanakundi Industrial Area 2,3 BHK,1419.0,3.0,85.0
Sri Sai Layout,2 BHK,1195.0,2.0,42.4
Versova Layout,3 Bedroom,2020.0,3.0,270.0
Kundalahalli,2 BHK,1047.0,2.0,91.0
Thanisandra,3 BHK,1884.0,4.0,117.0
Malleshpalya,3 Bedroom,1200.0,3.0,149.0
Bannerghatta Road,2 BHK,905.0,2.0,58.0
JP Nagar,3 BHK,1500.0,2.0,108.0
Chikkajala,1 BHK,850.0,1.0,50.0
Bommasandra Industrial Area,2 BHK,1125.0,2.0,32.49
Tindlu,2 BHK,1165.0,2.0,59.8
Maruthi Sevanagar,2 BHK,933.0,2.0,55.0
Hennur Road,3 BHK,1305.0,2.0,77.0
Billekahalli,2 BHK,1125.0,2.0,65.0
BSM Extension,2 BHK,865.0,2.0,33.0
Jigani,3 BHK,1245.0,3.0,66.0
Kalyan nagar,2 BHK,8840.0,2.0,300.0
Udayagiri,3 BHK,1145.0,2.0,60.0
AECS Layout,3 BHK,2000.0,3.0,90.0
Hosa Road,1 BHK,625.0,1.0,43.68
Kundalahalli,3 BHK,1724.0,3.0,128.0
Madiwala,1 Bedroom,400.0,1.0,75.0
Sarjapur  Road,3 BHK,1270.0,2.0,54.0
Madiwala,3 BHK,1250.0,3.0,39.5
Jakkur,3 BHK,1485.0,3.0,72.0
Shankarapuram,2 BHK,823.0,2.0,80.0
7th Phase JP Nagar,2 BHK,990.0,2.0,50.0
TC Palaya,3 Bedroom,1200.0,2.0,66.0
Kothanur,2 BHK,1185.0,2.0,59.0
Kadubeesanahalli,2 BHK,1140.0,2.0,78.0
Ambedkar Nagar,3 BHK,1950.0,4.0,120.0
Yelahanka,3 BHK,1756.0,3.0,125.0
Kumaraswami Layout,4 Bedroom,2600.0,4.0,300.0
Chandapura,1 BHK,520.0,1.0,14.04
Doddakannelli,2 BHK,1025.0,2.0,48.0
Whitefield,2 BHK,1216.0,2.0,72.0
Sarjapur  Road,2 BHK,1026.0,2.0,60.8
Sarjapur  Road,4 BHK,3335.0,4.0,300.0
Kodichikkanahalli,5 Bedroom,2700.0,4.0,125.0
Begur,3 BHK,1411.0,2.0,60.0
Kanakpura Road,3 BHK,1320.0,2.0,39.6
Bannerghatta,2 BHK,1320.0,2.0,50.0
OMBR Layout,4 Bedroom,615.0,4.0,110.0
Kalena Agrahara,3 BHK,1804.0,3.0,155.0
HSR Layout,2 BHK,1140.0,2.0,46.0
Banjara Layout,4 Bedroom,1200.0,4.0,105.0
Hebbal,4 BHK,2375.0,4.0,189.0
Chamundi Nagar,3 Bedroom,1750.0,3.0,120.0
Wilson Garden,9 Bedroom,960.0,5.0,130.0
TC Palaya,2 BHK,1152.0,2.0,55.0
Thanisandra,2 BHK,965.0,2.0,54.0
Lingadheeranahalli,3 BHK,1684.0,3.0,120.0
Hennur Road,3 BHK,1672.0,3.0,86.0
Panathur,2 BHK,1075.0,2.0,60.0
Sarjapur,3 Bedroom,1500.0,5.0,95.0
HOSUR MAIN ROAD,3 BHK,1464.0,3.0,56.0
Hebbal,2 BHK,1420.0,2.0,99.26
Nagashetty Halli,2 BHK,750.0,2.0,40.0
Yeshwanthpur,2 BHK,1169.0,2.0,64.08
Devanahalli,3 BHK,1290.0,2.0,62.0
Kengeri,2 BHK,1160.0,2.0,40.6
Shampura,7 Bedroom,2800.0,5.0,95.0
Mysore Road,3 BHK,1500.0,3.0,70.0
Domlur,3 BHK,1850.0,3.0,180.0
Venkatapura,3 BHK,1300.0,3.0,46.0
Electronic City Phase II,3 BHK,1310.0,2.0,37.84
RMV,3 BHK,2750.0,5.0,550.0
Bhoopsandra,3 BHK,2150.0,3.0,170.0
5th Block Hbr Layout,6 BHK,5100.0,5.0,300.0
Kanakpura Road,3 BHK,1300.0,2.0,69.0
Kadugodi,3 Bedroom,1875.0,2.0,110.0
Hulimavu,3 BHK,1260.0,2.0,82.0
Kengeri,5 Bedroom,2500.0,4.0,100.0
Begur Road,2 BHK,1241.0,2.0,64.0
Sarjapur  Road,2 BHK,1025.0,2.0,45.5
Postal Colony,2 Bedroom,1500.0,1.0,218.0
Electronic City,2 BHK,1070.0,2.0,60.0
Begur,2 BHK,815.0,2.0,40.0
Kanakpura Road,3 BHK,2000.0,3.0,105.0
Malleshwaram,2 BHK,1400.0,2.0,190.0
Varthur,4 Bedroom,1740.0,4.0,175.0
Sarjapur  Road,2 BHK,1216.0,2.0,70.0
pavitra paradise,3 BHK,2200.0,2.0,190.0
Hegde Nagar,4 Bedroom,3500.0,5.0,450.0
Shampura,6 Bedroom,970.0,6.0,105.0
Vidyaranyapura,7 Bedroom,3150.0,7.0,375.0
Kanakpura Road,2 Bedroom,1200.0,2.0,62.0
Marathahalli,2 BHK,1026.0,2.0,50.18
Hulimavu,1 BHK,450.0,1.0,20.0
KR Puram,2 BHK,1205.0,2.0,45.79
Jakkur Plantation,2 BHK,1368.0,2.0,87.0
Anekal,1 BHK,420.0,1.0,12.5
Doddakallasandra,2 BHK,1270.0,2.0,42.0
Anekal,2 BHK,614.0,1.0,28.0
Margondanahalli,2 Bedroom,1050.0,2.0,58.0
Yelahanka,2 BHK,1408.0,2.0,58.0
Subramanyapura,3 BHK,1223.0,2.0,42.81
Reliaable Tranquil Layout,3 BHK,1507.0,3.0,80.0
kadubisnahalli,2 BHK,1160.0,2.0,57.0
Kithaganur,3 Bedroom,1200.0,3.0,70.0
Poorna Pragna Layout,2 BHK,960.0,2.0,50.0
NGR Layout,2 BHK,1021.0,2.0,46.0
Hegde Nagar,3 BHK,2162.03,4.0,129.0
Channasandra,2 BHK,1065.0,2.0,36.0
Attibele,1 BHK,400.0,1.0,10.25
Bannerghatta Road,3 BHK,1465.0,2.0,75.0
Kanakpura Road,2 BHK,900.0,2.0,41.0
Marathahalli,3 BHK,1800.0,3.0,95.0
Amblipura,2 BHK,1175.0,2.0,83.0
Lavelle Road,3 BHK,6729.0,4.0,900.0
Vijayanagar,4 Bedroom,1500.0,4.0,360.0
Sanjay nagar,2 BHK,1050.0,2.0,59.0
Electronic City Phase II,3 BHK,1400.0,2.0,40.43
Indira Nagar,3 BHK,1650.0,3.0,150.0
KR Puram,3 BHK,1827.0,3.0,97.0
Thanisandra,3 BHK,1930.0,4.0,122.0
Mysore Road,2 BHK,883.0,2.0,37.0
Kengeri,1 BHK,550.0,1.0,16.75
Electronic City,3 BHK,1400.0,2.0,40.44
RMV 2nd Stage,4 Bedroom,1350.0,4.0,310.0
Kanakapura,3 BHK,1290.0,2.0,38.69
Raja Rajeshwari Nagar,3 BHK,1021.0,3.0,59.0
Whitefield,2 BHK,1158.0,2.0,55.0
Varanasi,5 Bedroom,1200.0,4.0,99.0
Nagarbhavi,3 BHK,1400.0,2.0,135.0
Doddaballapur,4 Bedroom,2400.0,3.0,200.0
Munnekollal,3 BHK,1200.0,2.0,57.9
JP Nagar,3 BHK,1520.0,3.0,125.0
EPIP Zone,3 BHK,2710.0,3.0,177.0
Kenchenahalli,2 BHK,1150.0,2.0,57.0
Yelahanka,2 BHK,1101.0,2.0,37.0
Mahalakshmi Layout,3 BHK,1200.0,2.0,110.0
Hebbal,2 BHK,1252.0,2.0,92.0
Marathahalli,3 BHK,1650.0,3.0,85.0
Marathahalli,2 BHK,1270.0,2.0,80.0
Tumkur Road,2 BHK,992.0,2.0,70.0
BEML Layout,3 BHK,2000.0,3.0,85.0
Geddalahalli,2 BHK,893.0,2.0,34.5
Bisuvanahalli,3 BHK,1075.0,2.0,41.49
Kumaraswami Layout,7 Bedroom,3200.0,7.0,150.0
Electronic City,2 BHK,1190.0,2.0,42.0
Ashwathnagar,3 Bedroom,800.0,2.0,60.0
Sarjapur  Road,3 BHK,1814.0,3.0,63.0
Rahmath Nagar,3 BHK,1400.0,3.0,98.0
Bommasandra,5 Bedroom,1400.0,6.0,252.0
Murugeshpalya,3 BHK,1344.0,2.0,56.0
Whitefield,4 Bedroom,5400.0,5.0,475.0
Kanakpura Road,3 BHK,1843.0,3.0,95.0
Chikkadunnasandra,2 BHK,1138.0,2.0,32.0
Nagappa Reddy Layout,3 BHK,1495.0,2.0,70.0
Electronic City,2 BHK,880.0,2.0,19.0
Whitefield,3 BHK,1396.0,3.0,74.0
Garudachar Palya,3 BHK,1610.0,2.0,119.0
Tindlu,2 BHK,1050.0,2.0,55.0
Kumbena Agrahara,3 BHK,1410.0,2.0,43.71
Ramamurthy Nagar,2 BHK,1050.0,2.0,37.8
Kumaraswami Layout,3 BHK,1310.0,2.0,85.0
Yelahanka,2 BHK,1104.0,2.0,58.0
Hennur Road,2 BHK,1165.0,2.0,67.0
Kudlu,2 BHK,1027.0,2.0,44.0
Hormavu,2 BHK,1310.0,2.0,60.0
Chikkanahalli,2 BHK,1052.0,2.0,52.0
Singasandra,3 BHK,1464.0,3.0,56.0
1st Block Koramangala,2 BHK,1000.0,2.0,45.0
Jayanagar,3 BHK,2240.0,3.0,300.0
Electronic City,2 BHK,1150.0,2.0,38.08
Thanisandra,3 BHK,2019.0,3.0,70.67
Varthur,2 BHK,986.0,2.0,31.0
Banashankari Stage III,1 Bedroom,1350.0,1.0,145.0
9th Phase JP Nagar,8 BHK,800.0,8.0,140.0
Akshaya Nagar,3 BHK,1893.0,4.0,95.0
Gollarapalya Hosahalli,3 BHK,1318.0,3.0,56.0
Yelahanka,3 BHK,1325.0,2.0,58.0
Kereguddadahalli,2 BHK,800.0,2.0,33.0
Canara Bank Colony,3 BHK,1300.0,3.0,42.25
Dodda Banaswadi,3 BHK,1300.0,2.0,60.0
Jalahalli East,2 BHK,1010.0,2.0,52.0
Banashankari,2 BHK,1260.0,2.0,75.0
Ulsoor,4 Bedroom,2500.0,4.0,170.0
Halanayakanahalli,3 Bedroom,1520.0,3.0,165.0
Bellandur,3 BHK,1665.0,3.0,85.0
Subramanyapura,3 BHK,1800.0,3.0,80.0
Harlur,2 BHK,1197.0,2.0,75.0
Manayata Tech Park,2 BHK,1050.0,2.0,45.0
Manjunath Nagar,5 Bedroom,910.0,4.0,194.0
Thanisandra,3 BHK,1241.0,2.0,68.0
Maithri Layout,3 BHK,1567.0,2.0,62.0
Kasavanhalli,3 BHK,1747.0,3.0,110.0
Ramagondanahalli,3 BHK,1475.0,2.0,55.0
Park View Layout,4 Bedroom,600.0,4.0,70.0
Xavier Layout,3 Bedroom,1524.0,4.0,400.0
Hennur Road,2 BHK,980.0,2.0,51.0
Dasanapura,2 BHK,966.0,2.0,58.0
Ferrar Nagar,4 BHK,2360.0,3.0,185.0
Sarjapur  Road,2 BHK,1112.0,2.0,62.0
Electronic City,2 BHK,550.0,1.0,16.0
Surabhi Layout,3 BHK,1760.0,3.0,90.0
Hennur,3 BHK,1830.0,2.0,113.0
Yelahanka,2 BHK,1175.0,2.0,67.77
Whitefield,2 BHK,1175.0,2.0,41.0
Horamavu Banaswadi,2 BHK,1025.0,2.0,45.0
Hennur Road,2 BHK,1232.0,2.0,80.0
5th Phase JP Nagar,2 BHK,1010.0,2.0,57.0
Sarjapur  Road,2 BHK,1273.0,2.0,60.0
Battarahalli,2 BHK,1590.0,2.0,102.0
Air View Colony,2 BHK,1100.0,2.0,58.5
Electronic City Phase II,3 BHK,1252.0,2.0,65.0
1st Phase JP Nagar,4 BHK,2615.0,5.0,222.0
Arishinakunte,5 Bedroom,1200.0,6.0,140.0
Yelahanka,2 BHK,1322.0,2.0,77.9
7th Phase JP Nagar,1 Bedroom,1000.0,1.0,60.0
Harlur,3 BHK,1755.0,3.0,117.0
Electronic City Phase II,2 BHK,1135.0,2.0,46.0
Rajaji Nagar,8 Bedroom,1200.0,10.0,180.0
Electronic City,4 Bedroom,1200.0,4.0,125.0
Nagavarapalya,2 BHK,1260.0,2.0,85.5
Hoodi,5 Bedroom,3250.0,5.0,395.0
Ambedkar Nagar,4 Bedroom,3500.0,4.0,550.0
Manjunath Nagar,5 Bedroom,1200.0,6.0,110.0
Kanakpura Road,3 BHK,1100.0,2.0,53.0
Electronic City Phase II,3 BHK,1305.0,3.0,65.0
Ayappa Nagar,2 BHK,1236.0,2.0,50.0
Uttarahalli,2 BHK,1125.0,1.0,45.0
KR Puram,2 BHK,1075.0,2.0,32.25
BEML Layout,3 BHK,2000.0,3.0,85.0
Kadugondanahalli,8 Bedroom,772.0,5.0,60.0
Thanisandra,6 Bedroom,2999.97,6.0,110.0
Kadugodi,2 BHK,1150.0,2.0,42.0
9th Block Jayanagar,4 Bedroom,1440.0,4.0,240.0
Hennur Road,2 BHK,1085.0,2.0,43.4
Hebbal Kempapura,3 BHK,1785.0,3.0,165.0
Malleshwaram,3 BHK,2475.0,4.0,300.0
Thanisandra,3 BHK,1930.0,4.0,120.0
4th Phase JP Nagar,2 BHK,600.0,4.0,70.0
Kadugondanahalli,2 Bedroom,800.0,1.0,45.0
Kumaraswami Layout,4 BHK,2450.0,3.0,110.0
akshaya nagar t c palya,4 Bedroom,1200.0,4.0,120.0
Bannerghatta Road,3 BHK,1920.0,3.0,122.0
Kothannur,2 BHK,1085.0,2.0,34.2
Thanisandra,1 BHK,760.0,1.0,50.4
Sahakara Nagar,2 BHK,1201.0,2.0,80.0
Electronic City,3 BHK,1615.0,3.0,97.0
HSR Layout,2 BHK,1289.0,2.0,70.0
Budigere,3 BHK,1991.0,4.0,100.0
Kasavanhalli,2 BHK,1377.0,2.0,80.0
Cunningham Road,3 BHK,2880.0,3.0,560.0
Laxmi Sagar Layout,3 Bedroom,1892.0,3.0,200.0
Shivaji Nagar,3 BHK,2176.0,3.0,348.0
Thanisandra,1 BHK,663.0,1.0,32.82
Electronic City,2 BHK,1165.0,2.0,33.65
Talaghattapura,3 BHK,3554.0,4.0,340.0
Thanisandra,2 BHK,1260.0,2.0,45.5
Volagerekallahalli,2 BHK,1095.0,2.0,39.0
KR Garden,2 BHK,1050.0,2.0,65.0
Seegehalli,2 BHK,1176.0,2.0,50.0
Thanisandra,3 BHK,1801.0,3.0,115.0
Whitefield,2 BHK,1315.0,2.0,55.0
Parappana Agrahara,2 BHK,1194.0,2.0,46.0
NRI Layout,2 Bedroom,2400.0,2.0,125.0
Uttarahalli,3 BHK,1308.0,2.0,53.0
Sarjapur  Road,4 Bedroom,4250.0,4.0,610.0
Thanisandra,3 BHK,1806.0,6.0,116.0
Thanisandra,4 Bedroom,3671.0,4.0,220.0
Hoodi,3 BHK,2144.0,3.0,140.0
Hoskote,2 BHK,1065.0,2.0,33.75
Balagere,2 BHK,1205.0,2.0,67.0
Uttarahalli,2 BHK,1160.0,2.0,40.58
Kanaka Nagar,4 Bedroom,750.0,4.0,90.0
Parappana Agrahara,2 BHK,1194.0,2.0,47.0
mvj engineering college,3 Bedroom,1200.0,3.0,56.53
2nd Phase Judicial Layout,3 BHK,1681.0,3.0,69.0
Bommasandra Industrial Area,2 BHK,1130.0,2.0,32.64
Iblur Village,4 BHK,3633.0,5.0,335.0
Kanakpura Road,3 BHK,1843.0,3.0,90.0
Bommasandra Industrial Area,2 BHK,1065.0,2.0,30.75
Thubarahalli,3 BHK,1885.0,3.0,85.52
R.T. Nagar,2 BHK,1500.0,2.0,45.0
Panathur,2 BHK,1210.0,2.0,69.0
TC Palaya,2 BHK,1126.0,2.0,39.4
Rayasandra,3 BHK,1357.0,2.0,59.0
Whitefield,3 BHK,1451.0,2.0,46.4
Kodigehaali,4 Bedroom,1600.0,3.0,185.0
Hennur Road,2 BHK,950.0,2.0,55.0
Bellandur,2 BHK,960.0,2.0,48.0
2nd Block Bel Layout,3 BHK,1625.0,3.0,92.0
Kaggalipura,3 Bedroom,2200.0,4.0,150.0
Ambalipura,3 BHK,1607.0,2.0,112.0
Kanakpura Road,2 BHK,900.0,2.0,46.29
Shree Ananth Nagar Layout,2 BHK,1080.0,2.0,38.0
Cooke Town,3 BHK,2300.0,3.0,250.0
Hosa Road,4 BHK,1708.0,3.0,64.05
Yeshwanthpur,6 Bedroom,2500.0,5.0,185.0
Bellandur,3 BHK,1690.0,2.0,116.0
RR Layout,5 Bedroom,2100.0,3.0,145.0
4th Block Koramangala,2 BHK,1269.0,2.0,97.0
Haralur Road,2 BHK,1243.0,2.0,46.0
Haralur Road,3 BHK,1890.0,3.0,84.0
Electronic City Phase II,2 BHK,1165.0,2.0,33.64
BTM Layout,2 BHK,1196.0,2.0,56.81
Parappana Agrahara,2 BHK,1194.0,2.0,47.0
Old Madras Road,3 BHK,1630.0,3.0,110.0
Whitefield,2 BHK,1063.0,2.0,42.52
Shikaripalya,2 BHK,1025.0,2.0,39.98
Chikkabanavar,2 BHK,1067.0,2.0,38.0
Kanakpura Road,2 BHK,1299.0,2.0,89.63
Panathur,2 BHK,1343.0,2.0,76.0
Electronics City Phase 1,3 BHK,1330.0,2.0,44.0
Mallasandra,3 BHK,1524.0,2.0,72.0
Lingadheeranahalli,4 BHK,2236.0,4.0,153.0
Domlur,3 BHK,2955.0,3.0,235.0
Raja Rajashweri Nagar,3 BHK,1410.0,2.0,45.12
Kothanur,3 BHK,1581.0,3.0,76.0
Balagere,2 BHK,1205.0,2.0,79.0
Thyagaraja Nagar,3 BHK,1270.0,2.0,95.25
VHBCS Layout,3 BHK,1353.0,2.0,110.0
Jinkethimmanahalli,2 Bedroom,1200.0,2.0,68.0
basaveshwarnagar,3 BHK,1250.0,2.0,70.0
Gopalapura,3 BHK,1950.2,3.0,261.0
Sarjapur  Road,3 BHK,1157.0,2.0,69.0
Sarjapur  Road,2 BHK,1000.0,2.0,40.0
Yelahanka,1 BHK,602.0,1.0,33.0
Malleshwaram,5 Bedroom,3000.0,4.0,900.0
Hoodi,2 BHK,1108.0,2.0,66.46
Thyagaraja Nagar,2 BHK,1040.0,2.0,68.0
Sarjapur,2 BHK,1451.0,2.0,87.0
Raja Rajeshwari Nagar,2 BHK,1196.0,2.0,40.54
Kanakpura Road,1 BHK,850.0,1.0,37.32
Gopalapura,3 BHK,2171.66,3.0,298.0
Kanaka Nagar,2 BHK,900.0,2.0,40.0
Kudlu,1 BHK,720.0,1.0,33.0
Thanisandra,3 BHK,1573.0,3.0,115.0
Sarjapur  Road,2 BHK,1026.0,2.0,60.8
CV Raman Nagar,3 BHK,1400.0,2.0,78.0
Electronic City Phase II,3 BHK,1400.0,2.0,40.44
Banashankari Stage III,4 Bedroom,2100.0,3.0,147.0
Sarjapur  Road,2 BHK,1150.0,2.0,48.5
Raja Rajeshwari Nagar,3 BHK,1500.0,3.0,88.0
Malleshwaram,3 BHK,2400.0,3.0,380.0
HRBR Layout,3 Bedroom,1200.0,3.0,240.0
Kothanur,3 BHK,1790.0,3.0,105.0
Ramagondanahalli,2 BHK,1125.0,2.0,75.0
Marathahalli,2 BHK,1100.0,2.0,50.0
Banaswadi,2 BHK,1105.0,2.0,57.0
Thanisandra,2 BHK,1110.0,2.0,46.5
Dasanapura,1 BHK,708.0,1.0,41.0
Kudlu,2 BHK,1027.0,2.0,44.0
"Banashankari 3rd stage, Vivekanandanagar",3 BHK,1600.0,3.0,100.0
Thigalarapalya,4 BHK,3122.0,6.0,250.0
Sarjapur  Road,2 BHK,1205.0,2.0,37.0
5th Phase JP Nagar,3 BHK,1450.0,2.0,73.0
Thyagaraja Nagar,4 Bedroom,750.0,4.0,125.0
Annaiah Reddy Layout,1 Bedroom,540.0,1.0,22.0
Dasarahalli,2 BHK,1200.0,2.0,42.0
Nagarbhavi,5 Bedroom,1200.0,5.0,260.0
Kalena Agrahara,3 BHK,1837.0,2.0,95.0
Whitefield,2 BHK,1346.0,2.0,76.01
Balagere,2 BHK,1012.0,2.0,68.0
Gopalapura,3 BHK,1950.2,3.0,193.0
Atmananda Colony,2 BHK,1125.0,2.0,55.0
Kaggadasapura,3 BHK,1500.0,2.0,60.0
Harlur,2 BHK,1197.0,2.0,79.9
Chandapura,3 BHK,1230.0,2.0,31.37
BTM 2nd Stage,2 BHK,1100.0,2.0,47.0
Channasandra Layout,3 BHK,1563.0,2.0,52.0
4th Block Jayanagar,7 Bedroom,2240.0,4.0,700.0
Hebbal Kempapura,4 BHK,3729.0,4.0,384.0
Sarjapur  Road,3 Bedroom,1600.0,3.0,120.0
Green Glen Layout,3 BHK,1715.0,3.0,120.0
Bannerghatta Road,4 Bedroom,2400.0,4.0,180.0
Ramagondanahalli,2 BHK,1151.0,2.0,42.5
Banaswadi,6 Bedroom,1200.0,6.0,220.0
Uttarahalli,2 BHK,1123.0,2.0,60.0
Whitefield,2 BHK,1276.0,2.0,69.5
Yelahanka,2 BHK,1315.0,2.0,77.0
Poorna Pragna Layout,3 BHK,1270.0,2.0,50.79
R.T. Nagar,2 BHK,1325.0,2.0,52.0
Varthur,3 BHK,1600.0,3.0,63.2
Jakkur,3 BHK,1660.0,3.0,104.0
Kodichikkanahalli,2 BHK,1299.0,2.0,58.0
Haralur Road,2 BHK,953.0,2.0,90.0
Gunjur,2 BHK,1457.0,2.0,60.0
Varthur,2 BHK,1000.0,1.0,65.0
Mallasandra,3 BHK,1100.0,2.0,76.3
Yelahanka,3 BHK,1075.0,2.0,33.53
Kanakpura Road,3 BHK,1450.0,3.0,51.0
Iblur Village,5 BHK,5515.0,6.0,425.0
Bellandur,1 BHK,950.0,1.0,40.0
Basaveshwara Nagar,5 Bedroom,1200.0,3.0,180.0
Amam Enclave Layout,2 BHK,1013.0,2.0,60.0
Hennur Road,2 BHK,1140.0,2.0,56.0
4th T block Jayanagar,3 BHK,2100.0,3.0,220.0
Yelahanka,3 BHK,1430.0,3.0,61.0
Ilyas Nagar,4 Bedroom,600.0,3.0,95.0
Anantapura,3 BHK,1600.0,3.0,77.0
Ayappa Nagar,2 BHK,1190.0,2.0,48.0
Ashwath Nagar,3 BHK,1625.0,3.0,95.0
Classic Paradise Layout,2 BHK,1210.0,2.0,53.0
Lakshminarayana Pura,3 BHK,1615.0,3.0,150.0
Kalena Agrahara,2 BHK,1180.0,2.0,85.0
Nagasandra,2 Bedroom,1500.0,2.0,91.0
Bellandur,2 BHK,850.0,2.0,45.0
Kothanur,2 BHK,1130.0,2.0,55.0
CV Raman Nagar,2 BHK,907.0,2.0,38.0
HRBR Layout,2 BHK,1300.0,2.0,90.0
Hennur Road,3 BHK,1891.0,3.0,110.0
Hennur Road,3 BHK,1735.0,3.0,78.0
Bisuvanahalli,3 BHK,1075.0,2.0,33.0
Kumaraswami Layout,7 BHK,2040.0,4.0,123.0
Uttarahalli,3 BHK,1590.0,3.0,57.0
Jayanti Nagar,5 Bedroom,1600.0,5.0,140.0
Doddakammanahalli,2 BHK,1160.0,2.0,55.0
Tasker Town,2 BHK,930.0,1.0,55.0
Devanahalli,2 BHK,1010.0,2.0,58.0
Electronic City,2 BHK,1221.0,2.0,68.0
Banashankari,4 Bedroom,2400.0,4.0,470.0
Hoodi,2 BHK,1108.0,2.0,87.48
Vidyaranyapura,4 Bedroom,1000.0,4.0,120.0
Sarjapur  Road,2 BHK,1370.0,2.0,70.0
Banashankari Stage V,2 BHK,920.0,2.0,41.5
Bhoganhalli,2 BHK,1277.0,2.0,79.89
Horamavu Agara,2 BHK,1213.0,2.0,38.1
Singasandra,3 BHK,1653.0,3.0,85.0
Sarjapur,4 Bedroom,2400.0,3.0,140.0
1st Block Koramangala,4 BHK,3000.0,5.0,500.0
Kothanur,4 Bedroom,1600.0,4.0,250.0
Electronics City Phase 1,3 BHK,1321.0,2.0,40.0
Kanakpura Road,3 BHK,1570.0,3.0,68.0
Hessarghatta,8 Bedroom,1150.0,8.0,70.0
Nallurhalli,2 BHK,1053.0,2.0,44.0
Hoysalanagar,3 BHK,1325.0,2.0,56.0
manyata,2 BHK,1169.0,2.0,50.11
Badavala Nagar,2 BHK,1274.0,2.0,90.0
Whitefield,2 BHK,1317.0,2.0,52.0
Lakshminarayana Pura,2 BHK,1195.0,2.0,75.0
Kammasandra,2 BHK,940.0,2.0,35.0
Budigere,3 BHK,1820.0,3.0,95.5
Kanakpura Road,3 BHK,1450.0,3.0,53.6
Whitefield,3 BHK,1615.0,3.0,96.9
Nagarbhavi,3 BHK,2200.0,2.0,99.0
Subramanyapura,2 BHK,985.0,2.0,62.5
Electronics City Phase 1,2 BHK,1116.0,2.0,33.0
Attibele,2 BHK,656.0,2.0,25.0
Kaggadasapura,2 BHK,1105.0,2.0,39.5
Whitefield,2 BHK,1220.0,2.0,55.0
Hoodi,3 BHK,1400.0,3.0,74.0
Bhuvaneswari Nagar,4 Bedroom,2400.0,3.0,185.0
Anandapura,3 Bedroom,850.0,3.0,63.0
Uttarahalli,2 BHK,1000.0,2.0,35.0
Bannerghatta Road,3 BHK,1660.0,3.0,80.0
Uttarahalli,3 BHK,1330.0,2.0,57.0
Old Madras Road,2 BHK,1165.0,2.0,52.0
Budigere,2 BHK,1153.0,2.0,56.0
Bannerghatta Road,2 BHK,1270.0,2.0,45.0
2nd Phase JP Nagar,2 BHK,1070.0,2.0,38.0
RWF West Colony,3 BHK,1427.0,2.0,85.0
Banashankari Stage III,3 BHK,1420.0,2.0,95.0
Kothanur,4 Bedroom,1600.0,5.0,130.0
Langford Town,2 BHK,2031.0,2.0,200.0
Bellandur,2 BHK,1454.0,2.0,90.0
Whitefield,2 BHK,1116.0,2.0,48.76
Maruthi Sevanagar,4 Bedroom,2000.0,3.0,180.0
Sarjapur  Road,2 BHK,1346.0,2.0,74.03
Hessarghatta,2 BHK,1062.0,2.0,50.0
 Mysore Highway,1 BHK,700.0,1.0,25.5
JP Nagar,2 BHK,1405.0,2.0,99.0
Doddathoguru,2 BHK,1100.0,2.0,50.0
Chikka Tirupathi,3 Bedroom,2153.0,4.0,120.0
Kammagondahalli,3 Bedroom,1200.0,3.0,120.0
Ulsoor,3 BHK,2135.0,3.0,170.0
Uttarahalli,2 BHK,1125.0,2.0,47.0
2nd Phase Judicial Layout,3 BHK,1350.0,2.0,47.25
Pai Layout,2 BHK,1068.0,2.0,48.0
Doddathoguru,2 BHK,940.0,2.0,32.9
Hosa Road,2 BHK,1063.0,2.0,32.79
Brookefield,2 BHK,1382.0,2.0,84.5
Harlur,2 BHK,936.0,2.0,45.0
KR Puram,3 BHK,1400.0,2.0,60.0
Sarjapur  Road,1 BHK,475.0,1.0,26.0
LIC Colony,2 BHK,1200.0,2.0,115.0
Glass Factory Layout,3 BHK,1450.0,3.0,65.0
Kudlu,2 BHK,1162.0,2.0,52.0
Hosa Road,2 BHK,1161.0,2.0,48.75
Green Glen Layout,3 BHK,1623.29,2.0,105.0
Brookefield,2 BHK,1260.0,2.0,70.0
Billekahalli,4 Bedroom,1672.0,3.0,190.0
Seegehalli,3 Bedroom,3000.0,4.0,240.0
Murugeshpalya,3 BHK,1500.0,2.0,70.0
Gaurava Nagar,5 Bedroom,1650.0,6.0,200.0
Dollars Colony,3 BHK,2000.0,3.0,200.0
Thyagaraja Nagar,1 Bedroom,1675.0,1.0,241.0
Electronic City,3 Bedroom,1200.0,3.0,150.0
Nagarbhavi,2 BHK,1100.0,2.0,46.2
Whitefield,3 BHK,1400.0,2.0,56.0
Ramagondanahalli,3 BHK,2257.0,3.0,155.0
Budigere,2 BHK,1153.0,2.0,56.5
Sarjapur  Road,2 BHK,1197.0,2.0,56.86
Siddapura,2 BHK,1150.0,2.0,90.0
Akshayanagara East,1 BHK,595.0,1.0,40.0
Hoodi,3 BHK,1837.0,3.0,110.0
Kumbalgodu,4 Bedroom,3750.0,4.0,190.0
Bellandur,3 BHK,1830.0,3.0,91.86
Green Glen Layout,3 BHK,1715.0,3.0,115.0
Electronic City,2 BHK,970.0,2.0,35.0
Hebbal Kempapura,4 Bedroom,1200.0,3.0,148.0
NRI Layout,4 Bedroom,2700.0,5.0,95.75
Siddapura,3 Bedroom,5480.0,4.0,400.0
Vidyaranyapura,4 BHK,2400.0,5.0,135.0
Sarjapur  Road,4 BHK,3040.0,4.0,135.0
Raja Rajeshwari Nagar,2 BHK,1168.0,2.0,66.0
Begur Road,2 BHK,1160.0,2.0,36.54
Mallappa Layout,3 BHK,1500.0,3.0,75.0
Kumaraswami Layout,2 Bedroom,600.0,2.0,72.0
5th Phase JP Nagar,8 Bedroom,1200.0,7.0,250.0
ITPL,2 BHK,850.0,2.0,25.4
Ramamurthy Nagar,2 BHK,935.0,2.0,39.0
Ullal Road,5 Bedroom,1200.0,5.0,235.0
Doddaballapur,1 BHK,654.0,1.0,49.0
Domlur,3 BHK,1650.0,3.0,180.0
Dodsworth Layout,3 Bedroom,5656.0,5.0,499.0
Vinayak Nagar,2 BHK,1300.0,2.0,33.0
Kaggalipura,2 BHK,950.0,2.0,60.0
Silk Board,3 BHK,1250.0,3.0,54.0
Doddakallasandra,2 BHK,1072.0,2.0,42.87
Ankappa Layout,3 BHK,1425.0,2.0,65.0
Uttarahalli,2 BHK,1165.0,1.0,42.09
Kathriguppe,3 BHK,1390.0,2.0,69.49
Kalena Agrahara,3 BHK,1510.0,3.0,78.0
Thanisandra,2 BHK,1305.0,2.0,90.0
Vidyaranyapura,6 Bedroom,1200.0,6.0,170.0
Kodigehaali,2 BHK,866.0,2.0,32.0
Hulimavu,2 BHK,1231.0,2.0,84.5
Sompura,3 BHK,1360.0,2.0,45.0
Yeshwanthpur,3 BHK,2500.0,3.0,138.0
Whitefield,2 BHK,1140.0,2.0,55.0
Kanakpura Road,1 BHK,525.0,1.0,30.0
Whitefield,2 BHK,1295.0,2.0,64.5
Hormavu,2 BHK,1020.0,2.0,45.75
Old Airport Road,4 BHK,3504.0,4.0,262.0
Sidedahalli,2 Bedroom,1200.0,1.0,50.0
Vidyaranyapura,2 BHK,1100.0,2.0,41.0
Bannerghatta Road,4 Bedroom,4723.0,4.0,500.0
Kothannur,2 BHK,820.0,2.0,37.0
Sarjapur,4 Bedroom,3508.0,4.0,386.0
Versova Layout,4 Bedroom,3700.0,4.0,400.0
Kalena Agrahara,2 BHK,1354.0,2.0,70.0
Basavangudi,4 BHK,2453.0,3.0,250.0
Garudachar Palya,2 BHK,1154.0,2.0,51.8
7th Phase JP Nagar,3 BHK,1680.0,2.0,92.0
Electronics City Phase 1,2 BHK,1205.0,2.0,60.0
Raja Rajeshwari Nagar,3 BHK,1400.0,2.0,86.0
Doopanahalli,3 BHK,1625.0,3.0,150.0
Electronic City,3 Bedroom,1500.0,3.0,73.0
Bannerghatta Road,3 BHK,1520.0,2.0,80.0
3rd Stage Raja Rajeshwari Nagar,2 BHK,1300.0,3.0,65.0
Manayata Tech Park,2 BHK,1150.0,2.0,47.0
Kadugodi,3 BHK,1762.0,3.0,109.0
Budigere,2 BHK,1153.0,2.0,58.0
Yelahanka,4 BHK,2650.0,4.0,223.0
Sompura,3 BHK,1350.0,2.0,47.0
Billekahalli,2 BHK,950.0,2.0,56.0
Jakkur,3 BHK,3295.0,3.0,310.0
Coconut Grove Layout,3 BHK,1515.0,3.0,80.5
Neeladri Nagar,2 BHK,1100.0,2.0,30.0
Byrasandra,2 BHK,1250.0,2.0,65.0
HBR Layout,2 Bedroom,1200.0,2.0,120.0
5th Phase JP Nagar,7 BHK,2500.0,8.0,95.0
Hoskote,4 Bedroom,1200.0,4.0,100.0
Yelahanka,3 BHK,1355.0,2.0,51.5
Dominic Layout,3 BHK,1115.0,3.0,39.14
8th Phase JP Nagar,3 BHK,1275.0,3.0,45.0
Padmanabhanagar,3 BHK,2051.0,3.0,170.0
BTM Layout,3 BHK,1470.0,2.0,99.0
Silver Springs Layout,3 BHK,1550.0,2.0,70.0
Bannerghatta Road,3 BHK,1270.0,2.0,73.0
Bhoganhalli,4 BHK,2119.0,4.0,111.0
Hebbal Kempapura,3 BHK,1600.0,3.0,170.0
Kudlu Gate,3 BHK,1320.0,2.0,50.0
Gopalkrishna Nagar,3 BHK,2505.0,3.0,165.0
Tejaswini Nagar,3 BHK,1410.0,2.0,54.0
Whitefield,2 BHK,1200.0,2.0,70.0
Chennammana Kere,3 BHK,1705.0,2.0,86.96
Electronic City,2 BHK,995.0,2.0,48.0
Horamavu Banaswadi,2 BHK,1081.0,2.0,52.0
Parappana Agrahara,2 BHK,1194.0,2.0,46.0
Sonnenahalli,1 BHK,605.0,1.0,30.24
Yelahanka,1 BHK,567.0,1.0,25.0
Rajaji Nagar,2 BHK,1718.0,3.0,275.0
2nd Stage Nagarbhavi,3 Bedroom,600.0,5.0,135.0
Green Glen Layout,3 BHK,1715.0,3.0,105.0
Doddaballapur,4 Bedroom,3206.0,5.0,270.0
Kundalahalli,4 Bedroom,1500.0,4.0,235.0
Bannerghatta Road,3 BHK,1846.0,3.0,120.0
Coconut Garden,3 Bedroom,600.0,3.0,90.0
Whitefield,2 BHK,1015.0,2.0,56.0
Dollars Colony,4 Bedroom,4350.0,8.0,2600.0
Thanisandra,2 BHK,1100.0,2.0,36.0
Thanisandra,3 BHK,1965.0,4.0,125.0
NGR Layout,2 BHK,1021.0,2.0,45.9
Haralur Road,2 BHK,1230.0,2.0,67.65
Uttarahalli,2 BHK,1260.0,2.0,55.0
Indira Nagar,4 Bedroom,2400.0,4.0,700.0
Lingadheeranahalli,3 BHK,1894.0,4.0,114.0
2nd Stage Nagarbhavi,6 Bedroom,1500.0,4.0,233.0
Jakkur,3 BHK,1950.0,3.0,131.0
Sector 2 HSR Layout,2 BHK,1231.0,2.0,66.0
Mahadevpura,2 BHK,1236.0,2.0,58.0
R.T. Nagar,4 BHK,1800.0,3.0,120.0
KAMAKIYA,3 BHK,1650.0,3.0,135.0
Kirloskar Layout,5 Bedroom,750.0,3.0,88.0
Begur,3 BHK,1443.0,2.0,70.0
Ramamurthy Nagar,4 Bedroom,886.0,4.0,120.0
Wheelers Road,2 BHK,925.0,2.0,68.0
Chandapura,3 BHK,1305.0,3.0,33.28
Alfa Garden Layout,2 BHK,1190.0,2.0,46.41
Uttarahalli,2 BHK,1284.0,2.0,53.36
MM Layout,4 Bedroom,350.0,3.0,45.0
Palace Guttahalli,3 Bedroom,875.0,3.0,115.0
Chikkalasandra,2 BHK,1325.0,2.0,59.0
Sector 6 HSR Layout,6 Bedroom,2400.0,5.0,750.0
Kudlu Gate,2 BHK,1183.0,2.0,79.54
Rajiv Gandhi Nagar,3 BHK,1750.0,3.0,100.0
Nagashetty Halli,4 BHK,16335.0,4.0,149.0
Doddagubbi,1 BHK,747.0,1.0,27.0
Electronic City,2 BHK,1342.0,2.0,90.0
Motappa Layout,2 BHK,1113.0,2.0,52.0
Devarabeesana Halli,3 BHK,1738.0,3.0,110.0
Brookefield,2 BHK,1206.0,2.0,90.0
Hebbal,4 BHK,2790.0,4.0,198.0
Hebbal,2 BHK,1162.0,2.0,59.0
Parappana Agrahara,2 BHK,1194.0,2.0,46.0
Sarjapur  Road,3 BHK,1857.0,4.0,155.0
Kattigenahalli,6 Bedroom,3500.0,6.0,115.0
Rajaji Nagar,2 BHK,1763.0,3.0,240.0
Uttarahalli,2 BHK,1150.0,2.0,45.99
Koramangala,4 Bedroom,2400.0,5.0,550.0
Chikkalasandra,2 BHK,1290.0,2.0,72.0
Thubarahalli,4 BHK,3408.0,5.0,145.0
HBR Layout,2 Bedroom,900.0,2.0,145.0
Sanjay nagar,2 BHK,1150.0,2.0,70.0
Banashankari,3 Bedroom,1040.0,2.0,109.0
Yeshwanthpur,2 BHK,1160.0,2.0,64.08
Soundarya Layout,2 BHK,900.0,2.0,27.0
Sarjapur  Road,4 Bedroom,1750.0,3.0,185.0
Electronic City,3 BHK,1320.0,2.0,38.12
Lingadheeranahalli,4 BHK,2240.0,4.0,160.0
Electronics City Phase 1,2 BHK,891.0,2.0,26.0
Udaya Nagar,5 Bedroom,1000.0,4.0,80.0
Ambedkar Nagar,3 BHK,1852.0,3.0,125.0
Chandapura,3 BHK,1323.0,2.0,42.0
Vittasandra,2 BHK,1404.0,2.0,67.5
Dodda Nekkundi,2 BHK,1370.0,2.0,60.0
Uttarahalli,3 BHK,1385.0,2.0,48.48
Gollarapalya Hosahalli,2 BHK,1129.0,2.0,50.0
Mahalakshmi Layout,3 BHK,1876.0,3.0,150.0
Brooke Bond First Cross,3 BHK,1720.0,3.0,95.0
Jalahalli East,4 Bedroom,1200.0,4.0,80.0
Mysore Road,2 BHK,1175.0,2.0,86.68
Nagawara Junction,1 BHK,500.0,1.0,51.0
Dasappa Layout,5 Bedroom,1200.0,5.0,85.0
Electronic City Phase II,1 BHK,1200.0,1.0,295.0
Hosa Road,3 BHK,1893.0,3.0,130.0
Whitefield,3 BHK,1430.0,3.0,52.0
Green View Layout,2 BHK,850.0,2.0,45.0
CV Raman Nagar,2 BHK,1392.0,2.0,110.0
Kanakpura Road,3 BHK,1938.0,3.0,105.0
Chennammanakere Achukattu,2 BHK,1020.0,2.0,52.0
"beml layout, basaveshwara nagar",3 Bedroom,2400.0,2.0,360.0
HBR Layout,3 BHK,1832.0,3.0,160.0
Konanakunte,3 BHK,1423.0,2.0,85.0
Jakkur,2 BHK,1432.0,2.0,85.0
2nd Block Hrbr Layout,4 Bedroom,1350.0,4.0,235.0
BTM 2nd Stage,8 Bedroom,1500.0,6.0,270.0
CV Raman Nagar,3 BHK,1480.0,3.0,65.0
Kanakpura Road,3 BHK,1843.0,3.0,96.2
Lingarajapuram,3 Bedroom,760.0,4.0,95.0
Hulimavu,3 BHK,1916.0,2.0,150.0
Hennur,2 BHK,1255.0,2.0,55.5
Yelenahalli,2 BHK,1160.0,2.0,44.08
Old Madras Road,2 BHK,2640.0,2.0,170.0
Bommanahalli,2 BHK,1160.0,2.0,53.0
Lakshminarayana Pura,2 BHK,1200.0,2.0,80.0
7th Phase JP Nagar,2 BHK,1100.0,2.0,44.0
Ramagondanahalli,3 BHK,1500.0,3.0,100.0
Electronic City Phase II,3 BHK,1336.0,2.0,50.35
Choodasandra,2 BHK,1065.0,2.0,46.0
Hebbal,2 BHK,1294.0,2.0,115.0
Rachenahalli,3 BHK,1550.0,3.0,68.5
Whitefield,2 BHK,1216.0,2.0,75.0
Bank Of Baroda Colony,2 BHK,1005.0,2.0,40.0
7th Phase JP Nagar,3 BHK,1430.0,2.0,102.0
Frazer Town,4 BHK,4100.0,4.0,660.0
Hoodi,3 BHK,1660.0,3.0,125.0
Thanisandra,3 BHK,1430.0,2.0,56.0
Hennur Road,3 BHK,1470.0,2.0,75.0
Jalahalli,2 BHK,1045.0,2.0,76.77
Anjanapura,2 BHK,950.0,2.0,30.0
Doddathoguru,3 BHK,1382.0,3.0,65.0
BTM 2nd Stage,2 BHK,930.0,2.0,46.0
Sarjapur  Road,3 BHK,1660.0,2.0,116.0
Vijinapura,2 BHK,1290.0,2.0,71.95
Whitefield,3 BHK,1010.0,2.0,45.0
Brookefield,4 BHK,3050.0,4.0,130.0
Dodda Nekkundi,2 BHK,1200.0,2.0,71.0
3rd Block Hrbr Layout,3 BHK,1650.0,3.0,140.0
Budigere,3 BHK,1636.0,3.0,88.0
Rajaji Nagar,3 BHK,2367.0,3.0,320.0
Budigere,2 BHK,1153.0,2.0,56.55
Hegde Nagar,3 BHK,2087.01,4.0,160.0
LB Shastri Nagar,2 BHK,1200.0,2.0,47.0
HSR Layout,3 BHK,1844.0,3.0,89.0
Begur Road,2 BHK,1215.0,2.0,43.75
Sarjapur  Road,2 BHK,1194.0,2.0,57.0
Chennappa Layout,2 BHK,1220.0,2.0,52.0
1st Block HBR Layout,4 BHK,3150.0,4.0,150.0
Kanakpura Road,1 BHK,525.0,1.0,26.0
Bommasandra,2 BHK,955.0,2.0,37.97
Kadugondanahalli,5 Bedroom,2000.0,5.0,75.0
Magadi Road,2 BHK,884.0,2.0,48.0
Kathriguppe,2 BHK,1250.0,2.0,68.75
Bommasandra Industrial Area,2 BHK,7000.0,2.0,135.0
Dodda Nekkundi,3 Bedroom,2400.0,4.0,300.0
Harlur,4 BHK,2990.0,4.0,225.0
Bellandur,2 BHK,1195.0,2.0,52.0
Sadhguru Layout,1 BHK,2559.0,1.0,55.0
Begur,2 BHK,1200.0,2.0,33.0
Sarjapur  Road,2 BHK,984.0,2.0,45.75
Bommasandra,2 BHK,1089.0,2.0,40.0
Hennur Road,2 BHK,1165.0,2.0,52.0
Chandapura,1 BHK,410.0,1.0,10.0
Hennur,3 BHK,1482.0,3.0,110.0
Ramamurthy Nagar,2 Bedroom,1200.0,2.0,68.0
Kanakapura,3 BHK,1938.0,3.0,113.0
Hormavu,3 BHK,1166.0,2.0,34.97
Chikkalasandra,3 BHK,1275.0,2.0,55.46
Mico Layout,2 BHK,1140.0,2.0,43.0
Hegde Nagar,4 Bedroom,3734.0,5.0,430.0
Tejaswini Nagar,1 BHK,720.0,1.0,28.0
Nagarbhavi,3 Bedroom,1200.0,3.0,228.0
Richards Town,2 BHK,1100.0,2.0,90.0
Sector 7 HSR Layout,2 BHK,1162.0,2.0,98.77
Ramamurthy Nagar,1 Bedroom,540.0,1.0,35.0
Rachenahalli,3 BHK,1550.0,2.0,73.5
R.T. Nagar,3 Bedroom,1300.0,3.0,145.0
Ullal Road,5 Bedroom,1200.0,5.0,130.0
Chikbasavanapura,2 BHK,1220.0,2.0,60.0
Doddathoguru,2 BHK,964.0,2.0,62.0
"Electronic City Phase 1, ",3 BHK,1500.0,3.0,50.0
Sarjapur  Road,3 BHK,1347.0,2.0,44.0
"JP Nagar 8th Phase, ",4 BHK,5000.0,5.0,250.0
Bannerghatta Road,4 Bedroom,3000.0,4.0,140.0
Bannerghatta,2 BHK,1120.0,2.0,42.5
Lake City,1 BHK,600.0,1.0,22.8
Whitefield,3 BHK,2321.0,4.0,157.0
Bhagyalakshmi Avenue,1 BHK,540.0,1.0,24.0
Hebbal,2 BHK,1150.0,2.0,57.0
Sonnenahalli,3 BHK,1484.0,3.0,75.0
Ramagondanahalli,3 BHK,1680.0,2.0,68.0
Byagadadhenahalli,2 BHK,620.0,2.0,23.0
Dodda Banaswadi,3 BHK,1650.0,3.0,78.0
Chuchangatta Colony,3 BHK,1250.0,3.0,44.0
Hanuman Nagar,3 BHK,2072.0,3.0,108.0
Sarjapur  Road,2 BHK,1105.0,2.0,40.0
Vidyaranyapura,2 BHK,1200.0,2.0,60.5
Kumaraswami Layout,7 Bedroom,3100.0,7.0,145.0
Whitefield,4 Bedroom,4007.0,4.0,530.0
Electronic City,2 BHK,550.0,2.0,16.0
Banashankari,3 BHK,1340.0,2.0,53.6
Rajaji Nagar,3 BHK,2409.0,3.0,395.0
Haralur Road,2 BHK,1194.0,2.0,46.0
Vittasandra,2 BHK,1246.0,2.0,65.0
Old Airport Road,2 BHK,1055.0,2.0,75.0
Hosa Road,3 BHK,1541.0,3.0,69.61
Harlur,2 BHK,1370.0,2.0,88.0
Whitefield,2 BHK,1224.0,2.0,75.0
Kengeri Satellite Town,4 Bedroom,650.0,2.0,58.0
Kambipura,2 BHK,883.0,2.0,39.0
Yeshwanthpur,3 BHK,1676.0,3.0,92.13
Shree Ananth Nagar Layout,2 BHK,1154.0,2.0,57.0
Kanakpura Road,3 BHK,1610.0,3.0,78.5
Devasthanagalu,2 BHK,1057.0,2.0,42.0
Raja Rajeshwari Nagar,2 BHK,1157.0,2.0,65.0
Doddagubbi,4 Bedroom,1200.0,4.0,85.0
Dasappa Layout,7 Bedroom,1500.0,7.0,130.0
Gulimangala,2 BHK,980.0,2.0,35.0
Sarjapur  Road,2 BHK,1140.0,2.0,40.0
Raja Rajeshwari Nagar,2 BHK,1206.0,2.0,40.7
Electronic City Phase II,1 BHK,575.0,1.0,16.75
Koramangala,3 BHK,1600.0,3.0,170.0
1st Stage Indira Nagar,4 Bedroom,2400.0,4.0,500.0
Horamavu Agara,3 BHK,1300.0,2.0,52.0
Tunganagara,3 BHK,1270.0,2.0,35.56
Electronic City,2 BHK,1128.0,2.0,63.5
Electronics City Phase 1,1 BHK,640.0,1.0,45.0
4th T block Jayanagar,3 BHK,2400.0,3.0,185.0
TC Palaya,3 Bedroom,1200.0,2.0,66.0
Kanakapura,2 BHK,1090.0,2.0,38.15
Electronic City,1 BHK,589.0,1.0,29.0
Electronic City,2 BHK,1125.0,2.0,28.13
Kogilu,2 BHK,1140.0,2.0,50.66
Sarjapur  Road,4 Bedroom,3150.0,4.0,500.0
Kundalahalli,2 BHK,1315.0,2.0,74.0
Bellandur,3 BHK,1435.0,2.0,115.0
Haralur Road,2 BHK,1092.0,2.0,44.0
Kadugodi,2 BHK,1314.0,2.0,80.0
Koramangala,2 BHK,1260.0,2.0,100.0
Srirampura,7 Bedroom,1875.0,5.0,192.0
Nagarbhavi,2 BHK,1080.0,2.0,49.0
Nagasandra,8 Bedroom,4000.0,8.0,160.0
Mysore Road,3 BHK,1082.0,2.0,45.0
Jakkur,3 BHK,1150.0,3.0,65.0
Hennur Road,2 BHK,1052.0,2.0,34.72
Yelahanka,2 BHK,1045.0,2.0,45.0
Kodigehaali,3 BHK,1442.0,3.0,80.0
Kaggadasapura,3 BHK,1500.0,2.0,75.0
Marsur,2 BHK,497.0,1.0,20.0
Hennur,2 BHK,1255.0,2.0,53.57
Vajarahalli,3 BHK,1432.0,3.0,79.0
Kundalahalli,3 Bedroom,2100.0,3.0,150.0
Hennur Road,2 BHK,1450.0,2.0,80.0
Sarjapur  Road,2 BHK,1346.0,2.0,69.61
Kumaraswami Layout,2 BHK,1200.0,2.0,29.0
Electronic City Phase II,3 BHK,925.0,2.0,49.82
Dasarahalli,2 BHK,1160.0,2.0,49.0
Lingadheeranahalli,3 BHK,1768.0,3.0,81.31
Kothanur,2 BHK,1094.0,2.0,54.0
Seetharampalya,3 BHK,1500.0,3.0,90.0
Gubbalala,3 BHK,1745.0,3.0,130.0
Bommanahalli,7 Bedroom,2875.0,7.0,85.0
Byadarahalli,4 BHK,3500.0,3.0,425.0
Sonnenahalli,3 BHK,1550.0,3.0,50.0
Rajiv Nagar,4 BHK,2340.0,5.0,160.0
Whitefield,3 BHK,1655.0,3.0,113.0
Battarahalli,3 BHK,2024.0,3.0,103.0
Siddapura,4 Bedroom,3100.0,5.0,425.0
Jalahalli,3 BHK,1575.0,4.0,100.0
Iblur Village,3 BHK,1920.0,3.0,130.0
Sarjapur  Road,4 Bedroom,6200.0,4.0,744.0
Kambipura,3 BHK,1082.0,2.0,55.0
BTM 2nd Stage,3 BHK,1265.0,2.0,55.0
Kengeri Satellite Town KHB Apartment,3 BHK,1100.0,2.0,45.0
Margondanahalli,2 Bedroom,1160.0,2.0,65.0
Vittasandra,2 BHK,1246.0,2.0,67.4
Hosa Road,1 BHK,615.0,1.0,43.08
7th Phase JP Nagar,2 BHK,1128.0,2.0,60.0
Tirumanahalli,2 BHK,1260.0,2.0,55.0
Bellandur,3 BHK,1830.0,3.0,89.89
Sarjapur,3 BHK,1525.0,2.0,68.0
Yelahanka,1 BHK,602.0,2.0,30.0
Kumaraswami Layout,7 Bedroom,3000.0,4.0,400.0
Hegde Nagar,3 BHK,1835.0,3.0,89.0
Kanakpura Road,3 BHK,1250.0,3.0,62.6
Subhash Nagar,4 Bedroom,1200.0,4.0,110.0
Murugeshpalya,3 BHK,1855.0,3.0,96.0
Kanakpura Road,3 BHK,1450.0,3.0,60.91
Sarjapur  Road,3 BHK,2089.0,3.0,148.0
Haralur Road,3 BHK,1464.0,3.0,56.0
Banashankari Stage VI,4 Bedroom,4800.0,3.0,200.0
Begur Road,2 BHK,1200.0,2.0,44.73
Sarjapur,2 BHK,1095.0,2.0,45.0
Ambedkar Nagar,3 Bedroom,2900.0,3.0,297.0
BTM 2nd Stage,3 BHK,2500.0,3.0,345.0
Kothanur,3 BHK,1170.0,3.0,80.0
6th Phase JP Nagar,2 BHK,1280.0,2.0,88.0
Rajaji Nagar,2 BHK,1224.0,2.0,105.0
Thanisandra,3 BHK,1694.0,3.0,125.0
Electronic City,2 BHK,825.0,2.0,30.0
Sarjapur  Road,3 BHK,1612.0,3.0,98.38
Chandapura,2 BHK,985.0,2.0,25.12
Murugeshpalya,2 BHK,1175.0,2.0,75.0
Sunkadakatte,1 Bedroom,600.0,1.0,24.0
Whitefield,3 BHK,1740.0,3.0,85.0
Carmelaram,3 BHK,1770.0,3.0,99.0
HAL 2nd Stage,8 Bedroom,1000.0,7.0,260.0
Horamavu Agara,2 BHK,1090.0,2.0,46.0
Vasanth nagar,6 Bedroom,2295.0,3.0,650.0
Whitefield,5 Bedroom,4144.0,5.0,331.0
Jogupalya,3 BHK,1800.0,3.0,130.0
Jigani,3 BHK,1221.0,3.0,65.0
8th Phase JP Nagar,2 BHK,1046.0,2.0,48.0
Uttarahalli,3 BHK,1290.0,2.0,56.12
Electronic City Phase II,2 BHK,1065.0,2.0,30.76
Ambedkar Nagar,3 BHK,1850.0,4.0,121.0
Battarahalli,2 BHK,1097.0,2.0,49.0
Kalena Agrahara,2 BHK,1200.0,3.0,70.0
Varthur,3 BHK,2160.0,3.0,170.0
Anekal,2 BHK,1140.0,2.0,52.0
Thigalarapalya,2 BHK,1297.0,2.0,98.0
Padmanabhanagar,2 BHK,1150.0,2.0,50.0
Kuvempu Nagar,2 BHK,1375.0,2.0,45.0
Babusapalaya,2 BHK,1245.0,2.0,58.0
Vasanth nagar,4 BHK,4750.0,6.0,948.0
Nagarbhavi,4 Bedroom,1800.0,3.0,180.0
Brookefield,3 BHK,1594.0,3.0,140.0
TC Palaya,3 Bedroom,1200.0,2.0,66.0
Chandapura,1 BHK,645.0,1.0,16.45
Kanakpura Road,2 BHK,700.0,2.0,36.0
Rajaji Nagar,5 Bedroom,2500.0,4.0,650.0
Raja Rajeshwari Nagar,2 BHK,1000.0,2.0,50.0
Whitefield,6 Bedroom,4000.0,5.0,540.0
Begur Road,2 BHK,1160.0,2.0,42.0
Uday Nagar,6 Bedroom,1200.0,6.0,85.0
OMBR Layout,5 Bedroom,600.0,3.0,140.0
Gopalkrishna Nagar,3 BHK,1570.0,2.0,95.0
Sarjapur  Road,2 BHK,1290.0,2.0,88.0
Kudlu Gate,2 BHK,1200.0,2.0,44.4
Langford Gardens,3 BHK,2777.29,5.0,649.0
Shanti Nagar,3 BHK,2250.0,3.0,180.0
Defence Colony,2 BHK,1270.0,2.0,172.0
Akshayanagara East,2 BHK,1145.0,2.0,44.0
Chikkabanavar,3 BHK,1320.0,2.0,46.0
Electronic City Phase II,2 BHK,1065.0,2.0,30.75
Whitefield,3 BHK,1650.0,3.0,48.0
Sarjapur  Road,2 BHK,1371.0,2.0,86.0
Doddanakunte,5 Bedroom,2700.0,5.0,150.0
Electronic City,3 BHK,1575.0,3.0,94.5
Yelahanka,2 BHK,1362.0,2.0,66.0
Bettahalsoor,5 Bedroom,3210.0,,353.0
Haralur Road,3 BHK,1255.0,3.0,90.0
Whitefield,2 BHK,925.0,2.0,35.0
Electronics City Phase 1,2 BHK,1088.0,2.0,30.46
Yelahanka,2 BHK,1234.0,2.0,80.0
Sarjapur  Road,3 BHK,2140.0,3.0,139.0
Thubarahalli,3 BHK,1584.0,3.0,101.0
Whitefield,2 BHK,1175.0,2.0,50.0
Sarjapura - Attibele Road,3 BHK,1555.0,3.0,52.0
Chandapura,1 BHK,645.0,1.0,16.45
Dodda Nekkundi,3 BHK,1585.0,2.0,79.0
Kalena Agrahara,2 BHK,1354.0,2.0,71.0
Madiwala,2 BHK,1165.0,2.0,45.0
Kumaraswami Layout,3 Bedroom,1200.0,3.0,75.0
Hebbal,3 BHK,1740.0,2.0,137.0
Hebbal,9 Bedroom,1200.0,9.0,185.0
Rachenahalli,2 BHK,985.0,2.0,50.17
Chandapura,2 Bedroom,1200.0,2.0,36.0
Kattigenahalli,3 Bedroom,600.0,4.0,70.0
Duddanahalli,3 BHK,1340.0,2.0,47.0
Begur Road,3 BHK,1583.0,3.0,95.23
"Beml layout, Rajarajeshwari nagar",4 Bedroom,1200.0,5.0,325.0
Basaveshwara Nagar,2 Bedroom,1200.0,1.0,180.0
Thanisandra,3 BHK,1573.0,3.0,100.0
CV Raman Nagar,2 BHK,1227.0,2.0,42.88
Yemlur,2 BHK,1210.0,2.0,60.0
Basavangudi,3 BHK,1650.0,3.0,125.0
Chikkalasandra,5 Bedroom,1000.0,4.0,300.0
Raja Rajeshwari Nagar,3 BHK,1485.0,2.0,63.0
Haralur Road,3 BHK,1735.0,3.0,97.0
Hebbal Kempapura,3 BHK,1730.0,3.0,175.0
Sector 1 HSR Layout,3 BHK,1684.0,3.0,86.0
Sai Gardens,3 BHK,1686.0,3.0,77.0
Bikasipura,3 BHK,1654.0,3.0,82.0
Green Glen Layout,3 BHK,1600.0,3.0,105.0
KR Puram,2 BHK,1100.0,2.0,39.9
Bannerghatta Road,3 BHK,1655.0,3.0,95.0
Hennur,3 BHK,1830.0,3.0,121.0
Hebbal,3 BHK,1430.0,3.0,85.0
Judicial Layout,3 BHK,1989.0,4.0,155.0
Sarjapur  Road,2 BHK,1044.0,2.0,55.0
Banashankari,3 BHK,1426.0,3.0,85.0
Choodasandra,2 BHK,1115.0,2.0,50.0
Yelahanka,2 BHK,1000.0,2.0,29.0
Kathriguppe,2 Bedroom,754.0,2.0,69.99
Electronic City Phase II,2 BHK,1140.0,2.0,33.06
Kodichikkanahalli,2 BHK,900.0,2.0,35.0
Gulakamale,2 BHK,1200.0,2.0,50.0
Malleshwaram,1 BHK,580.0,1.0,45.0
TC Palaya,3 Bedroom,1200.0,2.0,66.0
Munnekollal,2 BHK,1030.0,2.0,50.36
Koramangala,3 BHK,1910.0,4.0,150.0
Mahalakshmi Puram,3 BHK,1950.0,3.0,132.0
Kundalahalli,3 BHK,1724.0,3.0,125.0
Konanakunte Cross,3 Bedroom,1200.0,2.0,130.0
Rajaji Nagar,2 Bedroom,1314.0,2.0,225.0
Kothanur,2 BHK,1400.0,2.0,65.0
Kaggadasapura,3 BHK,1400.0,2.0,68.0
Hulimavu,2 BHK,1115.0,2.0,44.6
Bharathi Nagar,2 BHK,1300.0,2.0,55.86
Arishinakunte,4 Bedroom,2400.0,4.0,150.0
Kanakpura Road,2 BHK,1332.0,2.0,108.0
Abbigere,2 BHK,1000.0,2.0,41.0
Whitefield,3 Bedroom,1200.0,3.0,67.75
Whitefield,4 BHK,2444.0,4.0,145.0
Electronic City,2 BHK,1070.0,2.0,48.0
Sarjapur  Road,3 BHK,1600.0,3.0,85.0
Marathahalli,2 BHK,1196.0,2.0,57.95
Electronic City,2 BHK,1025.0,2.0,54.0
Choodasandra,3 BHK,1220.0,3.0,56.0
Sarjapur  Road,3 BHK,2180.0,4.0,180.0
Jakkasandra,3 BHK,1600.0,3.0,102.0
Whitefield,2 BHK,1270.0,2.0,110.0
Shanthala Nagar,3 BHK,3290.0,4.0,460.0
Jakkur,3 BHK,1932.47,3.0,183.0
Jalahalli,3 BHK,2086.0,3.0,160.0
Old Madras Road,2 BHK,1165.0,2.0,51.42
Marathahalli,3 BHK,1310.0,3.0,63.25
Rajaji Nagar,2 BHK,1440.0,2.0,165.0
Electronics City Phase 1,3 BHK,1900.0,3.0,85.0
Chandapura,2 BHK,740.0,1.0,22.0
Yeshwanthpur,3 BHK,2503.0,3.0,138.0
5th Phase JP Nagar,2 BHK,1075.0,2.0,60.0
Bellandur,2 BHK,1260.0,2.0,83.5
Yelahanka,3 BHK,1282.0,2.0,48.72
Tumkur Road,4 Bedroom,1100.0,2.0,60.0
Green Glen Layout,3 BHK,1717.0,3.0,125.0
Chellikere,2 BHK,1088.0,2.0,46.0
Raja Rajeshwari Nagar,3 BHK,1335.0,2.0,56.0
Vidyaranyapura,2 BHK,1200.0,2.0,42.0
Garudachar Palya,3 BHK,1325.0,2.0,60.0
JP Nagar,2 BHK,1157.0,2.0,73.0
Sahakara Nagar,2 BHK,1200.0,2.0,54.0
Pai Layout,3 BHK,1510.0,2.0,65.0
Bommanahalli,2 BHK,1050.0,2.0,54.0
Chikkadunnasandra,2 BHK,1200.0,2.0,45.0
Binny Pete,3 BHK,1516.0,3.0,147.0
Indira Nagar,6 Bedroom,2400.0,6.0,475.0
Channasandra,2 BHK,1050.0,2.0,44.41
Hegde Nagar,2 Bedroom,1000.0,2.0,66.0
9th Phase JP Nagar,2 BHK,1050.0,2.0,35.0
JP Nagar,4 Bedroom,600.0,5.0,110.0
BEML Layout,2 BHK,1194.0,2.0,65.0
Ananth Nagar,4 Bedroom,600.0,3.0,62.0
Hormavu,2 BHK,1210.0,2.0,69.0
Whitefield,3 BHK,1660.0,3.0,110.0
Malleshwaram,2 BHK,1410.0,2.0,125.0
Electronics City Phase 1,2 BHK,1305.0,2.0,67.0
Kavika Layout,6 BHK,1800.0,6.0,101.0
Bannerghatta Road,2 BHK,1206.0,2.0,53.0
Kambipura,2 BHK,883.0,2.0,49.0
Bannerghatta Road,2 BHK,1150.0,2.0,55.0
Dinnur,2 BHK,1100.0,2.0,65.0
Banashankari Stage II,2 BHK,1245.0,2.0,125.0
Cooke Town,3 BHK,1850.0,3.0,110.0
Hoodi,4 Bedroom,3385.0,4.0,220.0
Sompura,4 BHK,2150.0,3.0,85.0
Hebbal,3 BHK,3895.0,3.0,390.0
Lingarajapuram,2 BHK,1035.0,2.0,55.0
Nandini Layout,2 BHK,600.0,3.0,72.0
Zuzuvadi,3 BHK,1200.0,3.0,75.0
Hennur Road,2 BHK,1155.0,2.0,69.18
BCC Layout,7 Bedroom,1200.0,6.0,235.0
Electronics City Phase 1,1 BHK,755.0,1.0,30.12
Ramamurthy Nagar,2 BHK,960.0,2.0,35.0
Harsha Layout,1 BHK,450.0,1.0,20.0
Infantry Road,5 BHK,4000.0,5.0,680.0
Raja Rajeshwari Nagar,3 BHK,1571.0,3.0,53.12
Sarjapur  Road,3 BHK,1691.0,3.0,119.0
Kanakapura,3 BHK,1489.0,2.0,70.0
Kengeri Satellite Town,2 BHK,800.0,2.0,32.0
Jalahalli,3 BHK,980.0,2.0,60.0
Bannerghatta Road,2 BHK,1215.0,2.0,65.0
Electronic City Phase II,2 BHK,911.0,2.0,26.5
Bellandur,3 BHK,1535.0,3.0,90.0
5th Block Hbr Layout,5 Bedroom,1200.0,5.0,205.0
R.T. Nagar,3 BHK,1500.0,2.0,70.0
Brookefield,2 BHK,1588.0,2.0,58.0
Horamavu Banaswadi,4 Bedroom,675.0,4.0,68.0
Kannamangala,2 BHK,957.0,2.0,56.0
Electronic City Phase II,2 BHK,1200.0,2.0,34.65
Kanakapura main  Road,3 BHK,1495.0,2.0,52.33
Bisuvanahalli,2 BHK,845.0,2.0,34.0
Padmanabhanagar,4 BHK,3000.0,4.0,350.0
Sarjapur  Road,3 BHK,2206.0,4.0,180.0
Kasavanhalli,2 BHK,1181.0,2.0,61.0
Sarjapur  Road,2 BHK,1309.0,2.0,69.5
Horamavu Agara,3 Bedroom,1400.0,3.0,63.0
B Channasandra,5 Bedroom,1650.0,5.0,450.0
Kanakpura Road,3 BHK,1622.0,3.0,95.0
CV Raman Nagar,2 BHK,1225.0,2.0,48.0
Jakkur Plantation,3 BHK,1719.0,3.0,95.0
Abbigere,2 BHK,995.0,2.0,40.8
Mahadevpura,2 BHK,1120.0,2.0,53.0
Bellandur,2 BHK,1047.0,2.0,75.0
Devanahalli,3 BHK,1466.0,3.0,59.96
Sarjapur  Road,3 BHK,1691.0,3.0,100.0
Chandapura,2 BHK,876.0,2.0,28.47
CV Raman Nagar,3 BHK,1659.0,3.0,135.0
Whitefield,2 BHK,1270.0,2.0,105.0
8th Phase JP Nagar,3 BHK,1269.0,2.0,50.75
Kammanahalli,2 BHK,1200.0,3.0,80.0
Budigere,2 BHK,1153.0,2.0,56.5
Whitefield,2 BHK,1315.0,2.0,69.5
Hebbal Kempapura,4 Bedroom,2485.0,4.0,198.0
Tumkur Road,3 BHK,1354.0,3.0,85.86
Whitefield,4 Bedroom,1344.0,3.0,130.0
Yelahanka,2 BHK,1180.0,2.0,55.0
Jalahalli,2 BHK,1313.0,2.0,68.0
Nehru Nagar,2 BHK,1100.0,2.0,50.0
Nagarbhavi,4 Bedroom,600.0,4.0,78.0
Basaveshwara Nagar,3 Bedroom,1200.0,3.0,190.0
Srinagar,6 Bedroom,625.0,3.0,78.0
Vishwapriya Layout,2 BHK,890.0,2.0,37.0
Whitefield,2 BHK,1173.0,2.0,78.2
Reliaable Tranquil Layout,2 BHK,1190.0,2.0,55.0
Green Glen Layout,2 BHK,1250.0,2.0,75.0
Hoodi,3 BHK,1644.0,3.0,80.51
Yelahanka New Town,3 Bedroom,1740.0,3.0,150.0
Jakkur,3 BHK,1710.0,3.0,110.0
5th Phase JP Nagar,4 Bedroom,1000.0,4.0,130.0
Hebbal,3 BHK,1662.0,3.0,155.0
Virupakshapura,2 BHK,1162.0,2.0,48.0
Whitefield,2 BHK,1362.0,2.0,85.0
Bhagyalakshmi Avenue,1 BHK,540.0,1.0,22.5
Masjid e Alkareem,5 Bedroom,900.0,4.0,62.0
Sarjapur  Road,4 Bedroom,1250.0,4.0,135.0
Begur Road,3 BHK,1410.0,2.0,54.99
Chikka Tirupathi,4 Bedroom,2665.0,5.0,125.0
Singapura Village,2 BHK,970.0,2.0,45.0
Kavika Layout,6 BHK,1799.0,6.0,101.0
8th Block Jayanagar,6 Bedroom,1500.0,6.0,300.0
Uttarahalli,4 Bedroom,1200.0,4.0,155.0
Haralur Road,3 BHK,1810.0,3.0,97.83
Sathya Layout,2 BHK,1084.0,2.0,51.0
Doddabanahalli,3 BHK,1500.0,3.0,85.0
Uttarahalli,3 BHK,1328.0,2.0,56.0
Marathahalli,3 BHK,1485.0,2.0,90.0
Pai Layout,3 BHK,1500.0,2.0,58.0
R.T. Nagar,2 BHK,1100.0,2.0,85.0
Seetharampalya,3 BHK,1360.0,2.0,73.0
1st Phase JP Nagar,2 BHK,900.0,2.0,75.0
SMV layout,3 Bedroom,600.0,3.0,86.0
Electronic City Phase II,2 BHK,1031.0,2.0,54.48
Uttarahalli,2 BHK,1040.0,2.0,36.4
KR Puram,7 Bedroom,2800.0,6.0,110.0
Kothannur,3 BHK,1404.0,2.0,56.15
Haralur Road,2 BHK,1200.0,2.0,46.0
Yelahanka,2 BHK,1267.0,3.0,78.0
Bannerghatta Road,3 BHK,1510.0,2.0,110.0
Kanakpura Road,2 BHK,900.0,2.0,42.0
Whitefield,3 BHK,1457.0,2.0,105.0
Iblur Village,4 BHK,3596.0,4.0,268.0
8th Phase JP Nagar,3 BHK,1408.0,3.0,80.0
Dodda Nekkundi,2 BHK,1005.0,2.0,45.0
Dodsworth Layout,6 Bedroom,30400.0,4.0,1824.0
Electronic City Phase II,2 BHK,545.0,1.0,28.0
"Sarjapur Road, ",2 BHK,1182.0,2.0,64.0
Sarjapur  Road,2 BHK,1367.0,2.0,80.0
BTM 1st Stage,5 Bedroom,1200.0,4.0,200.0
Judicial Layout,5 BHK,1100.0,4.0,199.0
Sarjapur  Road,3 BHK,1565.0,3.0,78.0
Whitefield,3 BHK,1720.0,3.0,128.0
Doddathoguru,2 BHK,1107.0,2.0,44.0
Yelahanka,2 BHK,1360.0,2.0,78.19
Anekal,2 BHK,625.0,1.0,25.0
Jalahalli,2 BHK,1701.0,2.0,145.0
Agrahara Dasarahalli,3 Bedroom,1350.0,1.0,120.0
Hosa Road,2 BHK,1016.0,2.0,39.95
KEB Colony,3 BHK,1500.0,3.0,90.0
Akshaya Nagar,2 BHK,900.0,2.0,45.0
Sanjay nagar,3 BHK,1500.0,3.0,150.0
Chikku Lakshmaiah Layout,3 BHK,2292.0,2.0,285.0
Kereguddadahalli,3 BHK,1280.0,3.0,42.0
Sri Balaji Krupa Layout,4 Bedroom,1750.0,4.0,263.0
Electronic City,3 BHK,1500.0,2.0,70.0
Electronic City,3 BHK,1500.0,2.0,64.5
Gottigere,2 BHK,1245.0,2.0,59.0
Yelahanka,2 BHK,1025.0,2.0,44.0
Hennur Gardens,3 BHK,1945.0,3.0,135.0
Rajaji Nagar,3 BHK,1640.0,3.0,245.0
Hegde Nagar,3 BHK,1348.0,2.0,80.5
Tindlu,2 BHK,1100.0,2.0,55.0
Kammasandra,3 BHK,1616.0,3.0,40.0
Yeshwanthpur,3 BHK,1855.0,3.0,135.0
Hennur,2 BHK,1255.0,2.0,56.5
HAL 2nd Stage,5 Bedroom,2040.0,4.0,500.0
5th Phase JP Nagar,4 Bedroom,2400.0,4.0,228.0
Kothanur,2 BHK,1195.0,2.0,59.0
Bannerghatta Road,2 BHK,1022.0,2.0,35.0
Hegde Nagar,6 Bedroom,760.0,6.0,98.0
Dodda Nekkundi,2 BHK,1264.0,2.0,52.0
Chamrajpet,3 BHK,1650.0,3.0,115.0
Abbigere,2 BHK,1020.0,2.0,40.8
Sarjapur  Road,4 BHK,4395.0,4.0,242.0
Bommasandra,2 BHK,950.0,2.0,25.0
Shantiniketan Layout,4 BHK,2710.0,5.0,142.0
Hennur Road,3 BHK,1936.0,3.0,131.0
Ramanashree Enclave,2 BHK,1075.0,2.0,58.0
Hosur Road,2 BHK,1223.0,2.0,93.0
Whitefield,3 Bedroom,1500.0,3.0,61.9
Hennur,2 BHK,1050.0,2.0,42.73
7th Phase JP Nagar,3 BHK,2100.0,3.0,190.0
2nd Stage Nagarbhavi,5 Bedroom,1200.0,4.0,240.0
Uttarahalli,3 Bedroom,1650.0,2.0,130.0
Whitefield,2 BHK,1495.0,2.0,78.0
JP Nagar,3 BHK,1500.0,2.0,82.0
Koramangala,3 BHK,1605.0,3.0,260.0
Whitefield,2 BHK,1270.0,2.0,52.0
Kumaraswami Layout,2 BHK,1081.0,2.0,60.0
Koramangala,3 BHK,1600.0,2.0,140.0
Kanakpura Road,3 BHK,1596.0,3.0,118.0
Vasanthpura,6 Bedroom,600.0,6.0,65.0
Horamavu Agara,3 BHK,1557.0,3.0,70.0
Devi Nagar,3 BHK,1410.0,3.0,68.0
Sarjapur  Road,3 BHK,1984.0,4.0,148.0
Kadugodi,2 BHK,1196.0,2.0,60.0
Thanisandra,4 BHK,2259.0,3.0,112.0
Kenchenahalli,3 BHK,1720.0,3.0,100.0
8th Phase JP Nagar,4 Bedroom,600.0,5.0,99.0
Nagaraja Garden,2 BHK,1256.0,2.0,62.8
Haralur Road,2 BHK,1243.0,2.0,46.0
Electronic City Phase II,3 BHK,1310.0,2.0,37.83
7th Phase JP Nagar,2 BHK,1140.0,2.0,57.0
Cooke Town,3 BHK,1600.0,3.0,260.0
Kothanur,3 BHK,1790.0,3.0,120.0
Nehru Nagar,3 BHK,1674.0,3.0,81.0
CV Raman Nagar,5 Bedroom,1200.0,2.0,100.0
Kenchenhalli,3 BHK,1786.0,3.0,79.99
Vidyaranyapura,4 Bedroom,770.0,3.0,65.25
Sarjapur  Road,2 BHK,1035.0,2.0,47.0
Whitefield,3 BHK,1564.0,3.0,103.0
Margondanahalli,2 BHK,1334.0,2.0,67.76
Defence Colony,10 Bedroom,7150.0,13.0,3600.0
Bommasandra,3 BHK,1365.0,3.0,53.96
Choodasandra,2 BHK,1115.0,2.0,50.0
Jalahalli East,2 BHK,1020.0,2.0,42.48
BCMC Layout,3 BHK,1369.0,2.0,72.0
Whitefield,2 BHK,1240.0,2.0,41.0
Nagarbhavi,4 Bedroom,600.0,3.0,100.0
Gollahalli,2 BHK,1418.0,2.0,62.0
Hebbal,3 BHK,2250.0,3.0,219.0
Shivaji Nagar,2 BHK,500.0,1.0,20.0
KR Puram,2 BHK,1020.0,2.0,39.0
Yelahanka New Town,2 BHK,1290.0,2.0,70.0
Attibele,3 Bedroom,1500.0,3.0,90.0
Billekahalli,3 BHK,1290.0,3.0,62.0
Jalahalli,3 BHK,1881.0,3.0,115.0
Jigani,2 BHK,943.0,2.0,49.5
Electronic City,2 BHK,1140.0,2.0,32.93
Nayandanahalli,2 BHK,1035.0,2.0,60.0
Whitefield,3 Bedroom,1500.0,3.0,71.0
Sindhi Colony,5 BHK,5665.84,7.0,988.0
Nanjappa Layout,2 BHK,1232.0,2.0,94.28
Uttarahalli,3 BHK,1290.0,2.0,56.12
Malleshwaram,4 BHK,2610.0,4.0,306.0
Anandapura,3 BHK,1576.0,3.0,58.7
Chinnapanahalli,2 BHK,980.0,2.0,41.0
Hebbal,4 BHK,4000.0,6.0,440.0
Sarjapur  Road,2 BHK,1346.0,2.0,74.03
Hoodi,2 BHK,1181.0,2.0,55.0
Sathya Sai Layout,4 BHK,6652.0,6.0,660.0
Maragondanahalli,2 BHK,1307.0,2.0,59.0
Roopena Agrahara,3 BHK,1215.0,2.0,49.86
Sanjay nagar,2 BHK,1180.0,2.0,80.0
Amruthahalli,1 Bedroom,600.0,1.0,55.0
Sarjapur  Road,2 BHK,1115.0,2.0,50.0
Kanakapur main road,2 BHK,1025.0,2.0,43.04
Ramagondanahalli,3 BHK,1910.0,3.0,131.0
Gottigere,2 BHK,1200.0,2.0,50.0
Church Street,4 BHK,2920.0,4.0,536.0
Hebbal,2 BHK,1349.0,2.0,98.0
Electronics City Phase 1,2 BHK,1175.0,2.0,60.0
2nd Phase Judicial Layout,2 BHK,1150.0,2.0,40.25
Old Madras Road,2 BHK,935.0,2.0,32.72
Whitefield,3 BHK,1404.0,2.0,59.0
BCC Layout,4 Bedroom,2700.0,3.0,230.0
HSR Layout,2 BHK,1203.0,2.0,60.0
Nagavara,3 Bedroom,440.0,3.0,35.0
Somasundara Palya,3 BHK,1571.0,3.0,63.0
Mariyannapalya,2 BHK,1125.0,2.0,46.0
Kammasandra,1 BHK,610.0,1.0,18.5
Ambalipura,2 BHK,1198.0,2.0,80.0
Chandapura,3 Bedroom,1200.0,3.0,65.0
Nobo Nagar,2 BHK,1200.0,2.0,45.0
Sathya Sai Layout,4 Bedroom,6688.0,6.0,700.0
Crimson Layout,3 BHK,1830.0,3.0,95.0
Kudlu Gate,3 BHK,1432.0,2.0,61.11
Somasundara Palya,3 BHK,2300.0,2.0,70.0
9th Phase JP Nagar,2 BHK,1331.95,2.0,69.0
Yeshwanthpur,3 BHK,1876.0,3.0,160.0
Whitefield,3 BHK,1639.0,3.0,107.0
Akshaya Nagar,4 Bedroom,1200.0,4.0,125.0
Kanakpura Road,3 BHK,1665.0,3.0,74.9
Kogilu,2 BHK,1140.0,2.0,50.66
Electronic City,4 BHK,2093.0,4.0,134.0
Kanakpura Road,3 BHK,1450.0,3.0,60.9
TC Palaya,3 BHK,1330.0,3.0,46.56
1st Block Koramangala,4 Bedroom,1200.0,5.0,350.0
Talaghattapura,3 Bedroom,1800.0,3.0,84.0
"Thanisandra Main Road, ",4 BHK,2872.0,4.0,183.0
Kumarapalli,3 BHK,1486.0,2.0,65.0
Chikkalasandra,3 BHK,1425.0,1.0,54.0
Raja Rajeshwari Nagar,2 BHK,1255.0,2.0,42.54
Electronic City,2 BHK,750.0,2.0,19.5
Nagarbhavi,2 BHK,1225.0,2.0,58.0
Badavala Nagar,2 BHK,1274.0,2.0,90.0
Medahalli,9 BHK,4600.0,9.0,150.0
Kathriguppe,3 BHK,1350.0,3.0,80.99
Mallathahalli,2 BHK,1100.0,2.0,64.08
Whitefield,3 BHK,1760.0,3.0,139.0
Bommasandra,3 Bedroom,1200.0,3.0,110.0
Basavanapura,7 BHK,1800.0,5.0,65.0
Chandapura,3 BHK,1095.0,2.0,28.0
HSR Layout,2 BHK,1140.0,2.0,46.0
Raja Rajeshwari Nagar,3 BHK,1530.0,3.0,64.86
Kundalahalli,3 BHK,1724.0,3.0,140.0
Horamavu Agara,2 BHK,1058.0,2.0,47.0
KUDLU MAIN ROAD,3 BHK,1464.0,3.0,56.0
Dodda Nekkundi Extension,3 BHK,1975.0,3.0,90.0
Sarjapur  Road,2 BHK,1112.0,2.0,58.0
Doddabommasandra,2 Bedroom,1600.0,2.0,90.0
Vittasandra,3 BHK,1648.0,3.0,85.0
Puttanahalli,2 BHK,1100.0,2.0,32.0
Hoskote,1 BHK,509.0,1.0,23.0
Talaghattapura,3 BHK,2265.0,3.0,159.0
Malleshpalya,2 BHK,1200.0,2.0,46.0
Makali,1 BHK,530.0,1.0,18.0
Green View Layout,2 BHK,1010.0,2.0,41.0
Kaggadasapura,2 BHK,1150.0,2.0,45.0
Sarjapur  Road,2 BHK,1340.0,2.0,75.0
Raja Rajeshwari Nagar,3 BHK,1850.0,3.0,98.0
Doddathoguru,2 BHK,907.0,2.0,40.0
Benson Town,2 Bedroom,1688.0,2.0,280.0
Ulsoor,2 Bedroom,1160.0,2.0,130.0
Pai Layout,3 BHK,1600.0,2.0,65.0
Prasanna layout Herohalli,6 Bedroom,1800.0,5.0,140.0
Iblur Village,4 BHK,3596.0,5.0,251.0
Hosur Road,3 BHK,1464.0,3.0,56.0
Hennur,2 BHK,1295.0,2.0,62.0
Kodbisanhalli,2 BHK,1012.0,2.0,62.0
Yelahanka New Town,3 BHK,1000.0,2.0,48.0
Channasandra,2 BHK,1010.0,2.0,32.0
Bharathi Nagar,2 BHK,1379.0,2.0,85.0
Kasavanhalli,2 BHK,1121.0,2.0,75.0
LB Shastri Nagar,2 BHK,1200.0,2.0,75.0
Sarakki Nagar,4 BHK,3124.0,6.0,349.0
Bannerghatta Road,2 BHK,1246.0,2.0,47.35
7th Phase JP Nagar,3 BHK,1420.0,3.0,90.0
Shivaji Nagar,2 BHK,600.0,1.0,65.0
Hadosiddapura,2 BHK,1090.0,2.0,55.0
Electronic City,2 BHK,1355.0,2.0,73.0
Ambedkar Nagar,2 BHK,1425.0,2.0,94.0
Chikkabanavar,8 Bedroom,4000.0,7.0,110.0
Electronics City Phase 1,3 BHK,1700.0,3.0,111.0
Talaghattapura,3 BHK,2099.0,3.0,134.0
Yelahanka,5 Bedroom,1330.0,5.0,210.0
Devanahalli,3 BHK,1520.0,2.0,69.76
Sarvobhogam Nagar,3 BHK,1490.0,3.0,140.0
Horamavu Banaswadi,2 BHK,1000.0,2.0,50.0
Sahakara Nagar,2 BHK,1291.0,2.0,72.3
Kanakpura Road,2 BHK,1339.0,2.0,67.0
Near International Airport,2 BHK,1330.0,2.0,56.0
Ramakrishnappa Layout,4 Bedroom,9200.0,4.0,2600.0
Pattegarhpalya,8 Bedroom,1200.0,8.0,140.0
Palace Road,2 BHK,1650.0,1.0,130.0
Defence Colony,6 Bedroom,8000.0,6.0,2800.0
Jakkur,2 BHK,1125.0,2.0,44.75
CV Raman Nagar,2 BHK,1310.0,2.0,62.0
Bellandur,2 BHK,1096.0,2.0,40.0
Dasanapura,2 BHK,814.0,2.0,43.7
Sarjapur  Road,3 Bedroom,3500.0,3.0,275.0
Raja Rajeshwari Nagar,2 BHK,1140.0,2.0,44.0
Singanayakanahalli,3 BHK,1480.0,2.0,75.0
Hebbal,4 BHK,4000.0,6.0,370.0
Nagappa Reddy Layout,3 BHK,1500.0,2.0,78.0
Sarjapur  Road,3 BHK,1850.0,3.0,89.0
Jalahalli West,2 BHK,745.0,2.0,36.0
Whitefield,1 BHK,613.0,1.0,48.0
Rajarajeshwari nagar,4 Bedroom,1200.0,5.0,325.0
Bannerghatta Road,3 BHK,1470.0,2.0,85.0
Frazer Town,1 Bedroom,896.0,1.0,100.0
Tilak Nagar,1 BHK,250.0,2.0,40.0
T Dasarahalli,6 Bedroom,1200.0,3.0,125.0
Bannerghatta Road,2 BHK,1160.0,2.0,45.0
Laggere,7 Bedroom,1590.0,9.0,132.0
Attibele,1 BHK,520.0,1.0,15.0
T Dasarahalli,9 Bedroom,1178.0,9.0,75.0
Electronic City,3 BHK,1360.0,2.0,64.99
Gopalkrishna Nagar,2 BHK,1155.0,2.0,64.0
Chandapura,1 BHK,520.0,1.0,14.04
Ambalipura,3 BHK,1615.0,2.0,150.0
Raja Rajeshwari Nagar,8 Bedroom,6000.0,8.0,215.0
Raja Rajeshwari Nagar,2 BHK,1140.0,2.0,39.0
Reliaable Tranquil Layout,3 BHK,1508.0,3.0,77.0
Ambedkar Nagar,3 BHK,2395.0,4.0,150.0
Uttarahalli,3 BHK,1590.0,3.0,57.0
Thigalarapalya,3 BHK,2215.0,4.0,152.0
R.T. Nagar,3 BHK,1667.0,3.0,130.0
7th Block Jayanagar,3 BHK,1903.0,2.0,293.0
7th Phase JP Nagar,2 BHK,1530.0,2.0,108.0
Whitefield,3 BHK,1730.0,3.0,125.0
JP Nagar,2 BHK,1048.0,2.0,44.0
Malleshpalya,2 BHK,1225.0,2.0,52.0
Hennur Bande,2 BHK,1200.0,2.0,70.0
Kundalahalli,2 BHK,1175.0,2.0,65.0
Electronic City Phase II,3 BHK,1651.0,3.0,49.53
8th Phase JP Nagar,3 BHK,1500.0,2.0,55.0
Doddathoguru,3 BHK,1783.0,3.0,85.0
Kereguddadahalli,2 BHK,1015.0,2.0,35.0
12th cross srinivas nagar banshankari 3rd stage,1 BHK,1800.0,1.0,200.0
Sarjapur  Road,4 Bedroom,2758.0,4.0,240.0
5th Stage BEML Layout,4 Bedroom,1200.0,5.0,325.0
Sarjapur  Road,2 BHK,1132.0,2.0,70.0
KR Puram,2 Bedroom,1200.0,2.0,75.0
Hoodi,3 BHK,1490.0,3.0,85.0
Thanisandra,4 BHK,1917.0,4.0,130.0
Bhoganhalli,3 BHK,1703.0,3.0,120.0
Old Madras Road,2 BHK,1211.0,2.0,45.0
Kudlu Gate,2 BHK,1310.0,2.0,53.0
Marathahalli,2 BHK,1146.0,2.0,69.0
Kudlu,2 BHK,1041.0,2.0,53.0
Whitefield,3 BHK,1453.0,2.0,58.0
Whitefield,1 BHK,877.0,1.0,59.0
Kanakapura,3 BHK,1477.0,2.0,69.5
Frazer Town,2 BHK,1420.0,2.0,120.0
Havanur extension,3 Bedroom,2000.0,2.0,360.0
Abshot Layout,2 BHK,1140.0,1.0,185.0
Sarjapur  Road,3 BHK,1380.0,2.0,55.0
Maragondanahalli,2 BHK,1095.0,2.0,57.0
Varthur,3 BHK,1665.0,3.0,71.58
KR Puram,2 BHK,1245.0,2.0,60.0
EPIP Zone,4 BHK,3360.0,5.0,221.0
Electronic City,3 Bedroom,2010.0,3.0,201.0
Shivaji Nagar,3 BHK,1226.0,2.0,60.0
Uttarahalli,2 BHK,1075.0,2.0,46.76
Thanisandra,2 BHK,1226.0,2.0,65.59
Raja Rajeshwari Nagar,1 BHK,510.0,1.0,22.0
Budigere,2 BHK,1153.0,2.0,60.0
Kothannur,4 Bedroom,1600.0,4.0,45.0
LB Shastri Nagar,2 BHK,1000.0,2.0,49.5
Kundalahalli Colony,7 Bedroom,1400.0,7.0,218.0
Reliaable Tranquil Layout,2 BHK,1256.0,2.0,65.0
Vishwanatha Nagenahalli,6 Bedroom,1200.0,5.0,130.0
Sarjapur,3 BHK,1425.0,3.0,57.0
Margondanahalli,5 Bedroom,1375.0,5.0,125.0
Hosur Road,3 BHK,1919.0,3.0,117.0
Neeladri Nagar,3 BHK,2111.0,3.0,103.0
Bannerghatta Road,2 BHK,970.0,2.0,57.0
VHBCS Layout,2 BHK,1353.0,2.0,110.0
Jalahalli,3 BHK,1405.0,2.0,85.0
Gubbalala,2 BHK,1285.0,2.0,90.0
Mahadevpura,2 BHK,1050.0,2.0,42.0
Hebbal,2 BHK,1349.0,2.0,96.8
Sarjapur  Road,4 BHK,4050.0,2.0,450.0
Weavers Colony,1 Bedroom,812.0,1.0,26.0
Udayapur Village,3 BHK,1440.0,2.0,63.93
Sarjapur  Road,4 BHK,2425.0,5.0,195.0
Sultan Palaya,4 BHK,2200.0,3.0,80.0
Haralur Road,3 BHK,1810.0,3.0,112.0
Cox Town,2 BHK,1200.0,2.0,140.0
Electronic City,2 BHK,1060.0,2.0,52.0
Kenchenahalli,2 BHK,1015.0,2.0,60.0
Hosakerehalli,5 Bedroom,1500.0,6.0,145.0
Kothanur,3 BHK,1454.0,3.0,71.5
Annaiah Reddy Layout,2 BHK,1075.0,2.0,48.0
Vidyaranyapura,5 Bedroom,774.0,5.0,70.0
Raja Rajeshwari Nagar,2 BHK,1187.0,2.0,40.14
Hulimavu,1 BHK,500.0,1.0,220.0
Rajarajeshwari Nagara,4 Bedroom,1200.0,5.0,325.0
Billekahalli,3 BHK,1805.0,3.0,134.0
Bannerghatta Road,3 BHK,1527.0,3.0,142.0
Yeshwanthpur,3 BHK,1675.0,3.0,92.13
Rachenahalli,2 BHK,1050.0,2.0,52.71
Ramamurthy Nagar,7 Bedroom,1500.0,9.0,250.0
Bellandur,2 BHK,1262.0,2.0,47.0
Uttarahalli,3 BHK,1345.0,2.0,57.0
Green Glen Layout,3 BHK,1715.0,3.0,112.0
Whitefield,5 Bedroom,3453.0,4.0,231.0
Richards Town,4 BHK,3600.0,5.0,400.0
Raja Rajeshwari Nagar,2 BHK,1141.0,2.0,60.0
Padmanabhanagar,4 BHK,4689.0,4.0,488.0
Doddathoguru,1 BHK,550.0,1.0,17.0
